[{"id":1,"type":"锻造考核","level":1,"formula":"破军剑锻造配方#截灵手套锻造配方#生机石锻造配方#炼魂锁锻造配方","require":100,"consume":"灵石*2000"},{"id":2,"type":"锻造考核","level":2,"formula":"千钧剑锻造配方#千钧指套锻造配方#灵元葫芦锻造配方#幽灵针锻造配方","require":250,"consume":"灵石*3500"},{"id":100,"type":"炼丹考核","level":1,"formula":"凝金丹","require":10,"consume":"灵石*10000"},{"id":101,"type":"炼丹考核","level":2,"formula":"元婴丹","require":20,"consume":"灵石*25000"}]