[{"id":1,"type":"炼丹品级","name":"炼丹学徒","ext":150,"rate":0},{"id":2,"type":"炼丹品级","name":"黄级炼丹师","ext":800,"rate":0.015},{"id":3,"type":"炼丹品级","name":"玄级炼丹师","ext":2500,"rate":0.03},{"id":4,"type":"炼丹品级","name":"地级炼丹师","ext":5000,"rate":0.05},{"id":5,"type":"炼丹品级","name":"天级炼丹师","ext":10000,"rate":0.075},{"id":6,"type":"炼丹品级","name":"圣级炼丹师","ext":20000,"rate":0.1},{"id":7,"type":"炼丹品级","name":"仙级炼丹师","ext":40000,"rate":0.13},{"id":8,"type":"炼丹品级","name":"仙君炼丹师","ext":70000,"rate":0.16},{"id":9,"type":"炼丹品级","name":"仙王炼丹师","ext":120000,"rate":0.2},{"id":10,"type":"炼丹品级","name":"仙帝炼丹师","ext":180000,"rate":0.25},{"id":1,"type":"铸造品级","name":"铸造学徒","ext":150,"rate":0},{"id":2,"type":"铸造品级","name":"黄级铸造师","ext":800,"rate":0.015},{"id":3,"type":"铸造品级","name":"玄级铸造师","ext":2500,"rate":0.03},{"id":4,"type":"铸造品级","name":"地级铸造师","ext":5000,"rate":0.05},{"id":5,"type":"铸造品级","name":"天级铸造师","ext":10000,"rate":0.075},{"id":6,"type":"铸造品级","name":"圣级铸造师","ext":20000,"rate":0.1},{"id":7,"type":"铸造品级","name":"仙级铸造师","ext":40000,"rate":0.13},{"id":8,"type":"铸造品级","name":"仙君铸造师","ext":70000,"rate":0.16},{"id":9,"type":"铸造品级","name":"仙王铸造师","ext":120000,"rate":0.2},{"id":10,"type":"铸造品级","name":"仙帝铸造师","ext":180000,"rate":0.25}]