[{"type":1,"name":"普通弟子殿","level":1,"quality":1,"doorCap":6,"servantCap":10,"strengthConsume":"灵石*300#木材*50","successRate":0.9,"description":"当前等级：1#门人上限：6#仆役上限：10#提升消耗：灵石*300，木材*50#升级成功率：90%"},{"type":1,"name":"普通弟子殿","level":2,"quality":1,"doorCap":6,"servantCap":11,"strengthConsume":"灵石*500#木材*150","successRate":0.9,"description":"当前等级：2#门人上限：6#仆役上限：11#提升消耗：灵石*500，木材*150#升级成功率：90%"},{"type":1,"name":"普通弟子殿","level":3,"quality":1,"doorCap":6,"servantCap":12,"strengthConsume":"灵石*700#木材*250","successRate":0.9,"description":"当前等级：3#门人上限：6#仆役上限：12#提升消耗：灵石*700，木材*250#升级成功率：90%"},{"type":1,"name":"普通弟子殿","level":4,"quality":1,"doorCap":6,"servantCap":13,"strengthConsume":"灵石*900#木材*350","successRate":0.9,"description":"当前等级：4#门人上限：6#仆役上限：13#提升消耗：灵石*900，木材*350#升级成功率：90%"},{"type":1,"name":"普通弟子殿","level":5,"quality":1,"doorCap":6,"servantCap":14,"strengthConsume":"灵石*1100#木材*450","successRate":0.9,"description":"当前等级：5#门人上限：6#仆役上限：14#提升消耗：灵石*1100，木材*450#升级成功率：90%"},{"type":1,"name":"普通弟子殿","level":6,"quality":1,"doorCap":7,"servantCap":15,"strengthConsume":"灵石*1300#木材*550","successRate":0.9,"description":"当前等级：6#门人上限：7#仆役上限：15#提升消耗：灵石*1300，木材*550#升级成功率：90%"},{"type":1,"name":"普通弟子殿","level":7,"quality":1,"doorCap":7,"servantCap":16,"strengthConsume":"灵石*1500#木材*650","successRate":0.9,"description":"当前等级：7#门人上限：7#仆役上限：16#提升消耗：灵石*1500，木材*650#升级成功率：90%"},{"type":1,"name":"普通弟子殿","level":8,"quality":1,"doorCap":7,"servantCap":17,"strengthConsume":"灵石*1700#木材*750","successRate":0.9,"description":"当前等级：8#门人上限：7#仆役上限：17#提升消耗：灵石*1700，木材*750#升级成功率：90%"},{"type":1,"name":"普通弟子殿","level":9,"quality":1,"doorCap":7,"servantCap":18,"strengthConsume":"灵石*1900#木材*850","successRate":0.9,"description":"当前等级：9#门人上限：7#仆役上限：18#提升消耗：灵石*1900，木材*850#升级成功率：90%"},{"type":1,"name":"普通弟子殿","level":10,"quality":1,"doorCap":7,"servantCap":19,"strengthConsume":"灵石*800#木材*600#灵基石*1","successRate":0.25,"description":"当前等级：10#门人上限：7#仆役上限：19#提升消耗：灵石*800，木材*600，灵基石*1#升级成功率：25%"},{"type":1,"name":"黄级弟子殿","level":11,"quality":2,"doorCap":9,"servantCap":24,"strengthConsume":"灵石*2500#木材*1000","successRate":0.7,"description":"当前等级：11#门人上限：9#仆役上限：24#提升消耗：灵石*2500，木材*1000#升级成功率：70%"},{"type":1,"name":"黄级弟子殿","level":12,"quality":2,"doorCap":9,"servantCap":26,"strengthConsume":"灵石*2900#木材*1200","successRate":0.7,"description":"当前等级：12#门人上限：9#仆役上限：26#提升消耗：灵石*2900，木材*1200#升级成功率：70%"},{"type":1,"name":"黄级弟子殿","level":13,"quality":2,"doorCap":9,"servantCap":28,"strengthConsume":"灵石*3300#木材*1400","successRate":0.7,"description":"当前等级：13#门人上限：9#仆役上限：28#提升消耗：灵石*3300，木材*1400#升级成功率：70%"},{"type":1,"name":"黄级弟子殿","level":14,"quality":2,"doorCap":9,"servantCap":30,"strengthConsume":"灵石*3700#木材*1600","successRate":0.7,"description":"当前等级：14#门人上限：9#仆役上限：30#提升消耗：灵石*3700，木材*1600#升级成功率：70%"},{"type":1,"name":"黄级弟子殿","level":15,"quality":2,"doorCap":9,"servantCap":32,"strengthConsume":"灵石*4100#木材*1800","successRate":0.7,"description":"当前等级：15#门人上限：9#仆役上限：32#提升消耗：灵石*4100，木材*1800#升级成功率：70%"},{"type":1,"name":"黄级弟子殿","level":16,"quality":2,"doorCap":11,"servantCap":34,"strengthConsume":"灵石*4500#木材*2000","successRate":0.7,"description":"当前等级：16#门人上限：11#仆役上限：34#提升消耗：灵石*4500，木材*2000#升级成功率：70%"},{"type":1,"name":"黄级弟子殿","level":17,"quality":2,"doorCap":11,"servantCap":36,"strengthConsume":"灵石*4900#木材*2200","successRate":0.7,"description":"当前等级：17#门人上限：11#仆役上限：36#提升消耗：灵石*4900，木材*2200#升级成功率：70%"},{"type":1,"name":"黄级弟子殿","level":18,"quality":2,"doorCap":11,"servantCap":38,"strengthConsume":"灵石*5300#木材*2400","successRate":0.7,"description":"当前等级：18#门人上限：11#仆役上限：38#提升消耗：灵石*5300，木材*2400#升级成功率：70%"},{"type":1,"name":"黄级弟子殿","level":19,"quality":2,"doorCap":11,"servantCap":40,"strengthConsume":"灵石*5700#木材*2600","successRate":0.7,"description":"当前等级：19#门人上限：11#仆役上限：40#提升消耗：灵石*5700，木材*2600#升级成功率：70%"},{"type":1,"name":"黄级弟子殿","level":20,"quality":2,"doorCap":11,"servantCap":42,"strengthConsume":"灵石*1500#木材*1500#镜月云萝木*2","successRate":0.25,"description":"当前等级：20#门人上限：11#仆役上限：42#提升消耗：灵石*1500，木材*1500，镜月云萝木*2#升级成功率：25%"},{"type":1,"name":"玄级弟子殿","level":21,"quality":3,"doorCap":14,"servantCap":48,"strengthConsume":"灵石*7000#木材*3500","successRate":0.6,"description":"当前等级：21#门人上限：14#仆役上限：48#提升消耗：灵石*7000，木材*3500#升级成功率：60%"},{"type":1,"name":"玄级弟子殿","level":22,"quality":3,"doorCap":14,"servantCap":51,"strengthConsume":"灵石*7500#木材*3900","successRate":0.6,"description":"当前等级：22#门人上限：14#仆役上限：51#提升消耗：灵石*7500，木材*3900#升级成功率：60%"},{"type":1,"name":"玄级弟子殿","level":23,"quality":3,"doorCap":14,"servantCap":54,"strengthConsume":"灵石*8000#木材*4300","successRate":0.6,"description":"当前等级：23#门人上限：14#仆役上限：54#提升消耗：灵石*8000，木材*4300#升级成功率：60%"},{"type":1,"name":"玄级弟子殿","level":24,"quality":3,"doorCap":14,"servantCap":57,"strengthConsume":"灵石*8500#木材*4700","successRate":0.6,"description":"当前等级：24#门人上限：14#仆役上限：57#提升消耗：灵石*8500，木材*4700#升级成功率：60%"},{"type":1,"name":"玄级弟子殿","level":25,"quality":3,"doorCap":14,"servantCap":60,"strengthConsume":"灵石*9000#木材*5100","successRate":0.6,"description":"当前等级：25#门人上限：14#仆役上限：60#提升消耗：灵石*9000，木材*5100#升级成功率：60%"},{"type":1,"name":"玄级弟子殿","level":26,"quality":3,"doorCap":17,"servantCap":63,"strengthConsume":"灵石*9500#木材*5500","successRate":0.6,"description":"当前等级：26#门人上限：17#仆役上限：63#提升消耗：灵石*9500，木材*5500#升级成功率：60%"},{"type":1,"name":"玄级弟子殿","level":27,"quality":3,"doorCap":17,"servantCap":66,"strengthConsume":"灵石*10000#木材*5900","successRate":0.6,"description":"当前等级：27#门人上限：17#仆役上限：66#提升消耗：灵石*10000，木材*5900#升级成功率：60%"},{"type":1,"name":"玄级弟子殿","level":28,"quality":3,"doorCap":17,"servantCap":69,"strengthConsume":"灵石*10500#木材*6300","successRate":0.6,"description":"当前等级：28#门人上限：17#仆役上限：69#提升消耗：灵石*10500，木材*6300#升级成功率：60%"},{"type":1,"name":"玄级弟子殿","level":29,"quality":3,"doorCap":17,"servantCap":72,"strengthConsume":"灵石*11000#木材*6700","successRate":0.6,"description":"当前等级：29#门人上限：17#仆役上限：72#提升消耗：灵石*11000，木材*6700#升级成功率：60%"},{"type":1,"name":"玄级弟子殿","level":30,"quality":3,"doorCap":17,"servantCap":75,"strengthConsume":"灵石*3000#木材*3000#缺月灵陨木*3","successRate":0.25,"description":"当前等级：30#门人上限：17#仆役上限：75#提升消耗：灵石*3000，木材*3000，缺月灵陨木*3#升级成功率：25%"},{"type":1,"name":"地级弟子殿","level":31,"quality":4,"doorCap":20,"servantCap":83,"strengthConsume":"灵石*13000#木材*8000","successRate":0.5,"description":"当前等级：31#门人上限：20#仆役上限：83#提升消耗：灵石*13000，木材*8000#升级成功率：50%"},{"type":1,"name":"地级弟子殿","level":32,"quality":4,"doorCap":20,"servantCap":86,"strengthConsume":"灵石*13700#木材*8600","successRate":0.5,"description":"当前等级：32#门人上限：20#仆役上限：86#提升消耗：灵石*13700，木材*8600#升级成功率：50%"},{"type":1,"name":"地级弟子殿","level":33,"quality":4,"doorCap":20,"servantCap":89,"strengthConsume":"灵石*14400#木材*9200","successRate":0.5,"description":"当前等级：33#门人上限：20#仆役上限：89#提升消耗：灵石*14400，木材*9200#升级成功率：50%"},{"type":1,"name":"地级弟子殿","level":34,"quality":4,"doorCap":20,"servantCap":92,"strengthConsume":"灵石*15100#木材*9800","successRate":0.5,"description":"当前等级：34#门人上限：20#仆役上限：92#提升消耗：灵石*15100，木材*9800#升级成功率：50%"},{"type":1,"name":"地级弟子殿","level":35,"quality":4,"doorCap":20,"servantCap":95,"strengthConsume":"灵石*15800#木材*10400","successRate":0.5,"description":"当前等级：35#门人上限：20#仆役上限：95#提升消耗：灵石*15800，木材*10400#升级成功率：50%"},{"type":1,"name":"地级弟子殿","level":36,"quality":4,"doorCap":22,"servantCap":98,"strengthConsume":"灵石*16500#木材*11000","successRate":0.5,"description":"当前等级：36#门人上限：22#仆役上限：98#提升消耗：灵石*16500，木材*11000#升级成功率：50%"},{"type":1,"name":"地级弟子殿","level":37,"quality":4,"doorCap":22,"servantCap":101,"strengthConsume":"灵石*17200#木材*11600","successRate":0.5,"description":"当前等级：37#门人上限：22#仆役上限：101#提升消耗：灵石*17200，木材*11600#升级成功率：50%"},{"type":1,"name":"地级弟子殿","level":38,"quality":4,"doorCap":22,"servantCap":104,"strengthConsume":"灵石*17900#木材*12200","successRate":0.5,"description":"当前等级：38#门人上限：22#仆役上限：104#提升消耗：灵石*17900，木材*12200#升级成功率：50%"},{"type":1,"name":"地级弟子殿","level":39,"quality":4,"doorCap":22,"servantCap":107,"strengthConsume":"灵石*18600#木材*12800","successRate":0.5,"description":"当前等级：39#门人上限：22#仆役上限：107#提升消耗：灵石*18600，木材*12800#升级成功率：50%"},{"type":1,"name":"地级弟子殿","level":40,"quality":4,"doorCap":22,"servantCap":110,"strengthConsume":"灵石*8000#木材*8000#玄阴天德土*3","successRate":0.25,"description":"当前等级：40#门人上限：22#仆役上限：110#提升消耗：灵石*8000，木材*8000，玄阴天德土*3#升级成功率：25%"},{"type":2,"name":"普通锻造殿","level":1,"quality":1,"promoteRate":0.001,"strengthConsume":"灵石*300#木材*50","successRate":0.9,"description":"当前等级：1#额外锻造成功率：0.1%#提升消耗：灵石*300，木材*50#升级成功率：90%#升级获得配方：青锋剑锻造配方","gainFormula":"青锋剑锻造配方"},{"type":2,"name":"普通锻造殿","level":2,"quality":1,"promoteRate":0.002,"strengthConsume":"灵石*500#木材*150","successRate":0.9,"description":"当前等级：2#额外锻造成功率：0.2%#提升消耗：灵石*500，木材*150#升级成功率：90%#升级获得配方：魂纹剑锻造配方","gainFormula":"魂纹剑锻造配方"},{"type":2,"name":"普通锻造殿","level":3,"quality":1,"promoteRate":0.003,"strengthConsume":"灵石*700#木材*250","successRate":0.9,"description":"当前等级：3#额外锻造成功率：0.3%#提升消耗：灵石*700，木材*250#升级成功率：90%#升级获得配方：精铁手套锻造配方","gainFormula":"精铁手套锻造配方"},{"type":2,"name":"普通锻造殿","level":4,"quality":1,"promoteRate":0.004,"strengthConsume":"灵石*900#木材*350","successRate":0.9,"description":"当前等级：4#额外锻造成功率：0.4%#提升消耗：灵石*900，木材*350#升级成功率：90%#升级获得配方：灵木葫锻造配方","gainFormula":"灵木葫锻造配方"},{"type":2,"name":"普通锻造殿","level":5,"quality":1,"promoteRate":0.005,"strengthConsume":"灵石*1100#木材*450","successRate":0.9,"description":"当前等级：5#额外锻造成功率：0.5%#提升消耗：灵石*1100，木材*450#升级成功率：90%#升级获得配方：集魂珠锻造配方","gainFormula":"集魂珠锻造配方"},{"type":2,"name":"普通锻造殿","level":6,"quality":1,"promoteRate":0.006,"strengthConsume":"灵石*1300#木材*550","successRate":0.9,"description":"当前等级：6#额外锻造成功率：0.6%#提升消耗：灵石*1300，木材*550#升级成功率：90%#升级获得配方：无","gainFormula":"无"},{"type":2,"name":"普通锻造殿","level":7,"quality":1,"promoteRate":0.007,"strengthConsume":"灵石*1500#木材*650","successRate":0.9,"description":"当前等级：7#额外锻造成功率：0.7%#提升消耗：灵石*1500，木材*650#升级成功率：90%#升级获得配方：灵丝布衣锻造配方","gainFormula":"灵丝布衣锻造配方"},{"type":2,"name":"普通锻造殿","level":8,"quality":1,"promoteRate":0.008,"strengthConsume":"灵石*1700#木材*750","successRate":0.9,"description":"当前等级：8#额外锻造成功率：0.8%#提升消耗：灵石*1700，木材*750#升级成功率：90%#升级获得配方：灵玉佩锻造配方","gainFormula":"灵玉佩锻造配方"},{"type":2,"name":"普通锻造殿","level":9,"quality":1,"promoteRate":0.009,"strengthConsume":"灵石*1900#木材*850","successRate":0.9,"description":"当前等级：9#额外锻造成功率：0.9%#提升消耗：灵石*1900，木材*850#升级成功率：90%#升级获得配方：轻羽靴锻造配方","gainFormula":"轻羽靴锻造配方"},{"type":2,"name":"普通锻造殿","level":10,"quality":1,"promoteRate":0.01,"strengthConsume":"灵石*800#木材*600#灵基石*1","successRate":0.25,"description":"当前等级：10#额外锻造成功率：1%#提升消耗：灵石*800，木材*600，灵基石*1#升级成功率：25%#升级获得配方：无","gainFormula":"无"},{"type":2,"name":"黄级锻造殿","level":11,"quality":2,"promoteRate":0.013,"strengthConsume":"灵石*2500#木材*1000","successRate":0.7,"description":"当前等级：11#额外锻造成功率：1.3%#提升消耗：灵石*2500，木材*1000#升级成功率：70%#升级获得配方：破军剑锻造配方","gainFormula":"破军剑锻造配方"},{"type":2,"name":"黄级锻造殿","level":12,"quality":2,"promoteRate":0.014,"strengthConsume":"灵石*2900#木材*1200","successRate":0.7,"description":"当前等级：12#额外锻造成功率：1.4%#提升消耗：灵石*2900，木材*1200#升级成功率：70%#升级获得配方：护灵剑锻造配方","gainFormula":"护灵剑锻造配方"},{"type":2,"name":"黄级锻造殿","level":13,"quality":2,"promoteRate":0.015,"strengthConsume":"灵石*3300#木材*1400","successRate":0.7,"description":"当前等级：13#额外锻造成功率：1.5%#提升消耗：灵石*3300，木材*1400#升级成功率：70%#升级获得配方：截灵手套锻造配方","gainFormula":"截灵手套锻造配方"},{"type":2,"name":"黄级锻造殿","level":14,"quality":2,"promoteRate":0.016,"strengthConsume":"灵石*3700#木材*1600","successRate":0.7,"description":"当前等级：14#额外锻造成功率：1.6%#提升消耗：灵石*3700，木材*1600#升级成功率：70%#升级获得配方：生机石锻造配方","gainFormula":"生机石锻造配方"},{"type":2,"name":"黄级锻造殿","level":15,"quality":2,"promoteRate":0.017,"strengthConsume":"灵石*4100#木材*1800","successRate":0.7,"description":"当前等级：15#额外锻造成功率：1.7%#提升消耗：灵石*4100，木材*1800#升级成功率：70%#升级获得配方：炼魂锁锻造配方","gainFormula":"炼魂锁锻造配方"},{"type":2,"name":"黄级锻造殿","level":16,"quality":2,"promoteRate":0.018,"strengthConsume":"灵石*4500#木材*2000","successRate":0.7,"description":"当前等级：16#额外锻造成功率：1.8%#提升消耗：灵石*4500，木材*2000#升级成功率：70%#升级获得配方：无","gainFormula":"无"},{"type":2,"name":"黄级锻造殿","level":17,"quality":2,"promoteRate":0.019,"strengthConsume":"灵石*4900#木材*2200","successRate":0.7,"description":"当前等级：17#额外锻造成功率：1.9%#提升消耗：灵石*4900，木材*2200#升级成功率：70%#升级获得配方：回春甲锻造配方","gainFormula":"回春甲锻造配方"},{"type":2,"name":"黄级锻造殿","level":18,"quality":2,"promoteRate":0.02,"strengthConsume":"灵石*5300#木材*2400","successRate":0.7,"description":"当前等级：18#额外锻造成功率：2%#提升消耗：灵石*5300，木材*2400#升级成功率：70%#升级获得配方：煞念手镯锻造配方","gainFormula":"煞念手镯锻造配方"},{"type":2,"name":"黄级锻造殿","level":19,"quality":2,"promoteRate":0.021,"strengthConsume":"灵石*5700#木材*2600","successRate":0.7,"description":"当前等级：19#额外锻造成功率：2.1%#提升消耗：灵石*5700，木材*2600#升级成功率：70%#升级获得配方：金角靴锻造配方","gainFormula":"金角靴锻造配方"},{"type":2,"name":"黄级锻造殿","level":20,"quality":2,"promoteRate":0.022,"strengthConsume":"灵石*1500#木材*1500#镜月云萝木*2","successRate":0.25,"description":"当前等级：20#额外锻造成功率：2.2%#提升消耗：灵石*1500，木材*1500，镜月云萝木*2#升级成功率：25%#升级获得配方：无","gainFormula":"无"},{"type":2,"name":"玄级锻造殿","level":21,"quality":3,"promoteRate":0.028,"strengthConsume":"灵石*7000#木材*3500","successRate":0.6,"description":"当前等级：21#额外锻造成功率：2.8%#提升消耗：灵石*7000，木材*3500#升级成功率：60%#升级获得配方：千钧剑锻造配方","gainFormula":"千钧剑锻造配方"},{"type":2,"name":"玄级锻造殿","level":22,"quality":3,"promoteRate":0.029,"strengthConsume":"灵石*7500#木材*3900","successRate":0.6,"description":"当前等级：22#额外锻造成功率：2.9%#提升消耗：灵石*7500，木材*3900#升级成功率：60%#升级获得配方：截星剑锻造配方","gainFormula":"截星剑锻造配方"},{"type":2,"name":"玄级锻造殿","level":23,"quality":3,"promoteRate":0.03,"strengthConsume":"灵石*8000#木材*4300","successRate":0.6,"description":"当前等级：23#额外锻造成功率：3%#提升消耗：灵石*8000，木材*4300#升级成功率：60%#升级获得配方：千钧指套锻造配方","gainFormula":"千钧指套锻造配方"},{"type":2,"name":"玄级锻造殿","level":24,"quality":3,"promoteRate":0.031,"strengthConsume":"灵石*8500#木材*4700","successRate":0.6,"description":"当前等级：24#额外锻造成功率：3.1%#提升消耗：灵石*8500，木材*4700#升级成功率：60%#升级获得配方：灵元葫芦锻造配方","gainFormula":"灵元葫芦锻造配方"},{"type":2,"name":"玄级锻造殿","level":25,"quality":3,"promoteRate":0.032,"strengthConsume":"灵石*9000#木材*5100","successRate":0.6,"description":"当前等级：25#额外锻造成功率：3.2%#提升消耗：灵石*9000，木材*5100#升级成功率：60%#升级获得配方：幽灵针锻造配方","gainFormula":"幽灵针锻造配方"},{"type":2,"name":"玄级锻造殿","level":26,"quality":3,"promoteRate":0.033,"strengthConsume":"灵石*9500#木材*5500","successRate":0.6,"description":"当前等级：26#额外锻造成功率：3.3%#提升消耗：灵石*9500，木材*5500#升级成功率：60%#升级获得配方：无","gainFormula":"无"},{"type":2,"name":"玄级锻造殿","level":27,"quality":3,"promoteRate":0.034,"strengthConsume":"灵石*10000#木材*5900","successRate":0.6,"description":"当前等级：27#额外锻造成功率：3.4%#提升消耗：灵石*10000，木材*5900#升级成功率：60%#升级获得配方：风灵袍锻造配方","gainFormula":"风灵袍锻造配方"},{"type":2,"name":"玄级锻造殿","level":28,"quality":3,"promoteRate":0.035,"strengthConsume":"灵石*10500#木材*6300","successRate":0.6,"description":"当前等级：28#额外锻造成功率：3.5%#提升消耗：灵石*10500，木材*6300#升级成功率：60%#升级获得配方：虎阳玉佩锻造配方","gainFormula":"虎阳玉佩锻造配方"},{"type":2,"name":"玄级锻造殿","level":29,"quality":3,"promoteRate":0.036,"strengthConsume":"灵石*11000#木材*6700","successRate":0.6,"description":"当前等级：29#额外锻造成功率：3.6%#提升消耗：灵石*11000，木材*6700#升级成功率：60%#升级获得配方：金光靴锻造配方","gainFormula":"金光靴锻造配方"},{"type":2,"name":"玄级锻造殿","level":30,"quality":3,"promoteRate":0.037,"strengthConsume":"灵石*3000#木材*3000#缺月灵陨木*3","successRate":0.25,"description":"当前等级：30#额外锻造成功率：3.7%#提升消耗：灵石*3000，木材*3000，缺月灵陨木*3#升级成功率：25%#升级获得配方：无","gainFormula":"无"},{"type":2,"name":"地级锻造殿","level":31,"quality":4,"promoteRate":0.045,"strengthConsume":"灵石*13000#木材*8000","successRate":0.5,"description":"当前等级：31#额外锻造成功率：4.5%#提升消耗：灵石*13000，木材*8000#升级成功率：50%#升级获得配方：霸王剑锻造配方","gainFormula":"霸王剑锻造配方"},{"type":2,"name":"地级锻造殿","level":32,"quality":4,"promoteRate":0.047,"strengthConsume":"灵石*13700#木材*8600","successRate":0.5,"description":"当前等级：32#额外锻造成功率：4.7%#提升消耗：灵石*13700，木材*8600#升级成功率：50%#升级获得配方：青阳斧锻造配方","gainFormula":"青阳斧锻造配方"},{"type":2,"name":"地级锻造殿","level":33,"quality":4,"promoteRate":0.049,"strengthConsume":"灵石*14400#木材*9200","successRate":0.5,"description":"当前等级：33#额外锻造成功率：4.9%#提升消耗：灵石*14400，木材*9200#升级成功率：50%#升级获得配方：百晓壶锻造配方","gainFormula":"百晓壶锻造配方"},{"type":2,"name":"地级锻造殿","level":34,"quality":4,"promoteRate":0.051,"strengthConsume":"灵石*15100#木材*9800","successRate":0.5,"description":"当前等级：34#额外锻造成功率：5.1%#提升消耗：灵石*15100，木材*9800#升级成功率：50%#升级获得配方：炼魂塔锻造配方","gainFormula":"炼魂塔锻造配方"},{"type":2,"name":"地级锻造殿","level":35,"quality":4,"promoteRate":0.053,"strengthConsume":"灵石*15800#木材*10400","successRate":0.5,"description":"当前等级：35#额外锻造成功率：5.3%#提升消耗：灵石*15800，木材*10400#升级成功率：50%#升级获得配方：无","gainFormula":"无"},{"type":2,"name":"地级锻造殿","level":36,"quality":4,"promoteRate":0.055,"strengthConsume":"灵石*16500#木材*11000","successRate":0.5,"description":"当前等级：36#额外锻造成功率：5.5%#提升消耗：灵石*16500，木材*11000#升级成功率：50%#升级获得配方：雾晨剑锻造配方","gainFormula":"雾晨剑锻造配方"},{"type":2,"name":"地级锻造殿","level":37,"quality":4,"promoteRate":0.057,"strengthConsume":"灵石*17200#木材*11600","successRate":0.5,"description":"当前等级：37#额外锻造成功率：5.7%#提升消耗：灵石*17200，木材*11600#升级成功率：50%#升级获得配方：裂地锤锻造配方","gainFormula":"裂地锤锻造配方"},{"type":2,"name":"地级锻造殿","level":38,"quality":4,"promoteRate":0.059,"strengthConsume":"灵石*17900#木材*12200","successRate":0.5,"description":"当前等级：38#额外锻造成功率：5.9%#提升消耗：灵石*17900，木材*12200#升级成功率：50%#升级获得配方：清神壶锻造配方","gainFormula":"清神壶锻造配方"},{"type":2,"name":"地级锻造殿","level":39,"quality":4,"promoteRate":0.061,"strengthConsume":"灵石*18600#木材*12800","successRate":0.5,"description":"当前等级：39#额外锻造成功率：6.1%#提升消耗：灵石*18600，木材*12800#升级成功率：50%#升级获得配方：缠心珠锻造配方","gainFormula":"缠心珠锻造配方"},{"type":2,"name":"地级锻造殿","level":40,"quality":4,"promoteRate":0.063,"strengthConsume":"灵石*8000#木材*8000#玄阴天德土*3","successRate":0.25,"description":"当前等级：40#额外锻造成功率：6.3%#提升消耗：灵石*8000，木材*8000#升级成功率：25%#升级获得配方：无","gainFormula":"无"},{"type":3,"name":"普通炼丹殿","level":1,"quality":1,"promoteRate":0.001,"strengthConsume":"灵石*300#木材*50","successRate":0.9,"description":"当前等级：1#额外炼丹成功率：0.1%#提升消耗：灵石*300，木材*50#升级成功率：90%#升级获得配方：筑基丹炼制配方","gainFormula":"筑基丹炼制配方"},{"type":3,"name":"普通炼丹殿","level":2,"quality":1,"promoteRate":0.002,"strengthConsume":"灵石*500#木材*150","successRate":0.9,"description":"当前等级：2#额外炼丹成功率：0.2%#提升消耗：灵石*500，木材*150#升级成功率：90%#升级获得配方：无","gainFormula":"无"},{"type":3,"name":"普通炼丹殿","level":3,"quality":1,"promoteRate":0.003,"strengthConsume":"灵石*700#木材*250","successRate":0.9,"description":"当前等级：3#额外炼丹成功率：0.3%#提升消耗：灵石*700，木材*250#升级成功率：90%#升级获得配方：无","gainFormula":"无"},{"type":3,"name":"普通炼丹殿","level":4,"quality":1,"promoteRate":0.004,"strengthConsume":"灵石*900#木材*350","successRate":0.9,"description":"当前等级：4#额外炼丹成功率：0.4%#提升消耗：灵石*900，木材*350#升级成功率：90%#升级获得配方：无","gainFormula":"无"},{"type":3,"name":"普通炼丹殿","level":5,"quality":1,"promoteRate":0.005,"strengthConsume":"灵石*1100#木材*450","successRate":0.9,"description":"当前等级：5#额外炼丹成功率：0.5%#提升消耗：灵石*1100，木材*450#升级成功率：90%#升级获得配方：无","gainFormula":"无"},{"type":3,"name":"普通炼丹殿","level":6,"quality":1,"promoteRate":0.006,"strengthConsume":"灵石*1300#木材*550","successRate":0.9,"description":"当前等级：6#额外炼丹成功率：0.6%#提升消耗：灵石*1300，木材*550#升级成功率：90%#升级获得配方：无","gainFormula":"无"},{"type":3,"name":"普通炼丹殿","level":7,"quality":1,"promoteRate":0.007,"strengthConsume":"灵石*1500#木材*650","successRate":0.9,"description":"当前等级：7#额外炼丹成功率：0.7%#提升消耗：灵石*1500，木材*650#升级成功率：90%#升级获得配方：无","gainFormula":"无"},{"type":3,"name":"普通炼丹殿","level":8,"quality":1,"promoteRate":0.008,"strengthConsume":"灵石*1700#木材*750","successRate":0.9,"description":"当前等级：8#额外炼丹成功率：0.8%#提升消耗：灵石*1700，木材*750#升级成功率：90%#升级获得配方：无","gainFormula":"无"},{"type":3,"name":"普通炼丹殿","level":9,"quality":1,"promoteRate":0.009,"strengthConsume":"灵石*1900#木材*850","successRate":0.9,"description":"当前等级：9#额外炼丹成功率：0.9%#提升消耗：灵石*1900，木材*850#升级成功率：90%#升级获得配方：无","gainFormula":"无"},{"type":3,"name":"普通炼丹殿","level":10,"quality":1,"promoteRate":0.01,"strengthConsume":"灵石*800#木材*600#灵基石*1","successRate":0.25,"description":"当前等级：10#额外炼丹成功率：1%#提升消耗：灵石*800，木材*600，灵基石*1#升级成功率：25%#升级获得配方：无","gainFormula":"无"},{"type":3,"name":"黄级炼丹殿","level":11,"quality":2,"promoteRate":0.013,"strengthConsume":"灵石*2500#木材*1000","successRate":0.7,"description":"当前等级：11#额外炼丹成功率：1.3%#提升消耗：灵石*2500，木材*1000#升级成功率：70%#升级获得配方：凝金丹炼制配方","gainFormula":"凝金丹炼制配方"},{"type":3,"name":"黄级炼丹殿","level":12,"quality":2,"promoteRate":0.014,"strengthConsume":"灵石*2900#木材*1200","successRate":0.7,"description":"当前等级：12#额外炼丹成功率：1.4%#提升消耗：灵石*2900，木材*1200#升级成功率：70%#升级获得配方：无","gainFormula":"无"},{"type":3,"name":"黄级炼丹殿","level":13,"quality":2,"promoteRate":0.015,"strengthConsume":"灵石*3300#木材*1400","successRate":0.7,"description":"当前等级：13#额外炼丹成功率：1.5%#提升消耗：灵石*3300，木材*1400#升级成功率：70%#升级获得配方：无","gainFormula":"无"},{"type":3,"name":"黄级炼丹殿","level":14,"quality":2,"promoteRate":0.016,"strengthConsume":"灵石*3700#木材*1600","successRate":0.7,"description":"当前等级：14#额外炼丹成功率：1.6%#提升消耗：灵石*3700，木材*1600#升级成功率：70%#升级获得配方：无","gainFormula":"无"},{"type":3,"name":"黄级炼丹殿","level":15,"quality":2,"promoteRate":0.017,"strengthConsume":"灵石*4100#木材*1800","successRate":0.7,"description":"当前等级：15#额外炼丹成功率：1.7%#提升消耗：灵石*4100，木材*1800#升级成功率：70%#升级获得配方：无","gainFormula":"无"},{"type":3,"name":"黄级炼丹殿","level":16,"quality":2,"promoteRate":0.018,"strengthConsume":"灵石*4500#木材*2000","successRate":0.7,"description":"当前等级：16#额外炼丹成功率：1.8%#提升消耗：灵石*4500，木材*2000#升级成功率：70%#升级获得配方：无","gainFormula":"无"},{"type":3,"name":"黄级炼丹殿","level":17,"quality":2,"promoteRate":0.019,"strengthConsume":"灵石*4900#木材*2200","successRate":0.7,"description":"当前等级：17#额外炼丹成功率：1.9%#提升消耗：灵石*4900，木材*2200#升级成功率：70%#升级获得配方：无","gainFormula":"无"},{"type":3,"name":"黄级炼丹殿","level":18,"quality":2,"promoteRate":0.02,"strengthConsume":"灵石*5300#木材*2400","successRate":0.7,"description":"当前等级：18#额外炼丹成功率：2%#提升消耗：灵石*5300，木材*2400#升级成功率：70%#升级获得配方：无","gainFormula":"无"},{"type":3,"name":"黄级炼丹殿","level":19,"quality":2,"promoteRate":0.021,"strengthConsume":"灵石*5700#木材*2600","successRate":0.7,"description":"当前等级：19#额外炼丹成功率：2.1%#提升消耗：灵石*5700，木材*2600#升级成功率：70%#升级获得配方：无","gainFormula":"无"},{"type":3,"name":"黄级炼丹殿","level":20,"quality":2,"promoteRate":0.022,"strengthConsume":"灵石*1500#木材*1500#镜月云萝木*2","successRate":0.25,"description":"当前等级：20#额外炼丹成功率：2.2%#提升消耗：灵石*1500，木材*1500，镜月云萝木*2#升级成功率：25%#升级获得配方：无","gainFormula":"无"},{"type":3,"name":"玄级炼丹殿","level":21,"quality":3,"promoteRate":0.028,"strengthConsume":"灵石*7000#木材*3500","successRate":0.6,"description":"当前等级：21#额外炼丹成功率：2.8%#提升消耗：灵石*7000，木材*3500#升级成功率：60%#升级获得配方：元婴丹炼制配方","gainFormula":"元婴丹炼制配方"},{"type":3,"name":"玄级炼丹殿","level":22,"quality":3,"promoteRate":0.029,"strengthConsume":"灵石*7500#木材*3900","successRate":0.6,"description":"当前等级：22#额外炼丹成功率：2.9%#提升消耗：灵石*7500，木材*3900#升级成功率：60%#升级获得配方：无","gainFormula":"无"},{"type":3,"name":"玄级炼丹殿","level":23,"quality":3,"promoteRate":0.03,"strengthConsume":"灵石*8000#木材*4300","successRate":0.6,"description":"当前等级：23#额外炼丹成功率：3%#提升消耗：灵石*8000，木材*4300#升级成功率：60%#升级获得配方：无","gainFormula":"无"},{"type":3,"name":"玄级炼丹殿","level":24,"quality":3,"promoteRate":0.031,"strengthConsume":"灵石*8500#木材*4700","successRate":0.6,"description":"当前等级：24#额外炼丹成功率：3.1%#提升消耗：灵石*8500，木材*4700#升级成功率：60%#升级获得配方：无","gainFormula":"无"},{"type":3,"name":"玄级炼丹殿","level":25,"quality":3,"promoteRate":0.032,"strengthConsume":"灵石*9000#木材*5100","successRate":0.6,"description":"当前等级：25#额外炼丹成功率：3.2%#提升消耗：灵石*9000，木材*5100#升级成功率：60%#升级获得配方：无","gainFormula":"无"},{"type":3,"name":"玄级炼丹殿","level":26,"quality":3,"promoteRate":0.033,"strengthConsume":"灵石*9500#木材*5500","successRate":0.6,"description":"当前等级：26#额外炼丹成功率：3.3%#提升消耗：灵石*9500，木材*5500#升级成功率：60%#升级获得配方：无","gainFormula":"无"},{"type":3,"name":"玄级炼丹殿","level":27,"quality":3,"promoteRate":0.034,"strengthConsume":"灵石*10000#木材*5900","successRate":0.6,"description":"当前等级：27#额外炼丹成功率：3.4%#提升消耗：灵石*10000，木材*5900#升级成功率：60%#升级获得配方：无","gainFormula":"无"},{"type":3,"name":"玄级炼丹殿","level":28,"quality":3,"promoteRate":0.035,"strengthConsume":"灵石*10500#木材*6300","successRate":0.6,"description":"当前等级：28#额外炼丹成功率：3.5%#提升消耗：灵石*10500，木材*6300#升级成功率：60%#升级获得配方：无","gainFormula":"无"},{"type":3,"name":"玄级炼丹殿","level":29,"quality":3,"promoteRate":0.036,"strengthConsume":"灵石*11000#木材*6700","successRate":0.6,"description":"当前等级：29#额外炼丹成功率：3.6%#提升消耗：灵石*11000，木材*6700#升级成功率：60%#升级获得配方：无","gainFormula":"无"},{"type":3,"name":"玄级炼丹殿","level":30,"quality":3,"promoteRate":0.037,"strengthConsume":"灵石*3000#木材*3000#缺月灵陨木*3","successRate":0.25,"description":"当前等级：30#额外炼丹成功率：3.7%#提升消耗：灵石*3000，木材*3000，缺月灵陨木*3#升级成功率：25%#升级获得配方：无","gainFormula":"无"},{"type":3,"name":"地级炼丹殿","level":31,"quality":4,"promoteRate":0.045,"strengthConsume":"灵石*13000#木材*8000#","successRate":0.5,"description":"当前等级：31#额外炼丹成功率：4.5%#提升消耗：灵石*13000，木材*8000，#升级成功率：50%#升级获得配方：化神丹炼制配方","gainFormula":"化神丹炼制配方"},{"type":3,"name":"地级炼丹殿","level":32,"quality":4,"promoteRate":0.047,"strengthConsume":"灵石*13700#木材*8600#","successRate":0.5,"description":"当前等级：32#额外炼丹成功率：4.7%#提升消耗：灵石*13700，木材*8600，#升级成功率：50%#升级获得配方：无","gainFormula":"无"},{"type":3,"name":"地级炼丹殿","level":33,"quality":4,"promoteRate":0.049,"strengthConsume":"灵石*14400#木材*9200#","successRate":0.5,"description":"当前等级：33#额外炼丹成功率：4.9%#提升消耗：灵石*14400，木材*9200，#升级成功率：50%#升级获得配方：无","gainFormula":"无"},{"type":3,"name":"地级炼丹殿","level":34,"quality":4,"promoteRate":0.051,"strengthConsume":"灵石*15100#木材*9800#","successRate":0.5,"description":"当前等级：34#额外炼丹成功率：5.1%#提升消耗：灵石*15100，木材*9800，#升级成功率：50%#升级获得配方：无","gainFormula":"无"},{"type":3,"name":"地级炼丹殿","level":35,"quality":4,"promoteRate":0.053,"strengthConsume":"灵石*15800#木材*10400#","successRate":0.5,"description":"当前等级：35#额外炼丹成功率：5.3%#提升消耗：灵石*15800，木材*10400，#升级成功率：50%#升级获得配方：无","gainFormula":"无"},{"type":3,"name":"地级炼丹殿","level":36,"quality":4,"promoteRate":0.055,"strengthConsume":"灵石*16500#木材*11000#","successRate":0.5,"description":"当前等级：36#额外炼丹成功率：5.5%#提升消耗：灵石*16500，木材*11000，#升级成功率：50%#升级获得配方：无","gainFormula":"无"},{"type":3,"name":"地级炼丹殿","level":37,"quality":4,"promoteRate":0.057,"strengthConsume":"灵石*17200#木材*11600#","successRate":0.5,"description":"当前等级：37#额外炼丹成功率：5.7%#提升消耗：灵石*17200，木材*11600，#升级成功率：50%#升级获得配方：无","gainFormula":"无"},{"type":3,"name":"地级炼丹殿","level":38,"quality":4,"promoteRate":0.059,"strengthConsume":"灵石*17900#木材*12200#","successRate":0.5,"description":"当前等级：38#额外炼丹成功率：5.9%#提升消耗：灵石*17900，木材*12200，#升级成功率：50%#升级获得配方：无","gainFormula":"无"},{"type":3,"name":"地级炼丹殿","level":39,"quality":4,"promoteRate":0.061,"strengthConsume":"灵石*18600#木材*12800#","successRate":0.5,"description":"当前等级：39#额外炼丹成功率：6.1%#提升消耗：灵石*18600，木材*12800，#升级成功率：50%#升级获得配方：无","gainFormula":"无"},{"type":3,"name":"地级炼丹殿","level":40,"quality":4,"promoteRate":0.063,"strengthConsume":"灵石*8000#木材*8000#玄阴天德土*3","successRate":0.25,"description":"当前等级：40#额外炼丹成功率：6.3%#提升消耗：灵石*8000，木材*8000，玄阴天德土*3#升级成功率：25%#升级获得配方：无","gainFormula":"无"},{"type":4,"name":"普通功法殿","level":1,"quality":1,"appearGf":"无","promoteRate":0.001,"strengthConsume":"灵石*500#木材*100","successRate":0.9,"description":"当前等级：1#额外修法成功率：0.1%#提升消耗：灵石*500，木材*100#升级成功率：90%#下级获得配方：无"},{"type":4,"name":"普通功法殿","level":2,"quality":1,"appearGf":"无","promoteRate":0.002,"strengthConsume":"灵石*1000#木材*300","successRate":0.9,"description":"当前等级：2#额外修法成功率：0.2%#提升消耗：灵石*1000，木材*300#升级成功率：90%#下级获得配方：无"},{"type":4,"name":"普通功法殿","level":3,"quality":1,"appearGf":"无","promoteRate":0.003,"strengthConsume":"灵石*1500#木材*500","successRate":0.9,"description":"当前等级：3#额外修法成功率：0.3%#提升消耗：灵石*1500，木材*500#升级成功率：90%#下级获得配方：无"},{"type":4,"name":"普通功法殿","level":4,"quality":1,"appearGf":"无","promoteRate":0.004,"strengthConsume":"灵石*2000#木材*700","successRate":0.9,"description":"当前等级：4#额外修法成功率：0.4%#提升消耗：灵石*2000，木材*700#升级成功率：90%#下级获得配方：无"},{"type":4,"name":"普通功法殿","level":5,"quality":1,"appearGf":"无","promoteRate":0.005,"strengthConsume":"灵石*2500#木材*900","successRate":0.9,"description":"当前等级：5#额外修法成功率：0.5%#提升消耗：灵石*2500，木材*900#升级成功率：90%#下级获得配方：无"},{"type":4,"name":"普通功法殿","level":6,"quality":1,"appearGf":"无","promoteRate":0.006,"strengthConsume":"灵石*3000#木材*1100","successRate":0.9,"description":"当前等级：6#额外修法成功率：0.6%#提升消耗：灵石*3000，木材*1100#升级成功率：90%#下级获得配方：无"},{"type":4,"name":"普通功法殿","level":7,"quality":1,"appearGf":"无","promoteRate":0.007,"strengthConsume":"灵石*3500#木材*1300","successRate":0.9,"description":"当前等级：7#额外修法成功率：0.7%#提升消耗：灵石*3500，木材*1300#升级成功率：90%#下级获得配方：无"},{"type":4,"name":"普通功法殿","level":8,"quality":1,"appearGf":"无","promoteRate":0.008,"strengthConsume":"灵石*4000#木材*1500","successRate":0.9,"description":"当前等级：8#额外修法成功率：0.8%#提升消耗：灵石*4000，木材*1500#升级成功率：90%#下级获得配方：无"},{"type":4,"name":"普通功法殿","level":9,"quality":1,"appearGf":"无","promoteRate":0.009,"strengthConsume":"灵石*4500#木材*1700","successRate":0.9,"description":"当前等级：9#额外修法成功率：0.9%#提升消耗：灵石*4500，木材*1700#升级成功率：90%#下级获得配方：无"},{"type":4,"name":"普通功法殿","level":10,"quality":1,"appearGf":"无","promoteRate":0.01,"strengthConsume":"灵石*1000#木材*1000#灵基石*1","successRate":0.25,"description":"当前等级：10#额外修法成功率：1%#提升消耗：灵石*1000，木材*1000，灵基石*1#升级成功率：25%#下级获得配方：无"},{"type":4,"name":"黄级功法殿","level":11,"quality":2,"appearGf":"无","promoteRate":0.015,"strengthConsume":"灵石*5000#木材*2000","successRate":0.7,"description":"当前等级：11#额外修法成功率：1.5%#提升消耗：灵石*5000，木材*2000#升级成功率：70%#下级获得配方：无"},{"type":4,"name":"黄级功法殿","level":12,"quality":2,"appearGf":"无","promoteRate":0.016,"strengthConsume":"灵石*5800#木材*2300","successRate":0.7,"description":"当前等级：12#额外修法成功率：1.6%#提升消耗：灵石*5800，木材*2300#升级成功率：70%#下级获得配方：无"},{"type":4,"name":"黄级功法殿","level":13,"quality":2,"appearGf":"无","promoteRate":0.017,"strengthConsume":"灵石*6600#木材*2600","successRate":0.7,"description":"当前等级：13#额外修法成功率：1.7%#提升消耗：灵石*6600，木材*2600#升级成功率：70%#下级获得配方：无"},{"type":4,"name":"黄级功法殿","level":14,"quality":2,"appearGf":"无","promoteRate":0.018,"strengthConsume":"灵石*7400#木材*2900","successRate":0.7,"description":"当前等级：14#额外修法成功率：1.8%#提升消耗：灵石*7400，木材*2900#升级成功率：70%#下级获得配方：无"},{"type":4,"name":"黄级功法殿","level":15,"quality":2,"appearGf":"无","promoteRate":0.019,"strengthConsume":"灵石*8200#木材*3200","successRate":0.7,"description":"当前等级：15#额外修法成功率：1.9%#提升消耗：灵石*8200，木材*3200#升级成功率：70%#下级获得配方：无"},{"type":4,"name":"黄级功法殿","level":16,"quality":2,"appearGf":"无","promoteRate":0.02,"strengthConsume":"灵石*9000#木材*3500","successRate":0.7,"description":"当前等级：16#额外修法成功率：2%#提升消耗：灵石*9000，木材*3500#升级成功率：70%#下级获得配方：无"},{"type":4,"name":"黄级功法殿","level":17,"quality":2,"appearGf":"无","promoteRate":0.021,"strengthConsume":"灵石*9800#木材*3800","successRate":0.7,"description":"当前等级：17#额外修法成功率：2.1%#提升消耗：灵石*9800，木材*3800#升级成功率：70%#下级获得配方：无"},{"type":4,"name":"黄级功法殿","level":18,"quality":2,"appearGf":"无","promoteRate":0.022,"strengthConsume":"灵石*10600#木材*4100","successRate":0.7,"description":"当前等级：18#额外修法成功率：2.2%#提升消耗：灵石*10600，木材*4100#升级成功率：70%#下级获得配方：无"},{"type":4,"name":"黄级功法殿","level":19,"quality":2,"appearGf":"无","promoteRate":0.023,"strengthConsume":"灵石*11400#木材*4400","successRate":0.7,"description":"当前等级：19#额外修法成功率：2.3%#提升消耗：灵石*11400，木材*4400#升级成功率：70%#下级获得配方：无"},{"type":4,"name":"黄级功法殿","level":20,"quality":2,"appearGf":"无","promoteRate":0.024,"strengthConsume":"灵石*2000#木材*2000#镜月云萝木*2","successRate":0.25,"description":"当前等级：20#额外修法成功率：2.4%#提升消耗：灵石*2000，木材*2000，镜月云萝木*2#升级成功率：25%#下级获得配方：无"},{"type":4,"name":"玄级功法殿","level":21,"quality":3,"appearGf":"无","promoteRate":0.03,"strengthConsume":"灵石*12000#木材*5000","successRate":0.6,"description":"当前等级：21#额外修法成功率：3%#提升消耗：灵石*12000，木材*5000#升级成功率：60%#下级获得配方：无"},{"type":4,"name":"玄级功法殿","level":22,"quality":3,"appearGf":"无","promoteRate":0.031,"strengthConsume":"灵石*13000#木材*5500","successRate":0.6,"description":"当前等级：22#额外修法成功率：3.1%#提升消耗：灵石*13000，木材*5500#升级成功率：60%#下级获得配方：无"},{"type":4,"name":"玄级功法殿","level":23,"quality":3,"appearGf":"无","promoteRate":0.032,"strengthConsume":"灵石*14000#木材*6000","successRate":0.6,"description":"当前等级：23#额外修法成功率：3.2%#提升消耗：灵石*14000，木材*6000#升级成功率：60%#下级获得配方：无"},{"type":4,"name":"玄级功法殿","level":24,"quality":3,"appearGf":"无","promoteRate":0.033,"strengthConsume":"灵石*15000#木材*6500","successRate":0.6,"description":"当前等级：24#额外修法成功率：3.3%#提升消耗：灵石*15000，木材*6500#升级成功率：60%#下级获得配方：无"},{"type":4,"name":"玄级功法殿","level":25,"quality":3,"appearGf":"无","promoteRate":0.034,"strengthConsume":"灵石*16000#木材*7000","successRate":0.6,"description":"当前等级：25#额外修法成功率：3.4%#提升消耗：灵石*16000，木材*7000#升级成功率：60%#下级获得配方：无"},{"type":4,"name":"玄级功法殿","level":26,"quality":3,"appearGf":"无","promoteRate":0.035,"strengthConsume":"灵石*17000#木材*7500","successRate":0.6,"description":"当前等级：26#额外修法成功率：3.5%#提升消耗：灵石*17000，木材*7500#升级成功率：60%#下级获得配方：无"},{"type":4,"name":"玄级功法殿","level":27,"quality":3,"appearGf":"无","promoteRate":0.036,"strengthConsume":"灵石*18000#木材*8000","successRate":0.6,"description":"当前等级：27#额外修法成功率：3.6%#提升消耗：灵石*18000，木材*8000#升级成功率：60%#下级获得配方：无"},{"type":4,"name":"玄级功法殿","level":28,"quality":3,"appearGf":"无","promoteRate":0.037,"strengthConsume":"灵石*19000#木材*8500","successRate":0.6,"description":"当前等级：28#额外修法成功率：3.7%#提升消耗：灵石*19000，木材*8500#升级成功率：60%#下级获得配方：无"},{"type":4,"name":"玄级功法殿","level":29,"quality":3,"appearGf":"无","promoteRate":0.038,"strengthConsume":"灵石*20000#木材*9000","successRate":0.6,"description":"当前等级：29#额外修法成功率：3.8%#提升消耗：灵石*20000，木材*9000#升级成功率：60%#下级获得配方：无"},{"type":4,"name":"玄级功法殿","level":30,"quality":3,"appearGf":"无","promoteRate":0.039,"strengthConsume":"灵石*21000#木材*9500#缺月灵陨木*3","successRate":0.25,"description":"当前等级：30#额外修法成功率：3.9%#提升消耗：灵石*21000，木材*9500，缺月灵陨木*3#升级成功率：25%#下级获得配方："}]