[{"count":1,"v1":"气血+10 # 初命丹*1","v2":"灵力+10 # 初命丹*1","v3":"神念+8 # 初命丹*1","v4":"肉身+8 # 初命丹*1","v5":"破甲+8 # 初命丹*1","v6":"格挡+8 # 初命丹*1","v7":"命中+0.001 # 初命丹*1","v8":"躲闪+0.001 # 初命丹*1","v9":"暴击+0.001 # 初命丹*1","v10":"抗暴+0.001 # 初命丹*1","name":"命魂之始"},{"count":2,"v1":"气血+22 # 初命丹*1","v2":"灵力+22 # 初命丹*1","v3":"神念+18 # 初命丹*1","v4":"肉身+18 # 初命丹*1","v5":"破甲+18 # 初命丹*1","v6":"格挡+18 # 初命丹*1","v7":"命中+0.003 # 初命丹*1","v8":"躲闪+0.003 # 初命丹*1","v9":"暴击+0.003 # 初命丹*1","v10":"抗暴+0.003 # 初命丹*1","name":"命魂之始"},{"count":3,"v1":"气血+36 # 初命丹*1","v2":"灵力+36 # 初命丹*1","v3":"神念+30 # 初命丹*1","v4":"肉身+30 # 初命丹*1","v5":"破甲+30 # 初命丹*1","v6":"格挡+30 # 初命丹*1","v7":"命中+0.005 # 初命丹*1","v8":"躲闪+0.005 # 初命丹*1","v9":"暴击+0.005 # 初命丹*1","v10":"抗暴+0.005 # 初命丹*1","name":"命魂之始"},{"count":4,"v1":"气血+52 # 初命丹*1","v2":"灵力+52 # 初命丹*1","v3":"神念+44 # 初命丹*1","v4":"肉身+44 # 初命丹*1","v5":"破甲+44 # 初命丹*1","v6":"格挡+44 # 初命丹*1","v7":"命中+0.007 # 初命丹*1","v8":"躲闪+0.007 # 初命丹*1","v9":"暴击+0.007 # 初命丹*1","v10":"抗暴+0.007 # 初命丹*1","name":"命魂之始"},{"count":5,"v1":"气血+70 # 初命丹*1","v2":"灵力+70 # 初命丹*1","v3":"神念+59 # 初命丹*1","v4":"肉身+59 # 初命丹*1","v5":"破甲+59 # 初命丹*1","v6":"格挡+59 # 初命丹*1","v7":"命中+0.009 # 初命丹*1","v8":"躲闪+0.009 # 初命丹*1","v9":"暴击+0.009 # 初命丹*1","v10":"抗暴+0.009 # 初命丹*1","name":"命魂之始"},{"count":6,"v1":"气血+90 # 初命丹*2","v2":"灵力+90 # 初命丹*2","v3":"神念+76 # 初命丹*2","v4":"肉身+76 # 初命丹*2","v5":"破甲+76 # 初命丹*2","v6":"格挡+76 # 初命丹*2","v7":"命中+0.011 # 初命丹*2","v8":"躲闪+0.011 # 初命丹*2","v9":"暴击+0.011 # 初命丹*2","v10":"抗暴+0.011 # 初命丹*2","name":"命魂之始"},{"count":7,"v1":"气血+112 # 初命丹*2","v2":"灵力+112 # 初命丹*2","v3":"神念+95 # 初命丹*2","v4":"肉身+95 # 初命丹*2","v5":"破甲+95 # 初命丹*2","v6":"格挡+95 # 初命丹*2","v7":"命中+0.013 # 初命丹*2","v8":"躲闪+0.013 # 初命丹*2","v9":"暴击+0.013 # 初命丹*2","v10":"抗暴+0.013 # 初命丹*2","name":"命魂之始"},{"count":8,"v1":"气血+136 # 初命丹*2","v2":"灵力+136 # 初命丹*2","v3":"神念+115 # 初命丹*2","v4":"肉身+115 # 初命丹*2","v5":"破甲+115 # 初命丹*2","v6":"格挡+115 # 初命丹*2","v7":"命中+0.015 # 初命丹*2","v8":"躲闪+0.015 # 初命丹*2","v9":"暴击+0.015 # 初命丹*2","v10":"抗暴+0.015 # 初命丹*2","name":"命魂之始"},{"count":9,"v1":"气血+162 # 初命丹*2","v2":"灵力+162 # 初命丹*2","v3":"神念+137 # 初命丹*2","v4":"肉身+137 # 初命丹*2","v5":"破甲+137 # 初命丹*2","v6":"格挡+137 # 初命丹*2","v7":"命中+0.017 # 初命丹*2","v8":"躲闪+0.017 # 初命丹*2","v9":"暴击+0.017 # 初命丹*2","v10":"抗暴+0.017 # 初命丹*2","name":"命魂之始"},{"count":10,"v1":"气血+190 # 初命丹*2","v2":"灵力+190 # 初命丹*2","v3":"神念+161 # 初命丹*2","v4":"肉身+161 # 初命丹*2","v5":"破甲+161 # 初命丹*2","v6":"格挡+161 # 初命丹*2","v7":"命中+0.019 # 初命丹*2","v8":"躲闪+0.019 # 初命丹*2","v9":"暴击+0.019 # 初命丹*2","v10":"抗暴+0.019 # 初命丹*2","name":"命魂之始"},{"count":11,"v1":"气血+220 # 初命丹*3","v2":"灵力+220 # 初命丹*3","v3":"神念+187 # 初命丹*3","v4":"肉身+187 # 初命丹*3","v5":"破甲+187 # 初命丹*3","v6":"格挡+187 # 初命丹*3","v7":"命中+0.022 # 初命丹*3","v8":"躲闪+0.022 # 初命丹*3","v9":"暴击+0.022 # 初命丹*3","v10":"抗暴+0.022 # 初命丹*3","name":"命魂之始"},{"count":12,"v1":"气血+252 # 初命丹*3","v2":"灵力+252 # 初命丹*3","v3":"神念+214 # 初命丹*3","v4":"肉身+214 # 初命丹*3","v5":"破甲+214 # 初命丹*3","v6":"格挡+214 # 初命丹*3","v7":"命中+0.025 # 初命丹*3","v8":"躲闪+0.025 # 初命丹*3","v9":"暴击+0.025 # 初命丹*3","v10":"抗暴+0.025 # 初命丹*3","name":"命魂之始"},{"count":13,"v1":"气血+286 # 初命丹*3","v2":"灵力+286 # 初命丹*3","v3":"神念+243 # 初命丹*3","v4":"肉身+243 # 初命丹*3","v5":"破甲+243 # 初命丹*3","v6":"格挡+243 # 初命丹*3","v7":"命中+0.028 # 初命丹*3","v8":"躲闪+0.028 # 初命丹*3","v9":"暴击+0.028 # 初命丹*3","v10":"抗暴+0.028 # 初命丹*3","name":"命魂之始"},{"count":14,"v1":"气血+322 # 初命丹*3","v2":"灵力+322 # 初命丹*3","v3":"神念+273 # 初命丹*3","v4":"肉身+273 # 初命丹*3","v5":"破甲+273 # 初命丹*3","v6":"格挡+273 # 初命丹*3","v7":"命中+0.031 # 初命丹*3","v8":"躲闪+0.031 # 初命丹*3","v9":"暴击+0.031 # 初命丹*3","v10":"抗暴+0.031 # 初命丹*3","name":"命魂之始"},{"count":15,"v1":"气血+360 # 初命丹*3","v2":"灵力+360 # 初命丹*3","v3":"神念+306 # 初命丹*3","v4":"肉身+306 # 初命丹*3","v5":"破甲+306 # 初命丹*3","v6":"格挡+306 # 初命丹*3","v7":"命中+0.034 # 初命丹*3","v8":"躲闪+0.034 # 初命丹*3","v9":"暴击+0.034 # 初命丹*3","v10":"抗暴+0.034 # 初命丹*3","name":"命魂之始"},{"count":16,"v1":"气血+400 # 初命丹*4","v2":"灵力+400 # 初命丹*4","v3":"神念+340 # 初命丹*4","v4":"肉身+340 # 初命丹*4","v5":"破甲+340 # 初命丹*4","v6":"格挡+340 # 初命丹*4","v7":"命中+0.037 # 初命丹*4","v8":"躲闪+0.037 # 初命丹*4","v9":"暴击+0.037 # 初命丹*4","v10":"抗暴+0.037 # 初命丹*4","name":"命魂之始"},{"count":17,"v1":"气血+442 # 初命丹*4","v2":"灵力+442 # 初命丹*4","v3":"神念+375 # 初命丹*4","v4":"肉身+375 # 初命丹*4","v5":"破甲+375 # 初命丹*4","v6":"格挡+375 # 初命丹*4","v7":"命中+0.04 # 初命丹*4","v8":"躲闪+0.04 # 初命丹*4","v9":"暴击+0.04 # 初命丹*4","v10":"抗暴+0.04 # 初命丹*4","name":"命魂之始"},{"count":18,"v1":"气血+486 # 初命丹*4","v2":"灵力+486 # 初命丹*4","v3":"神念+413 # 初命丹*4","v4":"肉身+413 # 初命丹*4","v5":"破甲+413 # 初命丹*4","v6":"格挡+413 # 初命丹*4","v7":"命中+0.043 # 初命丹*4","v8":"躲闪+0.043 # 初命丹*4","v9":"暴击+0.043 # 初命丹*4","v10":"抗暴+0.043 # 初命丹*4","name":"命魂之始"},{"count":19,"v1":"气血+532 # 初命丹*4","v2":"灵力+532 # 初命丹*4","v3":"神念+452 # 初命丹*4","v4":"肉身+452 # 初命丹*4","v5":"破甲+452 # 初命丹*4","v6":"格挡+452 # 初命丹*4","v7":"命中+0.046 # 初命丹*4","v8":"躲闪+0.046 # 初命丹*4","v9":"暴击+0.046 # 初命丹*4","v10":"抗暴+0.046 # 初命丹*4","name":"命魂之始"},{"count":20,"v1":"气血+580 # 初命丹*4","v2":"灵力+580 # 初命丹*4","v3":"神念+493 # 初命丹*4","v4":"肉身+493 # 初命丹*4","v5":"破甲+493 # 初命丹*4","v6":"格挡+493 # 初命丹*4","v7":"命中+0.049 # 初命丹*4","v8":"躲闪+0.049 # 初命丹*4","v9":"暴击+0.049 # 初命丹*4","v10":"抗暴+0.049 # 初命丹*4","name":"命魂之始"},{"count":21,"v1":"气血+730 # 窥命丹*1","v2":"灵力+730 # 窥命丹*1","v3":"神念+620 # 窥命丹*1","v4":"肉身+620 # 窥命丹*1","v5":"破甲+620 # 窥命丹*1","v6":"格挡+620 # 窥命丹*1","v7":"命中+0.074 # 窥命丹*1","v8":"躲闪+0.074 # 窥命丹*1","v9":"暴击+0.074 # 窥命丹*1","v10":"抗暴+0.074 # 窥命丹*1","name":"初窥天命"},{"count":22,"v1":"气血+781 # 窥命丹*1","v2":"灵力+781 # 窥命丹*1","v3":"神念+663 # 窥命丹*1","v4":"肉身+663 # 窥命丹*1","v5":"破甲+663 # 窥命丹*1","v6":"格挡+663 # 窥命丹*1","v7":"命中+0.078 # 窥命丹*1","v8":"躲闪+0.078 # 窥命丹*1","v9":"暴击+0.078 # 窥命丹*1","v10":"抗暴+0.078 # 窥命丹*1","name":"初窥天命"},{"count":23,"v1":"气血+833 # 窥命丹*1","v2":"灵力+833 # 窥命丹*1","v3":"神念+708 # 窥命丹*1","v4":"肉身+708 # 窥命丹*1","v5":"破甲+708 # 窥命丹*1","v6":"格挡+708 # 窥命丹*1","v7":"命中+0.082 # 窥命丹*1","v8":"躲闪+0.082 # 窥命丹*1","v9":"暴击+0.082 # 窥命丹*1","v10":"抗暴+0.082 # 窥命丹*1","name":"初窥天命"},{"count":24,"v1":"气血+886 # 窥命丹*1","v2":"灵力+886 # 窥命丹*1","v3":"神念+753 # 窥命丹*1","v4":"肉身+753 # 窥命丹*1","v5":"破甲+753 # 窥命丹*1","v6":"格挡+753 # 窥命丹*1","v7":"命中+0.086 # 窥命丹*1","v8":"躲闪+0.086 # 窥命丹*1","v9":"暴击+0.086 # 窥命丹*1","v10":"抗暴+0.086 # 窥命丹*1","name":"初窥天命"},{"count":25,"v1":"气血+940 # 窥命丹*1","v2":"灵力+940 # 窥命丹*1","v3":"神念+799 # 窥命丹*1","v4":"肉身+799 # 窥命丹*1","v5":"破甲+799 # 窥命丹*1","v6":"格挡+799 # 窥命丹*1","v7":"命中+0.09 # 窥命丹*1","v8":"躲闪+0.09 # 窥命丹*1","v9":"暴击+0.09 # 窥命丹*1","v10":"抗暴+0.09 # 窥命丹*1","name":"初窥天命"},{"count":26,"v1":"气血+995 # 窥命丹*2","v2":"灵力+995 # 窥命丹*2","v3":"神念+845 # 窥命丹*2","v4":"肉身+845 # 窥命丹*2","v5":"破甲+845 # 窥命丹*2","v6":"格挡+845 # 窥命丹*2","v7":"命中+0.094 # 窥命丹*2","v8":"躲闪+0.094 # 窥命丹*2","v9":"暴击+0.094 # 窥命丹*2","v10":"抗暴+0.094 # 窥命丹*2","name":"初窥天命"},{"count":27,"v1":"气血+1051 # 窥命丹*2","v2":"灵力+1051 # 窥命丹*2","v3":"神念+893 # 窥命丹*2","v4":"肉身+893 # 窥命丹*2","v5":"破甲+893 # 窥命丹*2","v6":"格挡+893 # 窥命丹*2","v7":"命中+0.098 # 窥命丹*2","v8":"躲闪+0.098 # 窥命丹*2","v9":"暴击+0.098 # 窥命丹*2","v10":"抗暴+0.098 # 窥命丹*2","name":"初窥天命"},{"count":28,"v1":"气血+1108 # 窥命丹*2","v2":"灵力+1108 # 窥命丹*2","v3":"神念+941 # 窥命丹*2","v4":"肉身+941 # 窥命丹*2","v5":"破甲+941 # 窥命丹*2","v6":"格挡+941 # 窥命丹*2","v7":"命中+0.102 # 窥命丹*2","v8":"躲闪+0.102 # 窥命丹*2","v9":"暴击+0.102 # 窥命丹*2","v10":"抗暴+0.102 # 窥命丹*2","name":"初窥天命"},{"count":29,"v1":"气血+1166 # 窥命丹*2","v2":"灵力+1166 # 窥命丹*2","v3":"神念+991 # 窥命丹*2","v4":"肉身+991 # 窥命丹*2","v5":"破甲+991 # 窥命丹*2","v6":"格挡+991 # 窥命丹*2","v7":"命中+0.106 # 窥命丹*2","v8":"躲闪+0.106 # 窥命丹*2","v9":"暴击+0.106 # 窥命丹*2","v10":"抗暴+0.106 # 窥命丹*2","name":"初窥天命"},{"count":30,"v1":"气血+1225 # 窥命丹*2","v2":"灵力+1225 # 窥命丹*2","v3":"神念+1041 # 窥命丹*2","v4":"肉身+1041 # 窥命丹*2","v5":"破甲+1041 # 窥命丹*2","v6":"格挡+1041 # 窥命丹*2","v7":"命中+0.11 # 窥命丹*2","v8":"躲闪+0.11 # 窥命丹*2","v9":"暴击+0.11 # 窥命丹*2","v10":"抗暴+0.11 # 窥命丹*2","name":"初窥天命"},{"count":31,"v1":"气血+1285 # 窥命丹*3","v2":"灵力+1285 # 窥命丹*3","v3":"神念+1092 # 窥命丹*3","v4":"肉身+1092 # 窥命丹*3","v5":"破甲+1092 # 窥命丹*3","v6":"格挡+1092 # 窥命丹*3","v7":"命中+0.114 # 窥命丹*3","v8":"躲闪+0.114 # 窥命丹*3","v9":"暴击+0.114 # 窥命丹*3","v10":"抗暴+0.114 # 窥命丹*3","name":"初窥天命"},{"count":32,"v1":"气血+1346 # 窥命丹*3","v2":"灵力+1346 # 窥命丹*3","v3":"神念+1144 # 窥命丹*3","v4":"肉身+1144 # 窥命丹*3","v5":"破甲+1144 # 窥命丹*3","v6":"格挡+1144 # 窥命丹*3","v7":"命中+0.118 # 窥命丹*3","v8":"躲闪+0.118 # 窥命丹*3","v9":"暴击+0.118 # 窥命丹*3","v10":"抗暴+0.118 # 窥命丹*3","name":"初窥天命"},{"count":33,"v1":"气血+1408 # 窥命丹*3","v2":"灵力+1408 # 窥命丹*3","v3":"神念+1196 # 窥命丹*3","v4":"肉身+1196 # 窥命丹*3","v5":"破甲+1196 # 窥命丹*3","v6":"格挡+1196 # 窥命丹*3","v7":"命中+0.122 # 窥命丹*3","v8":"躲闪+0.122 # 窥命丹*3","v9":"暴击+0.122 # 窥命丹*3","v10":"抗暴+0.122 # 窥命丹*3","name":"初窥天命"},{"count":34,"v1":"气血+1471 # 窥命丹*3","v2":"灵力+1471 # 窥命丹*3","v3":"神念+1250 # 窥命丹*3","v4":"肉身+1250 # 窥命丹*3","v5":"破甲+1250 # 窥命丹*3","v6":"格挡+1250 # 窥命丹*3","v7":"命中+0.126 # 窥命丹*3","v8":"躲闪+0.126 # 窥命丹*3","v9":"暴击+0.126 # 窥命丹*3","v10":"抗暴+0.126 # 窥命丹*3","name":"初窥天命"},{"count":35,"v1":"气血+1535 # 窥命丹*3","v2":"灵力+1535 # 窥命丹*3","v3":"神念+1304 # 窥命丹*3","v4":"肉身+1304 # 窥命丹*3","v5":"破甲+1304 # 窥命丹*3","v6":"格挡+1304 # 窥命丹*3","v7":"命中+0.13 # 窥命丹*3","v8":"躲闪+0.13 # 窥命丹*3","v9":"暴击+0.13 # 窥命丹*3","v10":"抗暴+0.13 # 窥命丹*3","name":"初窥天命"},{"count":36,"v1":"气血+1600 # 窥命丹*4","v2":"灵力+1600 # 窥命丹*4","v3":"神念+1360 # 窥命丹*4","v4":"肉身+1360 # 窥命丹*4","v5":"破甲+1360 # 窥命丹*4","v6":"格挡+1360 # 窥命丹*4","v7":"命中+0.134 # 窥命丹*4","v8":"躲闪+0.134 # 窥命丹*4","v9":"暴击+0.134 # 窥命丹*4","v10":"抗暴+0.134 # 窥命丹*4","name":"初窥天命"},{"count":37,"v1":"气血+1666 # 窥命丹*4","v2":"灵力+1666 # 窥命丹*4","v3":"神念+1416 # 窥命丹*4","v4":"肉身+1416 # 窥命丹*4","v5":"破甲+1416 # 窥命丹*4","v6":"格挡+1416 # 窥命丹*4","v7":"命中+0.138 # 窥命丹*4","v8":"躲闪+0.138 # 窥命丹*4","v9":"暴击+0.138 # 窥命丹*4","v10":"抗暴+0.138 # 窥命丹*4","name":"初窥天命"},{"count":38,"v1":"气血+1733 # 窥命丹*4","v2":"灵力+1733 # 窥命丹*4","v3":"神念+1473 # 窥命丹*4","v4":"肉身+1473 # 窥命丹*4","v5":"破甲+1473 # 窥命丹*4","v6":"格挡+1473 # 窥命丹*4","v7":"命中+0.142 # 窥命丹*4","v8":"躲闪+0.142 # 窥命丹*4","v9":"暴击+0.142 # 窥命丹*4","v10":"抗暴+0.142 # 窥命丹*4","name":"初窥天命"},{"count":39,"v1":"气血+1801 # 窥命丹*4","v2":"灵力+1801 # 窥命丹*4","v3":"神念+1530 # 窥命丹*4","v4":"肉身+1530 # 窥命丹*4","v5":"破甲+1530 # 窥命丹*4","v6":"格挡+1530 # 窥命丹*4","v7":"命中+0.146 # 窥命丹*4","v8":"躲闪+0.146 # 窥命丹*4","v9":"暴击+0.146 # 窥命丹*4","v10":"抗暴+0.146 # 窥命丹*4","name":"初窥天命"},{"count":40,"v1":"气血+1870 # 窥命丹*4","v2":"灵力+1870 # 窥命丹*4","v3":"神念+1589 # 窥命丹*4","v4":"肉身+1589 # 窥命丹*4","v5":"破甲+1589 # 窥命丹*4","v6":"格挡+1589 # 窥命丹*4","v7":"命中+0.15 # 窥命丹*4","v8":"躲闪+0.15 # 窥命丹*4","v9":"暴击+0.15 # 窥命丹*4","v10":"抗暴+0.15 # 窥命丹*4","name":"初窥天命"},{"count":41,"v1":"气血+2140 # 顺命丹*1","v2":"灵力+2140 # 顺命丹*1","v3":"神念+1819 # 顺命丹*1","v4":"肉身+1819 # 顺命丹*1","v5":"破甲+1819 # 顺命丹*1","v6":"格挡+1819 # 顺命丹*1","v7":"命中+0.2 # 顺命丹*1","v8":"躲闪+0.2 # 顺命丹*1","v9":"暴击+0.2 # 顺命丹*1","v10":"抗暴+0.2 # 顺命丹*1","name":"洞察命格"},{"count":42,"v1":"气血+2211 # 顺命丹*1","v2":"灵力+2211 # 顺命丹*1","v3":"神念+1879 # 顺命丹*1","v4":"肉身+1879 # 顺命丹*1","v5":"破甲+1879 # 顺命丹*1","v6":"格挡+1879 # 顺命丹*1","v7":"命中+0.204 # 顺命丹*1","v8":"躲闪+0.204 # 顺命丹*1","v9":"暴击+0.204 # 顺命丹*1","v10":"抗暴+0.204 # 顺命丹*1","name":"洞察命格"},{"count":43,"v1":"气血+2283 # 顺命丹*1","v2":"灵力+2283 # 顺命丹*1","v3":"神念+1940 # 顺命丹*1","v4":"肉身+1940 # 顺命丹*1","v5":"破甲+1940 # 顺命丹*1","v6":"格挡+1940 # 顺命丹*1","v7":"命中+0.208 # 顺命丹*1","v8":"躲闪+0.208 # 顺命丹*1","v9":"暴击+0.208 # 顺命丹*1","v10":"抗暴+0.208 # 顺命丹*1","name":"洞察命格"},{"count":44,"v1":"气血+2356 # 顺命丹*1","v2":"灵力+2356 # 顺命丹*1","v3":"神念+2002 # 顺命丹*1","v4":"肉身+2002 # 顺命丹*1","v5":"破甲+2002 # 顺命丹*1","v6":"格挡+2002 # 顺命丹*1","v7":"命中+0.212 # 顺命丹*1","v8":"躲闪+0.212 # 顺命丹*1","v9":"暴击+0.212 # 顺命丹*1","v10":"抗暴+0.212 # 顺命丹*1","name":"洞察命格"},{"count":45,"v1":"气血+2430 # 顺命丹*1","v2":"灵力+2430 # 顺命丹*1","v3":"神念+2065 # 顺命丹*1","v4":"肉身+2065 # 顺命丹*1","v5":"破甲+2065 # 顺命丹*1","v6":"格挡+2065 # 顺命丹*1","v7":"命中+0.216 # 顺命丹*1","v8":"躲闪+0.216 # 顺命丹*1","v9":"暴击+0.216 # 顺命丹*1","v10":"抗暴+0.216 # 顺命丹*1","name":"洞察命格"},{"count":46,"v1":"气血+2505 # 顺命丹*2","v2":"灵力+2505 # 顺命丹*2","v3":"神念+2129 # 顺命丹*2","v4":"肉身+2129 # 顺命丹*2","v5":"破甲+2129 # 顺命丹*2","v6":"格挡+2129 # 顺命丹*2","v7":"命中+0.22 # 顺命丹*2","v8":"躲闪+0.22 # 顺命丹*2","v9":"暴击+0.22 # 顺命丹*2","v10":"抗暴+0.22 # 顺命丹*2","name":"洞察命格"},{"count":47,"v1":"气血+2581 # 顺命丹*2","v2":"灵力+2581 # 顺命丹*2","v3":"神念+2193 # 顺命丹*2","v4":"肉身+2193 # 顺命丹*2","v5":"破甲+2193 # 顺命丹*2","v6":"格挡+2193 # 顺命丹*2","v7":"命中+0.224 # 顺命丹*2","v8":"躲闪+0.224 # 顺命丹*2","v9":"暴击+0.224 # 顺命丹*2","v10":"抗暴+0.224 # 顺命丹*2","name":"洞察命格"},{"count":48,"v1":"气血+2658 # 顺命丹*2","v2":"灵力+2658 # 顺命丹*2","v3":"神念+2259 # 顺命丹*2","v4":"肉身+2259 # 顺命丹*2","v5":"破甲+2259 # 顺命丹*2","v6":"格挡+2259 # 顺命丹*2","v7":"命中+0.228 # 顺命丹*2","v8":"躲闪+0.228 # 顺命丹*2","v9":"暴击+0.228 # 顺命丹*2","v10":"抗暴+0.228 # 顺命丹*2","name":"洞察命格"},{"count":49,"v1":"气血+2736 # 顺命丹*2","v2":"灵力+2736 # 顺命丹*2","v3":"神念+2325 # 顺命丹*2","v4":"肉身+2325 # 顺命丹*2","v5":"破甲+2325 # 顺命丹*2","v6":"格挡+2325 # 顺命丹*2","v7":"命中+0.232 # 顺命丹*2","v8":"躲闪+0.232 # 顺命丹*2","v9":"暴击+0.232 # 顺命丹*2","v10":"抗暴+0.232 # 顺命丹*2","name":"洞察命格"},{"count":50,"v1":"气血+2815 # 顺命丹*2","v2":"灵力+2815 # 顺命丹*2","v3":"神念+2392 # 顺命丹*2","v4":"肉身+2392 # 顺命丹*2","v5":"破甲+2392 # 顺命丹*2","v6":"格挡+2392 # 顺命丹*2","v7":"命中+0.236 # 顺命丹*2","v8":"躲闪+0.236 # 顺命丹*2","v9":"暴击+0.236 # 顺命丹*2","v10":"抗暴+0.236 # 顺命丹*2","name":"洞察命格"},{"count":51,"v1":"气血+2895 # 顺命丹*3","v2":"灵力+2895 # 顺命丹*3","v3":"神念+2460 # 顺命丹*3","v4":"肉身+2460 # 顺命丹*3","v5":"破甲+2460 # 顺命丹*3","v6":"格挡+2460 # 顺命丹*3","v7":"命中+0.24 # 顺命丹*3","v8":"躲闪+0.24 # 顺命丹*3","v9":"暴击+0.24 # 顺命丹*3","v10":"抗暴+0.24 # 顺命丹*3","name":"洞察命格"},{"count":52,"v1":"气血+2976 # 顺命丹*3","v2":"灵力+2976 # 顺命丹*3","v3":"神念+2529 # 顺命丹*3","v4":"肉身+2529 # 顺命丹*3","v5":"破甲+2529 # 顺命丹*3","v6":"格挡+2529 # 顺命丹*3","v7":"命中+0.244 # 顺命丹*3","v8":"躲闪+0.244 # 顺命丹*3","v9":"暴击+0.244 # 顺命丹*3","v10":"抗暴+0.244 # 顺命丹*3","name":"洞察命格"},{"count":53,"v1":"气血+3058 # 顺命丹*3","v2":"灵力+3058 # 顺命丹*3","v3":"神念+2599 # 顺命丹*3","v4":"肉身+2599 # 顺命丹*3","v5":"破甲+2599 # 顺命丹*3","v6":"格挡+2599 # 顺命丹*3","v7":"命中+0.248 # 顺命丹*3","v8":"躲闪+0.248 # 顺命丹*3","v9":"暴击+0.248 # 顺命丹*3","v10":"抗暴+0.248 # 顺命丹*3","name":"洞察命格"},{"count":54,"v1":"气血+3141 # 顺命丹*3","v2":"灵力+3141 # 顺命丹*3","v3":"神念+2669 # 顺命丹*3","v4":"肉身+2669 # 顺命丹*3","v5":"破甲+2669 # 顺命丹*3","v6":"格挡+2669 # 顺命丹*3","v7":"命中+0.252 # 顺命丹*3","v8":"躲闪+0.252 # 顺命丹*3","v9":"暴击+0.252 # 顺命丹*3","v10":"抗暴+0.252 # 顺命丹*3","name":"洞察命格"},{"count":55,"v1":"气血+3225 # 顺命丹*3","v2":"灵力+3225 # 顺命丹*3","v3":"神念+2741 # 顺命丹*3","v4":"肉身+2741 # 顺命丹*3","v5":"破甲+2741 # 顺命丹*3","v6":"格挡+2741 # 顺命丹*3","v7":"命中+0.256 # 顺命丹*3","v8":"躲闪+0.256 # 顺命丹*3","v9":"暴击+0.256 # 顺命丹*3","v10":"抗暴+0.256 # 顺命丹*3","name":"洞察命格"},{"count":56,"v1":"气血+3310 # 顺命丹*4","v2":"灵力+3310 # 顺命丹*4","v3":"神念+2813 # 顺命丹*4","v4":"肉身+2813 # 顺命丹*4","v5":"破甲+2813 # 顺命丹*4","v6":"格挡+2813 # 顺命丹*4","v7":"命中+0.26 # 顺命丹*4","v8":"躲闪+0.26 # 顺命丹*4","v9":"暴击+0.26 # 顺命丹*4","v10":"抗暴+0.26 # 顺命丹*4","name":"洞察命格"},{"count":57,"v1":"气血+3396 # 顺命丹*4","v2":"灵力+3396 # 顺命丹*4","v3":"神念+2886 # 顺命丹*4","v4":"肉身+2886 # 顺命丹*4","v5":"破甲+2886 # 顺命丹*4","v6":"格挡+2886 # 顺命丹*4","v7":"命中+0.264 # 顺命丹*4","v8":"躲闪+0.264 # 顺命丹*4","v9":"暴击+0.264 # 顺命丹*4","v10":"抗暴+0.264 # 顺命丹*4","name":"洞察命格"},{"count":58,"v1":"气血+3483 # 顺命丹*4","v2":"灵力+3483 # 顺命丹*4","v3":"神念+2960 # 顺命丹*4","v4":"肉身+2960 # 顺命丹*4","v5":"破甲+2960 # 顺命丹*4","v6":"格挡+2960 # 顺命丹*4","v7":"命中+0.268 # 顺命丹*4","v8":"躲闪+0.268 # 顺命丹*4","v9":"暴击+0.268 # 顺命丹*4","v10":"抗暴+0.268 # 顺命丹*4","name":"洞察命格"},{"count":59,"v1":"气血+3571 # 顺命丹*4","v2":"灵力+3571 # 顺命丹*4","v3":"神念+3035 # 顺命丹*4","v4":"肉身+3035 # 顺命丹*4","v5":"破甲+3035 # 顺命丹*4","v6":"格挡+3035 # 顺命丹*4","v7":"命中+0.272 # 顺命丹*4","v8":"躲闪+0.272 # 顺命丹*4","v9":"暴击+0.272 # 顺命丹*4","v10":"抗暴+0.272 # 顺命丹*4","name":"洞察命格"},{"count":60,"v1":"气血+3660 # 顺命丹*4","v2":"灵力+3660 # 顺命丹*4","v3":"神念+3111 # 顺命丹*4","v4":"肉身+3111 # 顺命丹*4","v5":"破甲+3111 # 顺命丹*4","v6":"格挡+3111 # 顺命丹*4","v7":"命中+0.276 # 顺命丹*4","v8":"躲闪+0.276 # 顺命丹*4","v9":"暴击+0.276 # 顺命丹*4","v10":"抗暴+0.276 # 顺命丹*4","name":"洞察命格"}]