[{"id":1,"name":"平平无奇","quality":1,"greatRealm":1,"rCount":0,"smallRealmRange":"2-2","greatRealmRange":"19-33","masterPromoteGreatRealm":34},{"id":1,"name":"平平无奇","quality":1,"greatRealm":2,"rCount":0,"smallRealmRange":"3-5","greatRealmRange":"28-50","masterPromoteGreatRealm":51},{"id":1,"name":"平平无奇","quality":1,"greatRealm":3,"rCount":0,"smallRealmRange":"4-6","greatRealmRange":"36-66","masterPromoteGreatRealm":68},{"id":1,"name":"平平无奇","quality":1,"greatRealm":4,"rCount":0,"smallRealmRange":"5-9","greatRealmRange":"45-83","masterPromoteGreatRealm":85},{"id":1,"name":"平平无奇","quality":1,"greatRealm":5,"rCount":0,"smallRealmRange":"6-10","greatRealmRange":"54-100","masterPromoteGreatRealm":102},{"id":1,"name":"平平无奇","quality":1,"greatRealm":6,"rCount":0,"smallRealmRange":"7-13","greatRealmRange":"暂无","masterPromoteGreatRealm":null},{"id":1,"name":"平平无奇","quality":1,"greatRealm":1,"rCount":1,"smallRealmRange":"2-4","greatRealmRange":"24-42","masterPromoteGreatRealm":46},{"id":1,"name":"平平无奇","quality":1,"greatRealm":2,"rCount":1,"smallRealmRange":"4-6","greatRealmRange":"35-63","masterPromoteGreatRealm":69},{"id":1,"name":"平平无奇","quality":1,"greatRealm":3,"rCount":1,"smallRealmRange":"5-9","greatRealmRange":"46-84","masterPromoteGreatRealm":92},{"id":1,"name":"平平无奇","quality":1,"greatRealm":4,"rCount":1,"smallRealmRange":"6-12","greatRealmRange":"57-105","masterPromoteGreatRealm":115},{"id":1,"name":"平平无奇","quality":1,"greatRealm":5,"rCount":1,"smallRealmRange":"8-16","greatRealmRange":"68-126","masterPromoteGreatRealm":138},{"id":1,"name":"平平无奇","quality":1,"greatRealm":6,"rCount":1,"smallRealmRange":"10-18","greatRealmRange":"80-146","masterPromoteGreatRealm":161},{"id":1,"name":"平平无奇","quality":1,"greatRealm":7,"rCount":1,"smallRealmRange":"11-21","greatRealmRange":"暂无","masterPromoteGreatRealm":null},{"id":2,"name":"略有慧根","quality":2,"greatRealm":1,"rCount":0,"smallRealmRange":"2-2","greatRealmRange":"24-42","masterPromoteGreatRealm":34},{"id":2,"name":"略有慧根","quality":2,"greatRealm":2,"rCount":0,"smallRealmRange":"3-5","greatRealmRange":"35-63","masterPromoteGreatRealm":51},{"id":2,"name":"略有慧根","quality":2,"greatRealm":3,"rCount":0,"smallRealmRange":"4-8","greatRealmRange":"46-84","masterPromoteGreatRealm":68},{"id":2,"name":"略有慧根","quality":2,"greatRealm":4,"rCount":0,"smallRealmRange":"6-10","greatRealmRange":"57-105","masterPromoteGreatRealm":85},{"id":2,"name":"略有慧根","quality":2,"greatRealm":5,"rCount":0,"smallRealmRange":"7-13","greatRealmRange":"68-126","masterPromoteGreatRealm":102},{"id":2,"name":"略有慧根","quality":2,"greatRealm":6,"rCount":0,"smallRealmRange":"8-16","greatRealmRange":"暂无","masterPromoteGreatRealm":null},{"id":2,"name":"略有慧根","quality":2,"greatRealm":1,"rCount":1,"smallRealmRange":"2-4","greatRealmRange":"28-52","masterPromoteGreatRealm":46},{"id":2,"name":"略有慧根","quality":2,"greatRealm":2,"rCount":1,"smallRealmRange":"4-8","greatRealmRange":"42-76","masterPromoteGreatRealm":69},{"id":2,"name":"略有慧根","quality":2,"greatRealm":3,"rCount":1,"smallRealmRange":"6-12","greatRealmRange":"56-102","masterPromoteGreatRealm":92},{"id":2,"name":"略有慧根","quality":2,"greatRealm":4,"rCount":1,"smallRealmRange":"8-14","greatRealmRange":"69-127","masterPromoteGreatRealm":115},{"id":2,"name":"略有慧根","quality":2,"greatRealm":5,"rCount":1,"smallRealmRange":"10-18","greatRealmRange":"83-153","masterPromoteGreatRealm":138},{"id":2,"name":"略有慧根","quality":2,"greatRealm":6,"rCount":1,"smallRealmRange":"12-22","greatRealmRange":"96-178","masterPromoteGreatRealm":161},{"id":2,"name":"略有慧根","quality":2,"greatRealm":7,"rCount":1,"smallRealmRange":"13-25","greatRealmRange":"暂无","masterPromoteGreatRealm":null},{"id":3,"name":"资质上佳","quality":3,"greatRealm":1,"rCount":0,"smallRealmRange":"2-4","greatRealmRange":"31-55","masterPromoteGreatRealm":34},{"id":3,"name":"资质上佳","quality":3,"greatRealm":2,"rCount":0,"smallRealmRange":"4-8","greatRealmRange":"45-83","masterPromoteGreatRealm":51},{"id":3,"name":"资质上佳","quality":3,"greatRealm":3,"rCount":0,"smallRealmRange":"6-10","greatRealmRange":"60-110","masterPromoteGreatRealm":68},{"id":3,"name":"资质上佳","quality":3,"greatRealm":4,"rCount":0,"smallRealmRange":"8-14","greatRealmRange":"75-139","masterPromoteGreatRealm":85},{"id":3,"name":"资质上佳","quality":3,"greatRealm":5,"rCount":0,"smallRealmRange":"9-17","greatRealmRange":"90-166","masterPromoteGreatRealm":102},{"id":3,"name":"资质上佳","quality":3,"greatRealm":6,"rCount":0,"smallRealmRange":"11-21","greatRealmRange":"暂无","masterPromoteGreatRealm":null},{"id":3,"name":"资质上佳","quality":3,"greatRealm":1,"rCount":1,"smallRealmRange":"3-5","greatRealmRange":"38-68","masterPromoteGreatRealm":46},{"id":3,"name":"资质上佳","quality":3,"greatRealm":2,"rCount":1,"smallRealmRange":"6-10","greatRealmRange":"56-104","masterPromoteGreatRealm":69},{"id":3,"name":"资质上佳","quality":3,"greatRealm":3,"rCount":1,"smallRealmRange":"8-14","greatRealmRange":"75-137","masterPromoteGreatRealm":92},{"id":3,"name":"资质上佳","quality":3,"greatRealm":4,"rCount":1,"smallRealmRange":"10-20","greatRealmRange":"94-172","masterPromoteGreatRealm":115},{"id":3,"name":"资质上佳","quality":3,"greatRealm":5,"rCount":1,"smallRealmRange":"12-24","greatRealmRange":"112-206","masterPromoteGreatRealm":138},{"id":3,"name":"资质上佳","quality":3,"greatRealm":6,"rCount":1,"smallRealmRange":"15-29","greatRealmRange":"131-241","masterPromoteGreatRealm":161},{"id":3,"name":"资质上佳","quality":3,"greatRealm":7,"rCount":1,"smallRealmRange":"17-35","greatRealmRange":"暂无","masterPromoteGreatRealm":null},{"id":4,"name":"百年之才","quality":4,"greatRealm":1,"rCount":0,"smallRealmRange":"3-5","greatRealmRange":"38-68","masterPromoteGreatRealm":34},{"id":4,"name":"百年之才","quality":4,"greatRealm":2,"rCount":0,"smallRealmRange":"5-9","greatRealmRange":"56-104","masterPromoteGreatRealm":51},{"id":4,"name":"百年之才","quality":4,"greatRealm":3,"rCount":0,"smallRealmRange":"7-13","greatRealmRange":"75-137","masterPromoteGreatRealm":68},{"id":4,"name":"百年之才","quality":4,"greatRealm":4,"rCount":0,"smallRealmRange":"9-17","greatRealmRange":"93-171","masterPromoteGreatRealm":85},{"id":4,"name":"百年之才","quality":4,"greatRealm":5,"rCount":0,"smallRealmRange":"11-21","greatRealmRange":"112-206","masterPromoteGreatRealm":102},{"id":4,"name":"百年之才","quality":4,"greatRealm":6,"rCount":0,"smallRealmRange":"13-27","greatRealmRange":"暂无","masterPromoteGreatRealm":null},{"id":4,"name":"百年之才","quality":4,"greatRealm":1,"rCount":1,"smallRealmRange":"4-6","greatRealmRange":"45-81","masterPromoteGreatRealm":46},{"id":4,"name":"百年之才","quality":4,"greatRealm":2,"rCount":1,"smallRealmRange":"6-12","greatRealmRange":"66-122","masterPromoteGreatRealm":69},{"id":4,"name":"百年之才","quality":4,"greatRealm":3,"rCount":1,"smallRealmRange":"9-17","greatRealmRange":"88-162","masterPromoteGreatRealm":92},{"id":4,"name":"百年之才","quality":4,"greatRealm":4,"rCount":1,"smallRealmRange":"12-22","greatRealmRange":"110-202","masterPromoteGreatRealm":115},{"id":4,"name":"百年之才","quality":4,"greatRealm":5,"rCount":1,"smallRealmRange":"14-28","greatRealmRange":"131-243","masterPromoteGreatRealm":138},{"id":4,"name":"百年之才","quality":4,"greatRealm":6,"rCount":1,"smallRealmRange":"17-35","greatRealmRange":"153-283","masterPromoteGreatRealm":161},{"id":4,"name":"百年之才","quality":4,"greatRealm":7,"rCount":1,"smallRealmRange":"20-40","greatRealmRange":"暂无","masterPromoteGreatRealm":null},{"id":5,"name":"千载一遇","quality":5,"greatRealm":1,"rCount":0,"smallRealmRange":"3-5","greatRealmRange":"45-81","masterPromoteGreatRealm":34},{"id":5,"name":"千载一遇","quality":5,"greatRealm":2,"rCount":0,"smallRealmRange":"6-10","greatRealmRange":"67-123","masterPromoteGreatRealm":51},{"id":5,"name":"千载一遇","quality":5,"greatRealm":3,"rCount":0,"smallRealmRange":"8-16","greatRealmRange":"89-163","masterPromoteGreatRealm":68},{"id":5,"name":"千载一遇","quality":5,"greatRealm":4,"rCount":0,"smallRealmRange":"11-21","greatRealmRange":"111-205","masterPromoteGreatRealm":85},{"id":5,"name":"千载一遇","quality":5,"greatRealm":5,"rCount":0,"smallRealmRange":"13-25","greatRealmRange":"133-245","masterPromoteGreatRealm":102},{"id":5,"name":"千载一遇","quality":5,"greatRealm":6,"rCount":0,"smallRealmRange":"15-31","greatRealmRange":"暂无","masterPromoteGreatRealm":null},{"id":5,"name":"千载一遇","quality":5,"greatRealm":1,"rCount":1,"smallRealmRange":"4-8","greatRealmRange":"54-98","masterPromoteGreatRealm":46},{"id":5,"name":"千载一遇","quality":5,"greatRealm":2,"rCount":1,"smallRealmRange":"8-14","greatRealmRange":"80-148","masterPromoteGreatRealm":69},{"id":5,"name":"千载一遇","quality":5,"greatRealm":3,"rCount":1,"smallRealmRange":"11-21","greatRealmRange":"107-197","masterPromoteGreatRealm":92},{"id":5,"name":"千载一遇","quality":5,"greatRealm":4,"rCount":1,"smallRealmRange":"14-28","greatRealmRange":"133-247","masterPromoteGreatRealm":115},{"id":5,"name":"千载一遇","quality":5,"greatRealm":5,"rCount":1,"smallRealmRange":"17-35","greatRealmRange":"160-296","masterPromoteGreatRealm":138},{"id":5,"name":"千载一遇","quality":5,"greatRealm":6,"rCount":1,"smallRealmRange":"21-41","greatRealmRange":"187-345","masterPromoteGreatRealm":161},{"id":5,"name":"千载一遇","quality":5,"greatRealm":7,"rCount":1,"smallRealmRange":"24-48","greatRealmRange":"暂无","masterPromoteGreatRealm":null},{"id":6,"name":"万载鬼才","quality":6,"greatRealm":1,"rCount":0,"smallRealmRange":"4-6","greatRealmRange":"52-96","masterPromoteGreatRealm":34},{"id":6,"name":"万载鬼才","quality":6,"greatRealm":2,"rCount":0,"smallRealmRange":"6-12","greatRealmRange":"77-143","masterPromoteGreatRealm":51},{"id":6,"name":"万载鬼才","quality":6,"greatRealm":3,"rCount":0,"smallRealmRange":"10-18","greatRealmRange":"103-191","masterPromoteGreatRealm":68},{"id":6,"name":"万载鬼才","quality":6,"greatRealm":4,"rCount":0,"smallRealmRange":"12-24","greatRealmRange":"129-237","masterPromoteGreatRealm":85},{"id":6,"name":"万载鬼才","quality":6,"greatRealm":5,"rCount":0,"smallRealmRange":"15-29","greatRealmRange":"154-286","masterPromoteGreatRealm":102},{"id":6,"name":"万载鬼才","quality":6,"greatRealm":6,"rCount":0,"smallRealmRange":"18-36","greatRealmRange":"暂无","masterPromoteGreatRealm":null},{"id":6,"name":"万载鬼才","quality":6,"greatRealm":1,"rCount":1,"smallRealmRange":"4-8","greatRealmRange":"63-117","masterPromoteGreatRealm":46},{"id":6,"name":"万载鬼才","quality":6,"greatRealm":2,"rCount":1,"smallRealmRange":"8-16","greatRealmRange":"95-175","masterPromoteGreatRealm":69},{"id":6,"name":"万载鬼才","quality":6,"greatRealm":3,"rCount":1,"smallRealmRange":"12-24","greatRealmRange":"126-234","masterPromoteGreatRealm":92},{"id":6,"name":"万载鬼才","quality":6,"greatRealm":4,"rCount":1,"smallRealmRange":"16-32","greatRealmRange":"158-292","masterPromoteGreatRealm":115},{"id":6,"name":"万载鬼才","quality":6,"greatRealm":5,"rCount":1,"smallRealmRange":"20-40","greatRealmRange":"189-351","masterPromoteGreatRealm":138},{"id":6,"name":"万载鬼才","quality":6,"greatRealm":6,"rCount":1,"smallRealmRange":"24-48","greatRealmRange":"220-408","masterPromoteGreatRealm":161},{"id":6,"name":"万载鬼才","quality":6,"greatRealm":7,"rCount":1,"smallRealmRange":"28-56","greatRealmRange":"暂无","masterPromoteGreatRealm":null},{"id":7,"name":"绝古妖孽","quality":7,"greatRealm":1,"rCount":0,"smallRealmRange":"4-6","greatRealmRange":"59-109","masterPromoteGreatRealm":34},{"id":7,"name":"绝古妖孽","quality":7,"greatRealm":2,"rCount":0,"smallRealmRange":"7-13","greatRealmRange":"88-162","masterPromoteGreatRealm":51},{"id":7,"name":"绝古妖孽","quality":7,"greatRealm":3,"rCount":0,"smallRealmRange":"10-20","greatRealmRange":"117-217","masterPromoteGreatRealm":68},{"id":7,"name":"绝古妖孽","quality":7,"greatRealm":4,"rCount":0,"smallRealmRange":"13-27","greatRealmRange":"147-271","masterPromoteGreatRealm":85},{"id":7,"name":"绝古妖孽","quality":7,"greatRealm":5,"rCount":0,"smallRealmRange":"17-33","greatRealmRange":"175-325","masterPromoteGreatRealm":102},{"id":7,"name":"绝古妖孽","quality":7,"greatRealm":6,"rCount":0,"smallRealmRange":"20-40","greatRealmRange":"暂无","masterPromoteGreatRealm":null},{"id":7,"name":"绝古妖孽","quality":7,"greatRealm":1,"rCount":1,"smallRealmRange":"5-9","greatRealmRange":"73-135","masterPromoteGreatRealm":46},{"id":7,"name":"绝古妖孽","quality":7,"greatRealm":2,"rCount":1,"smallRealmRange":"10-18","greatRealmRange":"110-202","masterPromoteGreatRealm":69},{"id":7,"name":"绝古妖孽","quality":7,"greatRealm":3,"rCount":1,"smallRealmRange":"14-28","greatRealmRange":"145-269","masterPromoteGreatRealm":92},{"id":7,"name":"绝古妖孽","quality":7,"greatRealm":4,"rCount":1,"smallRealmRange":"19-37","greatRealmRange":"182-336","masterPromoteGreatRealm":115},{"id":7,"name":"绝古妖孽","quality":7,"greatRealm":5,"rCount":1,"smallRealmRange":"23-47","greatRealmRange":"218-404","masterPromoteGreatRealm":138},{"id":7,"name":"绝古妖孽","quality":7,"greatRealm":6,"rCount":1,"smallRealmRange":"28-56","greatRealmRange":"255-471","masterPromoteGreatRealm":161},{"id":7,"name":"绝古妖孽","quality":7,"greatRealm":7,"rCount":1,"smallRealmRange":"32-66","greatRealmRange":"暂无","masterPromoteGreatRealm":null}]