[{
	"id": 1,
	"name": "墨一凡",
	"quality": 4,
	"icon": "107",
	"sex": "男",
	"qualification": "百年之才",
	"specialPhysique": "纯龙血脉",
	"specialGift": "玄级铸造天赋",
	"tiXi": "体修",
	"gongFa": "黑天魔罗功",
	"zhenYing": "正面人物",
	"identity": "黑天大帝",
	"era": "亘古纪元",
	"description": "方羽第一位大弟子，龙族遗弃杂交血脉，为亘古纪元之人\n资质平平无奇，族人唾弃，身世可怜\n为人沉稳老实，因皮肤黝黑，一直被叫做小黑，是方羽最疼爱的弟子之一\n拜师方羽后，开始大放光芒，最终蜕变出真正龙族血脉，独创黑天魔罗功，横推三千界，登上大帝之位\n跟方羽战天墟时，误中奸计，独身一人抵挡百万神隶兽，掩护师尊撤出天墟\n如今生死未卜",
	"p1": "250",
	"p2": "100",
	"p3": "100",
	"p4": "200",
	"p5": "100",
	"p6": "100",
	"p7": "30%",
	"p8": "20%",
	"p9": "20%",
	"p10": "20%",
	"isShow": false,
	"nameColor": "#6666FF"
}, {
	"id": 2,
	"name": "封世元",
	"quality": 4,
	"icon": "112",
	"sex": "男",
	"qualification": "百年之才",
	"specialPhysique": "狂魔体",
	"specialGift": "玄级铸造天赋",
	"tiXi": "体修",
	"gongFa": "轰天锤法",
	"zhenYing": "正面人物",
	"identity": "破天大帝",
	"era": "灵古纪元",
	"description": "方羽第二位弟子，凡人之姿，却有凌天之傲，为灵古纪元之人\n父母双亡，幼年凄惨，一度走上魔道，在方羽的引导下，最终醒悟\n为人聪慧，独创轰天锤法，在帝尊之战中，一锤破碎三千须弥阵，震慑群雄，最终夺得大帝之位\n战天墟时，红尘楼之战，因放不下心中执念，被红尘楼主以无上道法重创，止步天界十八楼\n最终为掩护方羽离开，血祭神魂，一人一锤，抵挡千军\n如今生死未卜",
	"p1": "70",
	"p2": "50",
	"p3": "30",
	"p4": "250",
	"p5": "250",
	"p6": "200",
	"p7": "20%",
	"p8": "20%",
	"p9": "40%",
	"p10": "10%",
	"isShow": false,
	"nameColor": "#6666FF"
}, {
	"id": 3,
	"name": "姜琰",
	"quality": 4,
	"icon": "113",
	"sex": "女",
	"qualification": "百年之才",
	"specialPhysique": "玲珑剑体",
	"specialGift": "玄级炼丹天赋",
	"tiXi": "剑修",
	"gongFa": "缘柳剑典",
	"zhenYing": "正面人物",
	"identity": "剑阁之主",
	"era": "飞古纪元",
	"description": "方羽重生前最后一个弟子，天生玲珑剑体，资质惊人，为飞古纪元之人\n古陀域姜家掌上明珠，机缘巧合之下遇见方羽，最终踏出古陀域，走向三千界\n性情调皮活泼，却也杀伐果断，虽无大帝之名，却拥有击败大帝的实力\n独创缘柳剑典，威可剑隔星河，战天墟时，带领剑阁闯过天界楼，最终惜败于四梵天前\n为掩护方羽离开，自曝本命法宝，以永恒生机截断道灵追杀之路\n如今生死未卜",
	"p1": "100",
	"p2": "150",
	"p3": "300",
	"p4": "100",
	"p5": "150",
	"p6": "100",
	"p7": "30%",
	"p8": "30%",
	"p9": "20%",
	"p10": "20%",
	"isShow": false,
	"nameColor": "#6666FF"
}, {
	"id": 4,
	"name": "少年贾小玉",
	"quality": 2,
	"icon": "122",
	"sex": "男",
	"qualification": "略有慧根",
	"specialPhysique": "霸体血脉",
	"specialGift": "无",
	"tiXi": "体修",
	"gongFa": "贾家斧",
	"zhenYing": "正面人物",
	"identity": "无",
	"era": "神古纪元",
	"description": "贾牛后裔，天生浓郁的霸体血脉，脑子回路异于常人，从贾家村出来后，跟随方羽历练，最终目标是为了娶小巨人翠花，在这点上，跟贾牛一样的痴心\n此时的他，霸体未成，虽然力量强悍，终究不是顶尖战力",
	"p1": "100",
	"p2": "40",
	"p3": "30",
	"p4": "100",
	"p5": "60",
	"p6": "60",
	"p7": "20%",
	"p8": "0%",
	"p9": "20%",
	"p10": "20%",
	"isShow": true,
	"nameColor": "#66FF33"
}, {
	"id": 5,
	"name": "少女苏清菡",
	"quality": 2,
	"icon": "101",
	"sex": "女",
	"qualification": "略有慧根",
	"specialPhysique": "无",
	"specialGift": "黄级炼丹天赋",
	"tiXi": "剑修",
	"gongFa": "水隐剑法",
	"zhenYing": "正面人物",
	"identity": "无",
	"era": "神古纪元",
	"description": "一水派掌门，资质不错，虽不喜争斗，却也愿意扛起一水派的重任，在方羽到来后，总算松了口气，露出原来天真的性格，始终是个单纯的女子\n此时的她只是一个普通修真者，对炼丹略有天赋",
	"p1": "50",
	"p2": "90",
	"p3": "90",
	"p4": "50",
	"p5": "70",
	"p6": "30",
	"p7": "20%",
	"p8": "10%",
	"p9": "10%",
	"p10": "10%",
	"isShow": true,
	"nameColor": "#66FF33"
}, {
	"id": 6,
	"name": "贾班",
	"quality": 2,
	"icon": "121",
	"sex": "男",
	"qualification": "略有慧根",
	"specialPhysique": "无",
	"specialGift": "黄级炼丹天赋",
	"tiXi": "体修",
	"gongFa": "贾家斧",
	"zhenYing": "正面人物",
	"identity": "守墓人",
	"era": "神古纪元",
	"description": "当代守墓人，贾家村村长，把持着墓地跟贾家村的秘密，实力较强\n在完成了自己的使命后，甘心继续守护着贾家村",
	"p1": "60",
	"p2": "60",
	"p3": "60",
	"p4": "100",
	"p5": "70",
	"p6": "30",
	"p7": "20%",
	"p8": "10%",
	"p9": "10%",
	"p10": "10%",
	"isShow": true,
	"nameColor": "#66FF33"
}, {
	"id": 7,
	"name": "少女姜海彤",
	"quality": 2,
	"icon": "111",
	"sex": "女",
	"qualification": "略有慧根",
	"specialPhysique": "无",
	"specialGift": "黄级炼丹天赋",
	"tiXi": "魂修",
	"gongFa": "玄极阵典",
	"zhenYing": "正面人物",
	"identity": "无",
	"era": "神古纪元",
	"description": "姜海锋的妹妹，虽无特殊体质，不过天生神魂比一般人强大，因此被方羽传授阵法之道\n此时的她只是初涉阵法之道，实力不强，随着后续的学习，相信会不断成长",
	"p1": "30",
	"p2": "100",
	"p3": "100",
	"p4": "30",
	"p5": "80",
	"p6": "40",
	"p7": "20%",
	"p8": "10%",
	"p9": "10%",
	"p10": "10%",
	"isShow": true,
	"nameColor": "#66FF33"
}, {
	"id": 8,
	"name": "林天",
	"quality": 3,
	"icon": "114",
	"sex": "男",
	"qualification": "资质上佳",
	"specialPhysique": "花影体",
	"specialGift": "无",
	"tiXi": "剑修",
	"gongFa": "曼陀罗剑法",
	"zhenYing": "正面人物",
	"identity": "黑岚宗继承人",
	"era": "神古纪元",
	"description": "花神宗少年天才修士，花修儒的侄子，资质过人，心性灵通，身份尊贵，联通两大五级修真宗门\n年少好胜，心性却也豁达，是花修儒在花神宗内最信任之人",
	"p1": "70",
	"p2": "90",
	"p3": "90",
	"p4": "90",
	"p5": "90",
	"p6": "50",
	"p7": "25%",
	"p8": "15%",
	"p9": "15%",
	"p10": "15%",
	"isShow": true,
	"nameColor": "#33CCFF"
}, {
	"id": 9,
	"name": "花颜",
	"quality": 3,
	"icon": "118",
	"sex": "女",
	"qualification": "资质上佳",
	"specialPhysique": "白玉双子体",
	"specialGift": "无",
	"tiXi": "剑修",
	"gongFa": "曼陀罗剑法",
	"zhenYing": "正面人物",
	"identity": "花神宗继承人",
	"era": "神古纪元",
	"description": "花修儒的小女儿，花神宗小公主，性格开朗活泼，鬼马调皮，深得众人喜爱\n天生白玉双子体，资质上佳，谁都不服，就服方羽",
	"p1": "50",
	"p2": "100",
	"p3": "100",
	"p4": "80",
	"p5": "100",
	"p6": "50",
	"p7": "15%",
	"p8": "25%",
	"p9": "15%",
	"p10": "15%",
	"isShow": true,
	"nameColor": "#33CCFF"
}, {
	"id": 10,
	"name": "姜海锋",
	"quality": 4,
	"icon": "117",
	"sex": "男",
	"qualification": "百年之才",
	"specialPhysique": "虚兽灵体",
	"specialGift": "黄级铸造天赋",
	"tiXi": "剑修",
	"gongFa": "溟界剑典",
	"zhenYing": "正面人物",
	"identity": "天墟战将",
	"era": "神古纪元",
	"description": "方羽重生后第一个弟子，身怀虚兽灵体，资质惊人，在父母之仇得报后，跟随方羽到处历练，是九战天墟的主将之一\n得传溟界剑典，实力强悍，外表冷漠，对师尊极其尊重",
	"p1": "100",
	"p2": "100",
	"p3": "100",
	"p4": "100",
	"p5": "100",
	"p6": "100",
	"p7": "25%",
	"p8": "18%",
	"p9": "18%",
	"p10": "18%",
	"isShow": true,
	"nameColor": "#6666FF"
}, {
	"id": 11,
	"name": "花修儒",
	"quality": 4,
	"icon": "103",
	"sex": "男",
	"qualification": "百年之才",
	"specialPhysique": "花影灵体",
	"specialGift": "黄级炼丹天赋",
	"tiXi": "剑修",
	"gongFa": "花神典",
	"zhenYing": "正面人物",
	"identity": "花神宗宗主",
	"era": "神古纪元",
	"description": "花神宗当代掌权人，资质惊人，实力强悍，因妻子之死终日郁郁寡欢，直到方羽前来，带给了他一丝希望\n睿智过人，对宗内暗流知而不言，静静等待着爆发的一天",
	"p1": "80",
	"p2": "120",
	"p3": "120",
	"p4": "80",
	"p5": "100",
	"p6": "100",
	"p7": "25%",
	"p8": "24%",
	"p9": "15%",
	"p10": "15%",
	"isShow": true,
	"nameColor": "#6666FF"
}, {
	"id": 12,
	"name": "苏情",
	"quality": 4,
	"icon": "123",
	"sex": "女",
	"qualification": "百年之才",
	"specialPhysique": "璃水灵体",
	"specialGift": "玄级炼丹天赋",
	"tiXi": "剑修",
	"gongFa": "寒水三千",
	"zhenYing": "正面人物",
	"identity": "天外苏家之主",
	"era": "飞古纪元",
	"description": "咫尺天涯，苏神白发三千丈\n痴心无悔，有情总比无情贵\n一个痴情的女子，也是方羽唯一给予承诺之人",
	"p1": "50",
	"p2": "200",
	"p3": "200",
	"p4": "50",
	"p5": "150",
	"p6": "100",
	"p7": "30%",
	"p8": "20%",
	"p9": "20%",
	"p10": "15%",
	"isShow": true,
	"nameColor": "#6666FF"
}, {
	"id": 13,
	"name": "血魔圣",
	"quality": 4,
	"icon": "200",
	"sex": "男",
	"qualification": "百年之才",
	"specialPhysique": "嗜血魔体",
	"specialGift": "玄级铸造天赋",
	"tiXi": "剑修",
	"gongFa": "血天剑典",
	"zhenYing": "反面人物",
	"identity": "血魔道道主",
	"era": "寒古纪元",
	"description": "一出生就被断定无法修炼，因此遭族人唾弃，赶出族门\n流浪二十载，机缘巧合之下得到血灵果，重塑经脉，踏上修真之路\n悟性惊人，奈何幼时经历让其心中充满戾气，创造血天剑典，一己之力开辟血魔之道，在天地间掀起腥风血雨\n天墟之战残杀联军，惹怒无生女帝，身躯被碾至粉末，剩余一丝残魂逃出七灵天，最终无影无踪",
	"p1": "200",
	"p2": "200",
	"p3": "200",
	"p4": "100",
	"p5": "200",
	"p6": "100",
	"p7": "30%",
	"p8": "30%",
	"p9": "30%",
	"p10": "20%",
	"isShow": false,
	"nameColor": "#6666FF"
}, {
	"id": 14,
	"name": "萧羽生",
	"quality": 4,
	"icon": "1000",
	"sex": "男",
	"qualification": "百年之才",
	"specialPhysique": "???",
	"specialGift": "???",
	"tiXi": "???",
	"gongFa": "???",
	"zhenYing": "正面人物",
	"identity": "一指丹帝",
	"era": "生古纪元",
	"description": "方羽的第三位弟子，修真资质一般，却拥有极强的炼丹天赋，为生古纪元之人\n生于炼丹世家，不走正统道路，喜欢研究各种稀奇古怪的丹药，从小有鬼才之称\n虽想法天马行空，始终挣脱不了正统思想的束缚，直到遇见方羽，才打开了一扇新的大门\n一指断生死，炼丹绝冠天地，医术也是无人能及\n战天墟时，与绝丹楼楼主炼丹对决时，被暗算，最终陨落\n临死前，耗尽神魂开启九渊之门，将方羽安全送走",
	"p1": "???",
	"p2": "???",
	"p3": "???",
	"p4": "???",
	"p5": "???",
	"p6": "???",
	"p7": "???",
	"p8": "???",
	"p9": "???",
	"p10": "???",
	"isShow": false,
	"nameColor": "#6666FF"
}, {
	"id": 15,
	"name": "莫笑君",
	"quality": 4,
	"icon": "1000",
	"sex": "男",
	"qualification": "百年之才",
	"specialPhysique": "???",
	"specialGift": "???",
	"tiXi": "???",
	"gongFa": "???",
	"zhenYing": "正面人物",
	"identity": "算天阁主",
	"era": "玄古纪元",
	"description": "方羽的第四位弟子，天生双脚残疾，却心智早慧，为玄古纪元之人\n四岁家族被灭，开始四处流浪，看尽世态炎凉，八岁时以凡人之躯算死金丹修士，堪称妖孽\n得遇方羽，从此走上修真之路，宙道境界堪称前无古人，更开创出了接近开天圣典级别的皇极天衍录\n一念达万古，一眼穿千界，可称作宙道第一人\n战天墟时，算尽天地，却不知身处天地之间，何以算尽天地，最终陨落\n临死前，凝聚一身宙道修为，为方羽补全一魂，撕裂空间，将他安全送走",
	"p1": "???",
	"p2": "???",
	"p3": "???",
	"p4": "???",
	"p5": "???",
	"p6": "???",
	"p7": "???",
	"p8": "???",
	"p9": "???",
	"p10": "???",
	"isShow": false,
	"nameColor": "#6666FF"
}, {
	"id": 16,
	"name": "钟离火",
	"quality": 4,
	"icon": "1000",
	"sex": "男",
	"qualification": "百年之才",
	"specialPhysique": "???",
	"specialGift": "???",
	"tiXi": "???",
	"gongFa": "???",
	"zhenYing": "正面人物",
	"identity": "神兵殿主",
	"era": "火古纪元",
	"description": "方羽的第五位弟子，心智资质均为寻常，却对锻造情有独钟，为火古纪元之人\n生于锻造世家，天赋一般，并不起眼，只是认认真真的锻造每一件装备武器，不达完美之境，绝不罢休\n遇见方羽后，对锻造之道渐渐有了全新认知，加上自身执拗的性格，终成一代神匠\n飞古纪元排名前十的神兵，六把出自钟离火之手，更是耗尽心血，为方羽锻造出了神兵紫血\n联军战天墟时，得益于神兵殿的装备，推进到了无色界，虽然惜败，却也创造了天墟的记录\n溃败之时，钟离火跟殿内十八位长老，牺牲性命，开启破界大阵，撕裂空间，送走方羽",
	"p1": "???",
	"p2": "???",
	"p3": "???",
	"p4": "???",
	"p5": "???",
	"p6": "???",
	"p7": "???",
	"p8": "???",
	"p9": "???",
	"p10": "???",
	"isShow": false,
	"nameColor": "#6666FF"
}, {
	"id": 17,
	"name": "颜悠悠",
	"quality": 4,
	"icon": "200",
	"sex": "女",
	"qualification": "百年之才",
	"specialPhysique": "???",
	"specialGift": "???",
	"tiXi": "???",
	"gongFa": "???",
	"zhenYing": "正面人物",
	"identity": "百灵宗主",
	"era": "奇古纪元",
	"description": "方羽的第七位弟子，资质出众，奈何不喜争斗，钟情于种植之道，为奇古纪元之人\n本是一普通山间少女，与父母相依为命，遇见方羽后也未曾想走上修真之路\n可惜，目睹了父母身染恶疾去世，自己却无能为力之后，终于开始修炼\n心性恬静淡然，不爱争斗，所修之法也是以救人为主，在修真界中颇有美誉\n方羽知道她不喜杀人，于是瞒着她，带领一众修士进入天墟，奈何实力不足，最终溃败\n危机之际，颜悠悠及时赶到，将方羽救走，自己则身受重伤，回天乏术\n临死的一番话，让方羽得知她的心意，最终香消玉殒",
	"p1": "???",
	"p2": "???",
	"p3": "???",
	"p4": "???",
	"p5": "???",
	"p6": "???",
	"p7": "???",
	"p8": "???",
	"p9": "???",
	"p10": "???",
	"isShow": false,
	"nameColor": "#6666FF"
}, {
	"id": 18,
	"name": "洛韶漓",
	"quality": 4,
	"icon": "202",
	"sex": "女",
	"qualification": "百年之才",
	"specialPhysique": "???",
	"specialGift": "???",
	"tiXi": "???",
	"gongFa": "???",
	"zhenYing": "正面人物",
	"identity": "无生女帝",
	"era": "寒古纪元",
	"description": "方羽的第八位弟子，资质平庸，幼年时的经历让她冷若冰霜，为寒古纪元之人\n同族欺辱，父亲冷眼，母亲去世，一切的遭遇让她的心冰封起来，截断一切情感，疯狂修炼\n一次必死之局让她陨落，进入九渊后遇见方羽，在他的指导下觉醒了神魂天赋，完成蜕变\n跟方羽的相遇，让她心的冰冷逐渐消融，拜师后，方羽更是成为了唯一能看到她笑容的人\n从九渊归来，以无上之力横扫八方，夺得帝位，成为第一个女帝\n战天墟时，强突十八楼，最终在三清天力竭，燃烧神魂送走方羽\n是方羽内心最愧疚之人",
	"p1": "???",
	"p2": "???",
	"p3": "???",
	"p4": "???",
	"p5": "???",
	"p6": "???",
	"p7": "???",
	"p8": "???",
	"p9": "???",
	"p10": "???",
	"isShow": false,
	"nameColor": "#6666FF"
}, {
	"id": 19,
	"name": "唐连楼",
	"quality": 5,
	"icon": "201",
	"sex": "男",
	"qualification": "千载一遇",
	"specialPhysique": "???",
	"specialGift": "???",
	"tiXi": "???",
	"gongFa": "???",
	"zhenYing": "反面人物",
	"identity": "绝天大帝",
	"era": "魔古纪元",
	"description": "方羽的第六位弟子，心智资质均为所有弟子中最出众，也是最被寄予厚望的一个，为魔古纪元之人\n天生顶级特殊体质七曜体，家世显赫，横扫同辈无敌手，年少即被称为准帝，有大帝之相\n遇见方羽后，更是在他的指点下，创造出绝天魔功这部惊天地的开天圣典，一举夺得大帝之位\n然而，见识到天墟的可怕后，心性脆弱的一面即展露出来，跟天界十八楼勾结，葬送联军八千万修士\n方羽早就隐隐感觉到唐连楼的不妥，最终依靠后手逃离天墟\n方羽发誓，此逆徒，必须由他亲手送入九渊",
	"p1": "???",
	"p2": "???",
	"p3": "???",
	"p4": "???",
	"p5": "???",
	"p6": "???",
	"p7": "???",
	"p8": "???",
	"p9": "???",
	"p10": "???",
	"isShow": false,
	"nameColor": "#FF0000"
}, {
	"id": 20,
	"name": "荒古巨圣",
	"quality": 4,
	"icon": "1000",
	"sex": "男",
	"qualification": "百年之才",
	"specialPhysique": "???",
	"specialGift": "???",
	"tiXi": "???",
	"gongFa": "???",
	"zhenYing": "正面人物",
	"identity": "荒古星之王",
	"era": "飞古纪元",
	"description": "飞古纪元荒古星的王者，实力称圣，强悍无比\n荒古星为巨人族领域，族人各个天赋异禀，拥有极强的战斗力\n荒古巨圣身为巨人族之王，实力更是逆天，怒极之际，曾一拳轰爆一个星球，震慑群雄\n当初，为了迎娶荒古星小公主，贾牛将霸体激发至最强之境，跟巨圣打了三个月，最终得到认可，抱得美人归\n于天墟一役，荒古巨圣与率领的八百巨人族被设计偷袭，最终团灭",
	"p1": "???",
	"p2": "???",
	"p3": "???",
	"p4": "???",
	"p5": "???",
	"p6": "???",
	"p7": "???",
	"p8": "???",
	"p9": "???",
	"p10": "???",
	"isShow": false,
	"nameColor": "#6666FF"
}, {
	"id": 21,
	"name": "鬼龙圣",
	"quality": 4,
	"icon": "1000",
	"sex": "男",
	"qualification": "百年之才",
	"specialPhysique": "???",
	"specialGift": "???",
	"tiXi": "???",
	"gongFa": "???",
	"zhenYing": "反面人物",
	"identity": "鬼界圣者",
	"era": "灵古纪元",
	"description": "灵古纪元，九渊鬼界圣者，能自由进出九渊，是幽魂族之人\n幽魂族为一特殊种族，天生神魂强大，成年之际，会褪去肉身，成为精魂生命\n方羽在灵古纪元时，为寻一特殊材料，深入九渊鬼界，最终与鬼龙圣爆发冲突，历经生死之下，最终逃离九渊\n封帝之战时，封世元连锤三千八百六十七锤，终将鬼龙圣神魂湮灭",
	"p1": "???",
	"p2": "???",
	"p3": "???",
	"p4": "???",
	"p5": "???",
	"p6": "???",
	"p7": "???",
	"p8": "???",
	"p9": "???",
	"p10": "???",
	"isShow": false,
	"nameColor": "#6666FF"
}, {
	"id": 22,
	"name": "天音古圣",
	"quality": 4,
	"icon": "1000",
	"sex": "女",
	"qualification": "百年之才",
	"specialPhysique": "???",
	"specialGift": "???",
	"tiXi": "???",
	"gongFa": "???",
	"zhenYing": "反面人物",
	"identity": "天音门之主",
	"era": "奇古纪元",
	"description": "奇古纪元，天音门门主，擅长音波功，在神念方面的造诣极深\n天音古圣未成圣前，与颜悠悠乃金兰姐妹，可惜，因误会而决裂，从此，天音门跟百灵宗成为死敌，门下恩怨纠缠理不清，道不明\n与颜悠悠对决上百次，天音古圣无一胜绩，为求获胜，不惜铤而走险，修炼炎鬼魔龙诀，最终走火入魔，彻底沦为杀戮机器，最终被颜悠悠亲手击杀\n是一个可怜又可恨的女子",
	"p1": "???",
	"p2": "???",
	"p3": "???",
	"p4": "???",
	"p5": "???",
	"p6": "???",
	"p7": "???",
	"p8": "???",
	"p9": "???",
	"p10": "???",
	"isShow": false,
	"nameColor": "#6666FF"
}, {
	"id": 23,
	"name": "墨奇",
	"quality": 4,
	"icon": "1000",
	"sex": "男",
	"qualification": "百年之才",
	"specialPhysique": "???",
	"specialGift": "???",
	"tiXi": "???",
	"gongFa": "???",
	"zhenYing": "反面人物",
	"identity": "红尘楼主",
	"era": "灵古纪元",
	"description": "灵古纪元，天墟红尘楼楼主，幼年时天赋惊人，心智沉稳，被誉为少年准帝\n在封帝之战中，跟封世元最终对决，以些微之差落败，无缘大帝之位\n心神备受打击之下，被招入天墟，担任红尘楼楼主之位，同时被传授万念渡尘功，实力突飞猛进\n天墟之战时，与封世元再次对决，最终抓住破天大帝心中的执念，将其彻底击败，报了当年夺取帝位之仇\n击败封世元后，自身也受创甚重，隐入红尘楼中，潜伏修养",
	"p1": "???",
	"p2": "???",
	"p3": "???",
	"p4": "???",
	"p5": "???",
	"p6": "???",
	"p7": "???",
	"p8": "???",
	"p9": "???",
	"p10": "???",
	"isShow": false,
	"nameColor": "#6666FF"
}, {
	"id": 24,
	"name": "南宫尘",
	"quality": 4,
	"icon": "1000",
	"sex": "男",
	"qualification": "百年之才",
	"specialPhysique": "???",
	"specialGift": "???",
	"tiXi": "???",
	"gongFa": "???",
	"zhenYing": "反面人物",
	"identity": "绝丹楼主",
	"era": "生古纪元",
	"description": "生古纪元，天墟绝丹楼楼主，修炼天赋跟炼丹天赋都惊为天人，有希望成为第一位以丹称帝之人\n封帝之战中，炼制出了史无前例的一元凝生丹，本可以微弱之势击败萧羽生，成为第一位丹帝\n然而，一元凝生丹是以百万生灵精血之源为基才能炼成，此举将折损帝尊之德，因此，这事被当场揭穿之后，南宫尘只能黯然离场，最终被招入天墟，担任绝丹楼楼主之位\n天墟之战中，再次与萧羽生对决，此时发现，昔日手下败将，有了帝尊之位加持，丹药之道已然超越自己，心生怨恨之下，施展诡计暗算，最终击败萧羽生，自己也神魂撕裂，回归绝丹楼修养",
	"p1": "???",
	"p2": "???",
	"p3": "???",
	"p4": "???",
	"p5": "???",
	"p6": "???",
	"p7": "???",
	"p8": "???",
	"p9": "???",
	"p10": "???",
	"isShow": false,
	"nameColor": "#6666FF"
}, {
	"id": 25,
	"name": "寒青",
	"quality": 4,
	"icon": "1000",
	"sex": "男",
	"qualification": "百年之才",
	"specialPhysique": "???",
	"specialGift": "???",
	"tiXi": "???",
	"gongFa": "???",
	"zhenYing": "反面人物",
	"identity": "修罗阁阁主",
	"era": "飞古纪元",
	"description": "飞古纪元，修罗阁阁主，实力近圣，称霸整个修罗星域\n原本以他的天赋，只要沉下心来认真修炼，成圣指日可待\n奈何，在遇到姜琰后，被其美貌气质所迷，想要将她强行纳为妻妾\n此时，姜琰初出茅庐，实力不强，计谋算尽之下，用了三年时间才逃出修罗星域，避开寒青的追捕\n剑阁成立后，寒青不死心，率领修罗阁一众高手前往剑阁逼亲，却不知姜琰此时的实力已经堪称大帝\n最终被一剑刺穿神魂，身死道消",
	"p1": "???",
	"p2": "???",
	"p3": "???",
	"p4": "???",
	"p5": "???",
	"p6": "???",
	"p7": "???",
	"p8": "???",
	"p9": "???",
	"p10": "???",
	"isShow": false,
	"nameColor": "#6666FF"
}, {
	"id": 26,
	"name": "百里暮血",
	"quality": 4,
	"icon": "1000",
	"sex": "男",
	"qualification": "百年之才",
	"specialPhysique": "???",
	"specialGift": "???",
	"tiXi": "???",
	"gongFa": "???",
	"zhenYing": "反面人物",
	"identity": "天邪宗宗主",
	"era": "飞古纪元",
	"description": "飞古纪元，天邪宗宗主，实力近圣，其父为雄霸一方的邪鬼圣\n百里暮血好剑，对于各种神兵的爱好近乎疯狂，不得到绝不罢休\n为了抢夺姜琰手中的青雨，设计陷害，导致姜琰被八大家族追杀，数番死里逃生\n在邪鬼圣意外陨落后，失去靠山，天邪宗被昔日仇敌围剿而亡，百里暮血重伤逃离，失去踪影",
	"p1": "???",
	"p2": "???",
	"p3": "???",
	"p4": "???",
	"p5": "???",
	"p6": "???",
	"p7": "???",
	"p8": "???",
	"p9": "???",
	"p10": "???",
	"isShow": false,
	"nameColor": "#6666FF"
}, {
	"id": 27,
	"name": "狐玥白",
	"quality": 5,
	"icon": "203",
	"sex": "女",
	"qualification": "千载一遇",
	"specialPhysique": "???",
	"specialGift": "???",
	"tiXi": "???",
	"gongFa": "???",
	"zhenYing": "正面人物",
	"identity": "噬天狐圣",
	"era": "亘古纪元",
	"description": "亘古纪元，唯一的噬天狐，实力超出一般圣者，为当时狐族统帅\n与墨一凡的相遇让她认识了方羽，从此走上了一条不一样的道路\n独特的噬天神通让狐玥白迅速成圣，然而，在方羽面前，她仍然是那个单纯的小狐狸\n天墟之战，联军轻进中计，狐玥白抵挡千军，最终香消玉殒，成为方羽心中永远的痛",
	"p1": "???",
	"p2": "???",
	"p3": "???",
	"p4": "???",
	"p5": "???",
	"p6": "???",
	"p7": "???",
	"p8": "???",
	"p9": "???",
	"p10": "???",
	"isShow": false,
	"nameColor": "#FF0000"
}]
