[{"id":1,"name":"青锋剑","propertyType":"肉身","quality":1,"initialRange":"40-80","extraRange":"40-80"},{"id":2,"name":"魂纹剑","propertyType":"神念","quality":1,"initialRange":"40-80","extraRange":"40-80"},{"id":3,"name":"破军剑","propertyType":"肉身","quality":1,"initialRange":"56-112","extraRange":"56-112"},{"id":4,"name":"护灵剑","propertyType":"神念","quality":1,"initialRange":"56-112","extraRange":"56-112"},{"id":5,"name":"秋水剑","propertyType":"肉身","quality":2,"initialRange":"140-280","extraRange":"140-280"},{"id":6,"name":"魔水剑","propertyType":"神念","quality":2,"initialRange":"140-280","extraRange":"140-280"},{"id":7,"name":"千钧剑","propertyType":"肉身","quality":2,"initialRange":"80-160","extraRange":"80-160"},{"id":8,"name":"截星剑","propertyType":"神念","quality":2,"initialRange":"80-160","extraRange":"80-160"},{"id":9,"name":"煞灵剑","propertyType":"肉身","quality":2,"initialRange":"104-208","extraRange":"104-208"},{"id":10,"name":"罡星剑","propertyType":"神念","quality":2,"initialRange":"104-208","extraRange":"104-208"},{"id":11,"name":"霸王剑","propertyType":"肉身","quality":3,"initialRange":"144-288","extraRange":"144-288"},{"id":12,"name":"雾晨剑","propertyType":"神念","quality":3,"initialRange":"144-288","extraRange":"144-288"},{"id":13,"name":"乾元血离剑","propertyType":"肉身","quality":3,"initialRange":"200-400","extraRange":"200-400"},{"id":14,"name":"镇邪赤阳剑","propertyType":"神念","quality":3,"initialRange":"212-424","extraRange":"212-424"},{"id":15,"name":"飞仙明王剑","propertyType":"肉身","quality":4,"initialRange":"320-640","extraRange":"320-640"},{"id":16,"name":"天极幻月剑","propertyType":"神念","quality":4,"initialRange":"320-640","extraRange":"320-640"},{"id":17,"name":"极罡古霆剑","propertyType":"破甲","quality":4,"initialRange":"320-640","extraRange":"320-640"},{"id":18,"name":"无恨玄星剑","propertyType":"格挡","quality":4,"initialRange":"320-640","extraRange":"320-640"},{"id":19,"name":"悲灵长生剑","propertyType":"气血","quality":5,"initialRange":"520-1040","extraRange":"520-1040"},{"id":20,"name":"南斗飞圣剑","propertyType":"灵力","quality":5,"initialRange":"520-1040","extraRange":"520-1040"},{"id":21,"name":"孤华千梦剑","propertyType":"神念","quality":5,"initialRange":"520-1040","extraRange":"520-1040"},{"id":22,"name":"巨圣翻云剑","propertyType":"肉身","quality":5,"initialRange":"520-1040","extraRange":"520-1040"},{"id":23,"name":"惊龙凌天剑","propertyType":"破甲","quality":5,"initialRange":"520-1040","extraRange":"520-1040"},{"id":24,"name":"九鼎镇天剑","propertyType":"格挡","quality":5,"initialRange":"520-1040","extraRange":"520-1040"},{"id":201,"name":"精铁手套","propertyType":"肉身","quality":1,"initialRange":"40-80","extraRange":"40-80"},{"id":202,"name":"血精手套","propertyType":"气血","quality":1,"initialRange":"40-80","extraRange":"40-80"},{"id":203,"name":"截灵手套","propertyType":"肉身","quality":1,"initialRange":"56-112","extraRange":"56-112"},{"id":204,"name":"破灵手套","propertyType":"气血","quality":1,"initialRange":"56-112","extraRange":"56-112"},{"id":205,"name":"黑元手套","propertyType":"肉身","quality":2,"initialRange":"140-280","extraRange":"140-280"},{"id":206,"name":"玄纹真灵盾","propertyType":"气血","quality":2,"initialRange":"140-280","extraRange":"140-280"},{"id":207,"name":"千钧指套","propertyType":"肉身","quality":2,"initialRange":"80-160","extraRange":"80-160"},{"id":208,"name":"汲血爪","propertyType":"气血","quality":2,"initialRange":"80-160","extraRange":"80-160"},{"id":209,"name":"虎阳手套","propertyType":"肉身","quality":2,"initialRange":"104-208","extraRange":"104-208"},{"id":210,"name":"断流斧","propertyType":"气血","quality":2,"initialRange":"104-208","extraRange":"104-208"},{"id":211,"name":"青阳斧","propertyType":"肉身","quality":3,"initialRange":"144-288","extraRange":"144-288"},{"id":212,"name":"裂地锤","propertyType":"气血","quality":3,"initialRange":"144-288","extraRange":"144-288"},{"id":213,"name":"九阴腐灵爪","propertyType":"肉身","quality":3,"initialRange":"200-400","extraRange":"200-400"},{"id":214,"name":"固山定海盾","propertyType":"气血","quality":3,"initialRange":"212-424","extraRange":"212-424"},{"id":215,"name":"大日长空棍","propertyType":"破甲","quality":4,"initialRange":"320-640","extraRange":"320-640"},{"id":216,"name":"黑玄立天盾","propertyType":"格挡","quality":4,"initialRange":"320-640","extraRange":"320-640"},{"id":217,"name":"娑影古晶手","propertyType":"气血","quality":4,"initialRange":"320-640","extraRange":"320-640"},{"id":218,"name":"四时巨灵锤","propertyType":"肉身","quality":4,"initialRange":"320-640","extraRange":"320-640"},{"id":401,"name":"灵木葫","propertyType":"灵力","quality":1,"initialRange":"40-80","extraRange":"40-80"},{"id":402,"name":"容念壶","propertyType":"神念","quality":1,"initialRange":"40-80","extraRange":"40-80"},{"id":403,"name":"生机石","propertyType":"灵力","quality":1,"initialRange":"56-112","extraRange":"56-112"},{"id":404,"name":"护身壶","propertyType":"神念","quality":1,"initialRange":"56-112","extraRange":"56-112"},{"id":405,"name":"小阴阳壶","propertyType":"灵力","quality":2,"initialRange":"140-280","extraRange":"140-280"},{"id":406,"name":"炼心壶","propertyType":"神念","quality":2,"initialRange":"140-280","extraRange":"140-280"},{"id":407,"name":"灵元葫芦","propertyType":"灵力","quality":2,"initialRange":"80-160","extraRange":"80-160"},{"id":408,"name":"炼魂石","propertyType":"神念","quality":2,"initialRange":"80-160","extraRange":"80-160"},{"id":409,"name":"血元葫芦","propertyType":"灵力","quality":2,"initialRange":"104-208","extraRange":"104-208"},{"id":410,"name":"土灵杖","propertyType":"神念","quality":2,"initialRange":"104-208","extraRange":"104-208"},{"id":411,"name":"百晓壶","propertyType":"灵力","quality":3,"initialRange":"144-288","extraRange":"144-288"},{"id":412,"name":"清神壶","propertyType":"神念","quality":3,"initialRange":"144-288","extraRange":"144-288"},{"id":413,"name":"星雷葫芦","propertyType":"灵力","quality":3,"initialRange":"200-400","extraRange":"200-400"},{"id":414,"name":"映月四灵杖","propertyType":"神念","quality":3,"initialRange":"212-424","extraRange":"212-424"},{"id":415,"name":"一尘千影镜","propertyType":"神念","quality":4,"initialRange":"320-640","extraRange":"320-640"},{"id":416,"name":"月落镇鬼杖","propertyType":"破甲","quality":4,"initialRange":"320-640","extraRange":"320-640"},{"id":417,"name":"三清醉葫芦","propertyType":"气血","quality":4,"initialRange":"320-640","extraRange":"320-640"},{"id":418,"name":"破邪定心石","propertyType":"格挡","quality":4,"initialRange":"320-640","extraRange":"320-640"},{"id":601,"name":"集魂珠","propertyType":"神念","quality":1,"initialRange":"40-80","extraRange":"40-80"},{"id":602,"name":"噬魂珠","propertyType":"破甲","quality":1,"initialRange":"40-80","extraRange":"40-80"},{"id":603,"name":"炼魂锁","propertyType":"神念","quality":1,"initialRange":"56-112","extraRange":"56-112"},{"id":604,"name":"噬灵针","propertyType":"破甲","quality":1,"initialRange":"56-112","extraRange":"56-112"},{"id":605,"name":"鬼邪子母环","propertyType":"神念","quality":2,"initialRange":"140-280","extraRange":"140-280"},{"id":606,"name":"魔念爪","propertyType":"破甲","quality":2,"initialRange":"140-280","extraRange":"140-280"},{"id":607,"name":"幽灵针","propertyType":"神念","quality":2,"initialRange":"80-160","extraRange":"80-160"},{"id":608,"name":"冥鬼指套","propertyType":"破甲","quality":2,"initialRange":"80-160","extraRange":"80-160"},{"id":609,"name":"百魂珠","propertyType":"神念","quality":2,"initialRange":"104-208","extraRange":"104-208"},{"id":610,"name":"黑乌杖","propertyType":"破甲","quality":2,"initialRange":"104-208","extraRange":"104-208"},{"id":611,"name":"炼魂塔","propertyType":"神念","quality":3,"initialRange":"144-288","extraRange":"144-288"},{"id":612,"name":"缠心珠","propertyType":"破甲","quality":3,"initialRange":"144-288","extraRange":"144-288"},{"id":613,"name":"血元珠","propertyType":"神念","quality":3,"initialRange":"200-400","extraRange":"200-400"},{"id":614,"name":"墨羽黑毒杖","propertyType":"破甲","quality":3,"initialRange":"212-424","extraRange":"212-424"},{"id":615,"name":"魔光炎鬼爪","propertyType":"破甲","quality":4,"initialRange":"320-640","extraRange":"320-640"},{"id":616,"name":"苍冥光月珠","propertyType":"气血","quality":4,"initialRange":"320-640","extraRange":"320-640"},{"id":617,"name":"孤星幻音杖","propertyType":"神念","quality":4,"initialRange":"320-640","extraRange":"320-640"},{"id":618,"name":"幽璃三宝塔","propertyType":"格挡","quality":4,"initialRange":"320-640","extraRange":"320-640"},{"id":801,"name":"灵丝布衣","propertyType":"格挡","quality":1,"initialRange":"40-80","extraRange":"40-80"},{"id":802,"name":"铁母火灵甲","propertyType":"肉身","quality":1,"initialRange":"56-112","extraRange":"56-112"},{"id":803,"name":"回春甲","propertyType":"气血","quality":1,"initialRange":"56-112","extraRange":"56-112"},{"id":804,"name":"流纱注灵衣","propertyType":"灵力","quality":1,"initialRange":"56-112","extraRange":"56-112"},{"id":805,"name":"风灵袍","propertyType":"格挡","quality":2,"initialRange":"80-160","extraRange":"80-160"},{"id":806,"name":"金阳甲","propertyType":"气血","quality":2,"initialRange":"104-208","extraRange":"104-208"},{"id":807,"name":"死寂幽魂衣","propertyType":"神念","quality":2,"initialRange":"132-264","extraRange":"132-264"},{"id":808,"name":"血战擎雷甲","propertyType":"肉身","quality":2,"initialRange":"152-304","extraRange":"152-304"},{"id":809,"name":"龙鳞衣","propertyType":"格挡","quality":3,"initialRange":"180-360","extraRange":"180-360"},{"id":810,"name":"冥煞无常甲","propertyType":"破甲","quality":3,"initialRange":"180-360","extraRange":"180-360"},{"id":811,"name":"雷霆摧山袍","propertyType":"肉身","quality":3,"initialRange":"232-464","extraRange":"232-464"},{"id":812,"name":"碧纹魔魂衣","propertyType":"神念","quality":3,"initialRange":"232-464","extraRange":"232-464"},{"id":813,"name":"仁王重天衣","propertyType":"神念","quality":4,"initialRange":"320-640","extraRange":"320-640"},{"id":814,"name":"渡星长空袍","propertyType":"灵力","quality":4,"initialRange":"320-640","extraRange":"320-640"},{"id":815,"name":"绝魄千山铠","propertyType":"肉身","quality":4,"initialRange":"320-640","extraRange":"320-640"},{"id":816,"name":"九阳绝阴甲","propertyType":"气血","quality":4,"initialRange":"320-640","extraRange":"320-640"},{"id":1001,"name":"灵玉佩","propertyType":"气血","quality":1,"initialRange":"40-80","extraRange":"40-80"},{"id":1002,"name":"灵光佩","propertyType":"灵力","quality":1,"initialRange":"44-88","extraRange":"44-88"},{"id":1003,"name":"煞念手镯","propertyType":"神念","quality":1,"initialRange":"52-104","extraRange":"52-104"},{"id":1004,"name":"护灵指环","propertyType":"格挡","quality":1,"initialRange":"56-112","extraRange":"56-112"},{"id":1005,"name":"虎阳玉佩","propertyType":"气血","quality":2,"initialRange":"80-160","extraRange":"80-160"},{"id":1006,"name":"清灵手镯","propertyType":"灵力","quality":2,"initialRange":"104-208","extraRange":"104-208"},{"id":1007,"name":"天音戒","propertyType":"神念","quality":2,"initialRange":"140-280","extraRange":"140-280"},{"id":1008,"name":"镇鬼戒","propertyType":"破甲","quality":2,"initialRange":"156-312","extraRange":"156-312"},{"id":1009,"name":"破劫手环","propertyType":"破甲","quality":3,"initialRange":"192-384","extraRange":"192-384"},{"id":1010,"name":"血虹玉佩","propertyType":"气血","quality":3,"initialRange":"204-408","extraRange":"204-408"},{"id":1011,"name":"无定指环","propertyType":"肉身","quality":3,"initialRange":"220-440","extraRange":"220-440"},{"id":1012,"name":"九宫阙镯","propertyType":"格挡","quality":3,"initialRange":"240-480","extraRange":"240-480"},{"id":1013,"name":"玄如曲影佩","propertyType":"灵力","quality":4,"initialRange":"320-640","extraRange":"320-640"},{"id":1014,"name":"幽泉梦回戒","propertyType":"神念","quality":4,"initialRange":"320-640","extraRange":"320-640"},{"id":1015,"name":"金阳八龙镯","propertyType":"肉身","quality":4,"initialRange":"320-640","extraRange":"320-640"},{"id":1016,"name":"星魁鬼骨环","propertyType":"格挡","quality":4,"initialRange":"320-640","extraRange":"320-640"},{"id":1201,"name":"轻羽靴","propertyType":"灵力","quality":1,"initialRange":"40-80","extraRange":"40-80"},{"id":1202,"name":"灵羽靴","propertyType":"神念","quality":1,"initialRange":"46-92","extraRange":"46-92"},{"id":1203,"name":"金角靴","propertyType":"破甲","quality":1,"initialRange":"52-104","extraRange":"52-104"},{"id":1204,"name":"力斗靴","propertyType":"肉身","quality":1,"initialRange":"56-112","extraRange":"56-112"},{"id":1205,"name":"金光靴","propertyType":"灵力","quality":2,"initialRange":"80-160","extraRange":"80-160"},{"id":1206,"name":"逍遥云纹靴","propertyType":"格挡","quality":2,"initialRange":"104-208","extraRange":"104-208"},{"id":1207,"name":"赤焰靴","propertyType":"破甲","quality":2,"initialRange":"140-280","extraRange":"140-280"},{"id":1208,"name":"甲木春灵靴","propertyType":"气血","quality":2,"initialRange":"160-320","extraRange":"160-320"},{"id":1209,"name":"罗云靴","propertyType":"格挡","quality":3,"initialRange":"192-384","extraRange":"192-384"},{"id":1210,"name":"三炎绝魔靴","propertyType":"破甲","quality":3,"initialRange":"204-408","extraRange":"204-408"},{"id":1211,"name":"碧空青莲靴","propertyType":"神念","quality":3,"initialRange":"220-440","extraRange":"220-440"},{"id":1212,"name":"天武聚灵靴","propertyType":"灵力","quality":3,"initialRange":"240-480","extraRange":"240-480"},{"id":1213,"name":"冰魄三叠靴","propertyType":"破甲","quality":4,"initialRange":"320-640","extraRange":"320-640"},{"id":1214,"name":"无忧晓月靴","propertyType":"气血","quality":4,"initialRange":"320-640","extraRange":"320-640"},{"id":1215,"name":"火乌惊雷靴","propertyType":"格挡","quality":4,"initialRange":"320-640","extraRange":"320-640"},{"id":1216,"name":"飞梦大灵靴","propertyType":"灵力","quality":4,"initialRange":"320-640","extraRange":"320-640"}]