[{"quality":1,"level":0,"consumeXs":"仙石*0","consumeLs":"灵石*0"},{"quality":1,"level":1,"consumeXs":"仙石*50","consumeLs":"灵石*20000"},{"quality":1,"level":2,"consumeXs":"仙石*100","consumeLs":"灵石*40000"},{"quality":1,"level":3,"consumeXs":"仙石*150","consumeLs":"灵石*60000"},{"quality":1,"level":4,"consumeXs":"仙石*200","consumeLs":"灵石*100000"},{"quality":2,"level":0,"consumeXs":"仙石*0","consumeLs":"灵石*0"},{"quality":2,"level":1,"consumeXs":"仙石*100","consumeLs":"灵石*50000"},{"quality":2,"level":2,"consumeXs":"仙石*180","consumeLs":"灵石*100000"},{"quality":2,"level":3,"consumeXs":"仙石*250","consumeLs":"灵石*150000"},{"quality":2,"level":4,"consumeXs":"仙石*350","consumeLs":"灵石*250000"},{"quality":3,"level":0,"consumeXs":"仙石*0","consumeLs":"灵石*0"},{"quality":3,"level":1,"consumeXs":"仙石*200","consumeLs":"灵石*100000"},{"quality":3,"level":2,"consumeXs":"仙石*300","consumeLs":"灵石*180000"},{"quality":3,"level":3,"consumeXs":"仙石*400","consumeLs":"灵石*260000"},{"quality":3,"level":4,"consumeXs":"仙石*500","consumeLs":"灵石*400000"},{"quality":4,"level":0,"consumeXs":"仙石*0","consumeLs":"灵石*0"},{"quality":4,"level":1,"consumeXs":"仙石*300","consumeLs":"灵石*200000"},{"quality":4,"level":2,"consumeXs":"仙石*450","consumeLs":"灵石*300000"},{"quality":4,"level":3,"consumeXs":"仙石*600","consumeLs":"灵石*450000"},{"quality":4,"level":4,"consumeXs":"仙石*800","consumeLs":"灵石*600000"}]