[{"quality":1,"count":0,"text":"（凡尘）","color":"#FFFFFF"},{"quality":1,"count":1,"text":"（无华）","color":"#CCFFCC"},{"quality":1,"count":2,"text":"（余垢）","color":"#CCFF00"},{"quality":1,"count":3,"text":"（一炬）","color":"#00FF00"},{"quality":1,"count":4,"text":"（五蕴）","color":"#99FFFF"},{"quality":1,"count":5,"text":"（归元）","color":"#00CCFF"},{"quality":2,"count":0,"text":"（无华）","color":"#CCFFCC"},{"quality":2,"count":1,"text":"（余垢）","color":"#CCFF00"},{"quality":2,"count":2,"text":"（一炬）","color":"#00FF00"},{"quality":2,"count":3,"text":"（五蕴）","color":"#99FFFF"},{"quality":2,"count":4,"text":"（归元）","color":"#00CCFF"},{"quality":2,"count":5,"text":"（十方）","color":"#0033FF"},{"quality":3,"count":0,"text":"（余垢）","color":"#CCFF00"},{"quality":3,"count":1,"text":"（一炬）","color":"#00FF00"},{"quality":3,"count":2,"text":"（五蕴）","color":"#99FFFF"},{"quality":3,"count":3,"text":"（归元）","color":"#00CCFF"},{"quality":3,"count":4,"text":"（十方）","color":"#0033FF"},{"quality":3,"count":5,"text":"（转日）","color":"#FF6600"},{"quality":4,"count":0,"text":"（一炬）","color":"#00FF00"},{"quality":4,"count":1,"text":"（五蕴）","color":"#99FFFF"},{"quality":4,"count":2,"text":"（归元）","color":"#00CCFF"},{"quality":4,"count":3,"text":"（十方）","color":"#0033FF"},{"quality":4,"count":4,"text":"（转日）","color":"#FF6600"},{"quality":4,"count":5,"text":"（血陨）","color":"#FF0000"},{"quality":5,"count":0,"text":"（五蕴）","color":"#99FFFF"},{"quality":5,"count":1,"text":"（归元）","color":"#00CCFF"},{"quality":5,"count":2,"text":"（十方）","color":"#0033FF"},{"quality":5,"count":3,"text":"（转日）","color":"#FF6600"},{"quality":5,"count":4,"text":"（血陨）","color":"#FF0000"},{"quality":5,"count":5,"text":"（紫曦）","color":"#6633FF"}]