[{"quality":1,"rate0":0.8,"rate1":0.15,"rate2":0.04,"rate3":0.01,"rate4":0,"rate5":0,"rate6":0},{"quality":2,"rate0":0.2,"rate1":0.65,"rate2":0.12,"rate3":0.02,"rate4":0.01,"rate5":0,"rate6":0},{"quality":3,"rate0":0,"rate1":0.5,"rate2":0.4,"rate3":0.07,"rate4":0.03,"rate5":0,"rate6":0},{"quality":4,"rate0":0,"rate1":0,"rate2":0.47,"rate3":0.3,"rate4":0.18,"rate5":0.05,"rate6":0},{"quality":5,"rate0":0,"rate1":0,"rate2":0.25,"rate3":0.44,"rate4":0.2,"rate5":0.1,"rate6":0.01},{"quality":6,"rate0":0,"rate1":0,"rate2":0,"rate3":0.42,"rate4":0.33,"rate5":0.2,"rate6":0.05},{"quality":7,"rate0":0,"rate1":0,"rate2":0,"rate3":0.11,"rate4":0.44,"rate5":0.3,"rate6":0.15},{"quality":8,"rate0":0,"rate1":0,"rate2":0,"rate3":0,"rate4":0.25,"rate5":0.45,"rate6":0.3}]