[{"id":1,"name":"青锋剑","quality":1,"basicProperty":"肉身:40","extraProperty":"无","type":"剑修武器","source":"坊市"},{"id":2,"name":"魂纹剑","quality":1,"basicProperty":"神念:40","extraProperty":"无","type":"剑修武器","source":"坊市"},{"id":3,"name":"破军剑","quality":1,"basicProperty":"肉身:56","extraProperty":"无","type":"剑修武器","source":"坊市"},{"id":4,"name":"护灵剑","quality":1,"basicProperty":"神念:56","extraProperty":"无","type":"剑修武器","source":"坊市"},{"id":5,"name":"精铁手套","quality":1,"basicProperty":"肉身:40","extraProperty":"无","type":"体修武器","source":"坊市"},{"id":6,"name":"血精手套","quality":1,"basicProperty":"气血:40","extraProperty":"无","type":"体修武器","source":"坊市"},{"id":7,"name":"截灵手套","quality":1,"basicProperty":"肉身:56","extraProperty":"无","type":"体修武器","source":"坊市"},{"id":8,"name":"破灵手套","quality":1,"basicProperty":"气血:56","extraProperty":"无","type":"体修武器","source":"坊市"},{"id":9,"name":"灵木葫","quality":1,"basicProperty":"灵力:40","extraProperty":"无","type":"医修武器","source":"坊市"},{"id":10,"name":"容念壶","quality":1,"basicProperty":"神念:40","extraProperty":"无","type":"医修武器","source":"坊市"},{"id":11,"name":"生机石","quality":1,"basicProperty":"灵力:56","extraProperty":"无","type":"医修武器","source":"坊市"},{"id":12,"name":"护身壶","quality":1,"basicProperty":"神念:56","extraProperty":"无","type":"医修武器","source":"坊市"},{"id":13,"name":"集魂珠","quality":1,"basicProperty":"神念:40","extraProperty":"无","type":"魂修武器","source":"坊市"},{"id":14,"name":"噬魂珠","quality":1,"basicProperty":"破甲:40","extraProperty":"无","type":"魂修武器","source":"坊市"},{"id":15,"name":"炼魂锁","quality":1,"basicProperty":"神念:56","extraProperty":"无","type":"魂修武器","source":"坊市"},{"id":16,"name":"噬灵针","quality":1,"basicProperty":"破甲:56","extraProperty":"无","type":"魂修武器","source":"坊市"},{"id":17,"name":"灵丝布衣","quality":1,"basicProperty":"格挡:40","extraProperty":"无","type":"衣服","source":"坊市"},{"id":18,"name":"铁母火灵甲","quality":1,"basicProperty":"肉身:56","extraProperty":"无","type":"衣服","source":"坊市"},{"id":19,"name":"回春甲","quality":1,"basicProperty":"气血:56","extraProperty":"无","type":"衣服","source":"坊市"},{"id":20,"name":"流纱注灵衣","quality":1,"basicProperty":"灵力:56","extraProperty":"无","type":"衣服","source":"坊市"},{"id":21,"name":"灵玉佩","quality":1,"basicProperty":"气血:40","extraProperty":"无","type":"配饰","source":"坊市"},{"id":22,"name":"灵光佩","quality":1,"basicProperty":"灵力:44","extraProperty":"无","type":"配饰","source":"坊市"},{"id":23,"name":"煞念手镯","quality":1,"basicProperty":"神念:52","extraProperty":"无","type":"配饰","source":"坊市"},{"id":24,"name":"护灵指环","quality":1,"basicProperty":"格挡:56","extraProperty":"无","type":"配饰","source":"坊市"},{"id":25,"name":"轻羽靴","quality":1,"basicProperty":"灵力:40","extraProperty":"无","type":"鞋子","source":"坊市"},{"id":26,"name":"灵羽靴","quality":1,"basicProperty":"神念:46","extraProperty":"无","type":"鞋子","source":"坊市"},{"id":27,"name":"金角靴","quality":1,"basicProperty":"破甲:52","extraProperty":"无","type":"鞋子","source":"坊市"},{"id":28,"name":"力斗靴","quality":1,"basicProperty":"肉身:56","extraProperty":"无","type":"鞋子","source":"坊市"},{"id":29,"name":"千钧剑","quality":2,"basicProperty":"肉身:80","extraProperty":"气血:80","type":"剑修武器","source":"坊市"},{"id":30,"name":"截星剑","quality":2,"basicProperty":"神念:80","extraProperty":"气血:80","type":"剑修武器","source":"坊市"},{"id":31,"name":"千钧指套","quality":2,"basicProperty":"肉身:80","extraProperty":"气血:80","type":"体修武器","source":"坊市"},{"id":32,"name":"汲血爪","quality":2,"basicProperty":"气血:80","extraProperty":"气血:80","type":"体修武器","source":"坊市"},{"id":33,"name":"灵元葫芦","quality":2,"basicProperty":"灵力:80","extraProperty":"气血:80","type":"医修武器","source":"坊市"},{"id":34,"name":"炼魂石","quality":2,"basicProperty":"神念:80","extraProperty":"气血:80","type":"医修武器","source":"坊市"},{"id":35,"name":"幽灵针","quality":2,"basicProperty":"灵力:80","extraProperty":"气血:80","type":"魂修武器","source":"坊市"},{"id":36,"name":"冥鬼指套","quality":2,"basicProperty":"破甲:80","extraProperty":"气血:80","type":"魂修武器","source":"坊市"},{"id":37,"name":"风灵袍","quality":2,"basicProperty":"格挡:80","extraProperty":"气血:80","type":"衣服","source":"坊市"},{"id":38,"name":"虎阳玉佩","quality":2,"basicProperty":"气血:80","extraProperty":"气血:80","type":"配饰","source":"坊市"},{"id":39,"name":"金光靴","quality":2,"basicProperty":"灵力:80","extraProperty":"气血:80","type":"鞋子","source":"坊市"},{"id":40,"name":"煞灵剑","quality":2,"basicProperty":"肉身:104","extraProperty":"气血:104","type":"剑修武器","source":"坊市"},{"id":41,"name":"罡星剑","quality":2,"basicProperty":"神念:104","extraProperty":"气血:104","type":"剑修武器","source":"坊市"},{"id":42,"name":"虎阳手套","quality":2,"basicProperty":"肉身:104","extraProperty":"气血:104","type":"体修武器","source":"坊市"},{"id":43,"name":"断流斧","quality":2,"basicProperty":"气血:104","extraProperty":"气血:104","type":"体修武器","source":"坊市"},{"id":44,"name":"血元葫芦","quality":2,"basicProperty":"灵力:104","extraProperty":"气血:104","type":"医修武器","source":"坊市"},{"id":45,"name":"土灵杖","quality":2,"basicProperty":"神念:104","extraProperty":"气血:104","type":"医修武器","source":"坊市"},{"id":46,"name":"百魂珠","quality":2,"basicProperty":"灵力:104","extraProperty":"气血:104","type":"魂修武器","source":"坊市"},{"id":47,"name":"黑乌杖","quality":2,"basicProperty":"破甲:104","extraProperty":"气血:104","type":"魂修武器","source":"坊市"},{"id":48,"name":"金阳甲","quality":2,"basicProperty":"气血:104","extraProperty":"气血:104","type":"衣服","source":"坊市"},{"id":49,"name":"清灵手镯","quality":2,"basicProperty":"灵力:104","extraProperty":"气血:104","type":"配饰","source":"坊市"},{"id":50,"name":"逍遥云纹靴","quality":2,"basicProperty":"格挡:104","extraProperty":"气血:104","type":"鞋子","source":"坊市"},{"id":51,"name":"秋水剑","quality":2,"basicProperty":"格挡:140","extraProperty":"格挡:140","type":"剑修武器","source":"坊市"},{"id":52,"name":"魔水剑","quality":2,"basicProperty":"破甲:140","extraProperty":"破甲:140","type":"剑修武器","source":"坊市"},{"id":53,"name":"黑元手套","quality":2,"basicProperty":"肉身:140","extraProperty":"肉身:140","type":"体修武器","source":"坊市"},{"id":54,"name":"玄纹真灵盾","quality":2,"basicProperty":"格挡:140","extraProperty":"格挡:140","type":"体修武器","source":"坊市"},{"id":55,"name":"小阴阳壶","quality":2,"basicProperty":"气血:140","extraProperty":"气血:140","type":"医修武器","source":"坊市"},{"id":56,"name":"炼心壶","quality":2,"basicProperty":"神念:140","extraProperty":"神念:140","type":"医修武器","source":"坊市"},{"id":57,"name":"鬼邪子母环","quality":2,"basicProperty":"破甲:140","extraProperty":"破甲:140","type":"魂修武器","source":"坊市"},{"id":58,"name":"魔念爪","quality":2,"basicProperty":"神念:140","extraProperty":"神念:140","type":"魂修武器","source":"坊市"},{"id":59,"name":"死寂幽魂衣","quality":2,"basicProperty":"神念:132","extraProperty":"神念:132","type":"衣服","source":"坊市"},{"id":60,"name":"血战擎雷甲","quality":2,"basicProperty":"肉身:152","extraProperty":"肉身:152","type":"衣服","source":"坊市"},{"id":61,"name":"天音戒","quality":2,"basicProperty":"神念:140","extraProperty":"神念:140","type":"配饰","source":"坊市"},{"id":62,"name":"镇鬼戒","quality":2,"basicProperty":"破甲:156","extraProperty":"破甲:156","type":"配饰","source":"坊市"},{"id":63,"name":"赤焰靴","quality":2,"basicProperty":"破甲:140","extraProperty":"破甲:140","type":"鞋子","source":"坊市"},{"id":64,"name":"甲木春灵靴","quality":2,"basicProperty":"气血:160","extraProperty":"气血:160","type":"鞋子","source":"坊市"},{"id":65,"name":"霸王剑","quality":3,"basicProperty":"肉身:144","extraProperty":"肉身:144#气血:144","type":"剑修武器","source":"坊市"},{"id":66,"name":"雾晨剑","quality":3,"basicProperty":"神念:144","extraProperty":"神念:144#气血:144","type":"剑修武器","source":"坊市"},{"id":67,"name":"青阳斧","quality":3,"basicProperty":"肉身:144","extraProperty":"气血:144#气血:144","type":"体修武器","source":"坊市"},{"id":68,"name":"裂地锤","quality":3,"basicProperty":"气血:144","extraProperty":"肉身:144#气血:144","type":"体修武器","source":"坊市"},{"id":69,"name":"百晓壶","quality":3,"basicProperty":"灵力:144","extraProperty":"灵力:144#气血:144","type":"医修武器","source":"坊市"},{"id":70,"name":"清神壶","quality":3,"basicProperty":"神念:144","extraProperty":"神念:144#气血:144","type":"医修武器","source":"坊市"},{"id":71,"name":"炼魂塔","quality":3,"basicProperty":"灵力:144","extraProperty":"神念:144#灵力:144","type":"魂修武器","source":"坊市"},{"id":72,"name":"缠心珠","quality":3,"basicProperty":"破甲:144","extraProperty":"灵力:144#灵力:144","type":"魂修武器","source":"坊市"},{"id":73,"name":"龙鳞衣","quality":3,"basicProperty":"格挡:180","extraProperty":"格挡:180#气血:180","type":"衣服","source":"坊市"},{"id":74,"name":"冥煞无常甲","quality":3,"basicProperty":"破甲:180","extraProperty":"破甲:180#气血:180","type":"衣服","source":"坊市"},{"id":75,"name":"破劫手环","quality":3,"basicProperty":"破甲:192","extraProperty":"破甲:192#气血:192","type":"配饰","source":"坊市"},{"id":76,"name":"血虹玉佩","quality":3,"basicProperty":"气血:204","extraProperty":"气血:204#气血:204","type":"配饰","source":"坊市"},{"id":77,"name":"罗云靴","quality":3,"basicProperty":"格挡:192","extraProperty":"格挡:192#气血:192","type":"鞋子","source":"坊市"},{"id":78,"name":"三炎绝魔靴","quality":3,"basicProperty":"破甲:204","extraProperty":"破甲:204#气血:204","type":"鞋子","source":"坊市"},{"id":200,"name":"风灵袍","quality":2,"basicProperty":"格挡:150","extraProperty":"气血:130#灵力:130#格挡:130","type":"衣服","source":"七日登录"},{"id":201,"name":"虎阳玉佩","quality":2,"basicProperty":"气血:150","extraProperty":"气血:130#灵力:130#格挡:130","type":"配饰","source":"七日登录"},{"id":202,"name":"金光靴","quality":2,"basicProperty":"灵力:150","extraProperty":"气血:130#灵力:130#格挡:130","type":"鞋子","source":"七日登录"},{"id":300,"name":"镇鬼戒","quality":2,"basicProperty":"破甲:300","extraProperty":"气血:280#破甲:280#破甲:280","type":"配饰","source":"累计充值"}]