[{"id":1,"name":"铁矿","quality":1,"type":"铸造材料","price":5,"priceText":"5灵石","description":"蕴含精铁的矿石，很是普遍，可以用作法器品质武器的锻造","source":"一级坊市","position":"材料"},{"id":2,"name":"硬皮毛","quality":1,"type":"铸造材料","price":15,"priceText":"15灵石","description":"野兽的硬质皮毛，很是普遍，可以用作法器品质衣服的锻造","source":"一级坊市","position":"材料"},{"id":3,"name":"野狼兽齿","quality":1,"type":"铸造材料","price":40,"priceText":"40灵石","description":"野狼的锋利牙齿，较为普遍，可以用作法器品质武器的锻造","source":"一级坊市","position":"材料"},{"id":4,"name":"硬灵木","quality":1,"type":"铸造材料","price":40,"priceText":"40灵石","description":"质地坚硬的略带灵气的木头，很是普遍，可以用作法器品质武器的锻造","source":"一级坊市","position":"材料"},{"id":5,"name":"残魂晶石","quality":1,"type":"铸造材料","price":40,"priceText":"40灵石","description":"吸收了一丝残破灵魂的晶石，较为普遍，可以用作法器品质武器的锻造","source":"一级坊市","position":"材料"},{"id":6,"name":"灵丝","quality":1,"type":"铸造材料","price":40,"priceText":"40灵石","description":"白灵蚕所结的长丝，蕴含灵力，，较为普遍，可以用作法器品质衣服的锻造","source":"一级坊市","position":"材料"},{"id":7,"name":"血精碎","quality":1,"type":"铸造材料","price":40,"priceText":"40灵石","description":"修炼血魔道之人，体内凝聚血精的碎片，较为普遍，可以用作法器品质武器的锻造","source":"一级坊市","position":"材料"},{"id":8,"name":"火云母","quality":1,"type":"铸造材料","price":60,"priceText":"60灵石","description":"表面浮现出火云纹路的特别云母，较为少见，可以用作法器级别衣服的锻造","source":"一级坊市","position":"材料"},{"id":9,"name":"魂狐皮","quality":1,"type":"铸造材料","price":60,"priceText":"60灵石","description":"妖兽三尾魂狐身上的毛皮，是锻造法器级别衣服的一种较高价值材料","source":"一级坊市","position":"材料"},{"id":10,"name":"锐金石","quality":1,"type":"铸造材料","price":60,"priceText":"60灵石","description":"妖兽金光狼体内所凝结的晶石，是锻造法器级别武器的一种较高价值材料","source":"一级坊市","position":"材料"},{"id":11,"name":"催灵粉","quality":1,"type":"铸造材料","price":60,"priceText":"60灵石","description":"一种特殊石头上弄下来的粉末，可以加速修真者体内灵力，是锻造法器级别武器的一种较高价值材料","source":"一级坊市","position":"材料"},{"id":12,"name":"百锻钢","quality":1,"type":"铸造材料","price":60,"priceText":"60灵石","description":"经过百次地火锻打的上等钢，是锻造法器级别武器的一种较高价值材料","source":"一级坊市","position":"材料"},{"id":13,"name":"蕴灵草","quality":1,"type":"炼丹材料","price":10,"priceText":"10灵石","description":"蕴含灵气的药草，较为普遍，可用作炼制筑基丹的基础材料之一","source":"一级坊市","position":"材料"},{"id":14,"name":"集气草","quality":1,"type":"炼丹材料","price":60,"priceText":"60灵石","description":"一种特别的药草，修真者服用后，可使得体内灵力极速运转，是炼制筑基丹的基础材料之一","source":"一级坊市","position":"材料"},{"id":20,"name":"青锋剑","quality":1,"type":"装备","price":150,"priceText":"150灵石","description":"无","source":"一级坊市","position":"装备"},{"id":21,"name":"魂纹剑","quality":1,"type":"装备","price":150,"priceText":"150灵石","description":"无","source":"一级坊市","position":"装备"},{"id":22,"name":"破军剑","quality":1,"type":"装备","price":250,"priceText":"250灵石","description":"无","source":"一级坊市","position":"装备"},{"id":23,"name":"护灵剑","quality":1,"type":"装备","price":250,"priceText":"250灵石","description":"无","source":"一级坊市","position":"装备"},{"id":24,"name":"精铁手套","quality":1,"type":"装备","price":150,"priceText":"150灵石","description":"无","source":"一级坊市","position":"装备"},{"id":25,"name":"血精手套","quality":1,"type":"装备","price":150,"priceText":"150灵石","description":"无","source":"一级坊市","position":"装备"},{"id":26,"name":"截灵手套","quality":1,"type":"装备","price":250,"priceText":"250灵石","description":"无","source":"一级坊市","position":"装备"},{"id":27,"name":"破灵手套","quality":1,"type":"装备","price":250,"priceText":"250灵石","description":"无","source":"一级坊市","position":"装备"},{"id":28,"name":"灵木葫","quality":1,"type":"装备","price":150,"priceText":"150灵石","description":"无","source":"一级坊市","position":"装备"},{"id":29,"name":"容念壶","quality":1,"type":"装备","price":150,"priceText":"150灵石","description":"无","source":"一级坊市","position":"装备"},{"id":30,"name":"生机石","quality":1,"type":"装备","price":250,"priceText":"250灵石","description":"无","source":"一级坊市","position":"装备"},{"id":31,"name":"护身壶","quality":1,"type":"装备","price":250,"priceText":"250灵石","description":"无","source":"一级坊市","position":"装备"},{"id":32,"name":"集魂珠","quality":1,"type":"装备","price":150,"priceText":"150灵石","description":"无","source":"一级坊市","position":"装备"},{"id":33,"name":"噬魂珠","quality":1,"type":"装备","price":150,"priceText":"150灵石","description":"无","source":"一级坊市","position":"装备"},{"id":34,"name":"炼魂锁","quality":1,"type":"装备","price":250,"priceText":"250灵石","description":"无","source":"一级坊市","position":"装备"},{"id":35,"name":"噬灵针","quality":1,"type":"装备","price":250,"priceText":"250灵石","description":"无","source":"一级坊市","position":"装备"},{"id":36,"name":"灵丝布衣","quality":1,"type":"装备","price":150,"priceText":"150灵石","description":"无","source":"一级坊市","position":"装备"},{"id":37,"name":"铁母火灵甲","quality":1,"type":"装备","price":250,"priceText":"250灵石","description":"无","source":"一级坊市","position":"装备"},{"id":38,"name":"回春甲","quality":1,"type":"装备","price":250,"priceText":"250灵石","description":"无","source":"一级坊市","position":"装备"},{"id":39,"name":"流纱注灵衣","quality":1,"type":"装备","price":250,"priceText":"250灵石","description":"无","source":"一级坊市","position":"装备"},{"id":40,"name":"灵玉佩","quality":1,"type":"装备","price":150,"priceText":"150灵石","description":"无","source":"一级坊市","position":"装备"},{"id":41,"name":"灵光佩","quality":1,"type":"装备","price":150,"priceText":"150灵石","description":"无","source":"一级坊市","position":"装备"},{"id":42,"name":"煞念手镯","quality":1,"type":"装备","price":250,"priceText":"250灵石","description":"无","source":"一级坊市","position":"装备"},{"id":43,"name":"护灵指环","quality":1,"type":"装备","price":250,"priceText":"250灵石","description":"无","source":"一级坊市","position":"装备"},{"id":44,"name":"轻羽靴","quality":1,"type":"装备","price":150,"priceText":"150灵石","description":"无","source":"一级坊市","position":"装备"},{"id":45,"name":"灵羽靴","quality":1,"type":"装备","price":250,"priceText":"250灵石","description":"无","source":"一级坊市","position":"装备"},{"id":46,"name":"金角靴","quality":1,"type":"装备","price":250,"priceText":"250灵石","description":"无","source":"一级坊市","position":"装备"},{"id":47,"name":"力斗靴","quality":1,"type":"装备","price":300,"priceText":"300灵石","description":"无","source":"一级坊市","position":"装备"},{"id":50,"name":"灵基石","quality":1,"type":"特殊","price":300,"priceText":"300灵石","description":"充满灵气的石头，外表呈湛蓝色，仔细辨认下，可以看到，石头表面的淡绿色纹路，在每时每刻，以极其缓慢的速度转变着。这种灵基石，是用来提升门派建筑的基石，没有的话，想要将门派建筑提升到黄级品质，那就太难了","source":"一级坊市","position":"特殊"},{"id":51,"name":"五行灵结石","quality":1,"type":"特殊","price":500,"priceText":"500灵石","description":"蕴含了圆润五行之力的灵结石，需在五行平衡之地，布下小周天五行阵法，再埋入数量庞大的各种属性灵结石，经过十八年的蕴养，每颗灵结石都有极低的几率蜕变成五行灵结石，是提升灵园生产效率的必备材料","source":"一级坊市","position":"特殊"},{"id":60,"name":"筑基丹","quality":1,"type":"丹药","price":80,"priceText":"80灵石","description":"辅助修真者突破道筑基境的丹药，价值一般，炼制难度一般","source":"一级坊市","position":"丹药"},{"id":100,"name":"精铁矿","quality":2,"type":"铸造材料","price":25,"priceText":"25灵石","description":"比一般铁矿品质更高的铁矿石，由于受到灵气长期蕴养，因此韧性跟可塑性更强，是锻造法宝级别武器的材料之一，价值不低","source":"二级坊市","position":"材料"},{"id":101,"name":"金曜石","quality":2,"type":"铸造材料","price":100,"priceText":"100灵石","description":"蕴含灵气的金相矿石，是锻造法宝级别武器跟装备的材料之一","source":"二级坊市","position":"材料"},{"id":102,"name":"青曜石","quality":2,"type":"铸造材料","price":100,"priceText":"100灵石","description":"蕴含灵气的木相矿石，是锻造法宝级别武器跟装备的材料之一","source":"二级坊市","position":"材料"},{"id":103,"name":"水灵石","quality":2,"type":"铸造材料","price":100,"priceText":"100灵石","description":"蕴含灵气的水相矿石，是锻造法宝级别武器跟装备的材料之一","source":"二级坊市","position":"材料"},{"id":104,"name":"炙炎石","quality":2,"type":"铸造材料","price":100,"priceText":"100灵石","description":"蕴含灵气的火相矿石，是锻造法宝级别武器跟装备的材料之一","source":"二级坊市","position":"材料"},{"id":105,"name":"黑曜石","quality":2,"type":"铸造材料","price":100,"priceText":"100灵石","description":"蕴含灵气的土相矿石，是锻造法宝级别武器跟装备的材料之一","source":"二级坊市","position":"材料"},{"id":106,"name":"风结丝","quality":2,"type":"铸造材料","price":130,"priceText":"130灵石","description":"蕴含灵气的风相柔丝，是锻造法宝级别武器跟装备的材料之一","source":"二级坊市","position":"材料"},{"id":107,"name":"小雷石","quality":2,"type":"铸造材料","price":130,"priceText":"130灵石","description":"蕴含灵气的雷相矿石，是锻造法宝级别武器跟装备的材料之一","source":"二级坊市","position":"材料"},{"id":108,"name":"冲灵液","quality":2,"type":"炼丹材料","price":20,"priceText":"20灵石","description":"在灵脉之地，经数十年凝聚出来的特殊液体，可用做凝金丹炼制的基础材料之一","source":"二级坊市","position":"材料"},{"id":109,"name":"凝灵草","quality":2,"type":"炼丹材料","price":80,"priceText":"80灵石","description":"修真者服用凝灵草后，可使得体内灵力变得凝实，当然了，炼制成凝金丹，效果更佳","source":"二级坊市","position":"材料"},{"id":120,"name":"血精手套锻造配方","quality":1,"type":"配方","price":1500,"priceText":"1500灵石","description":"记载了体修武器血精手套锻造方式的配方 血精手套为法器级别的武器，主气血属性","source":"二级坊市","position":"配方"},{"id":121,"name":"容念壶锻造配方","quality":1,"type":"配方","price":1500,"priceText":"1500灵石","description":"记载了医修武器容念壶锻造方式的配方 容念壶为法器级别的武器，主神念属性","source":"二级坊市","position":"配方"},{"id":122,"name":"噬魂珠锻造配方","quality":1,"type":"配方","price":1500,"priceText":"1500灵石","description":"记载了魂修武器噬魂珠锻造方式的配方 噬魂珠为法器级别的武器，主灵力属性","source":"二级坊市","position":"配方"},{"id":123,"name":"灵光佩锻造配方","quality":1,"type":"配方","price":1500,"priceText":"1500灵石","description":"记载了配饰防具灵光佩锻造方式的配方 灵光佩为法器级别的配饰，主灵力属性","source":"二级坊市","position":"配方"},{"id":124,"name":"灵羽靴锻造配方","quality":1,"type":"配方","price":1500,"priceText":"1500灵石","description":"记载了鞋子防具灵羽靴锻造方式的配方 灵羽靴为法器级别的鞋子，主神念属性","source":"二级坊市","position":"配方"},{"id":125,"name":"破灵手套锻造配方","quality":1,"type":"配方","price":1500,"priceText":"1500灵石","description":"记载了体修武器破灵手套锻造方式的配方 破灵手套为法器级别的武器，主格挡属性","source":"二级坊市","position":"配方"},{"id":126,"name":"护身壶锻造配方","quality":1,"type":"配方","price":1500,"priceText":"1500灵石","description":"记载了医修武器护身壶锻造方式的配方 护身壶为法器级别的武器，主格挡属性","source":"二级坊市","position":"配方"},{"id":127,"name":"噬灵针锻造配方","quality":1,"type":"配方","price":1500,"priceText":"1500灵石","description":"记载了魂修武器噬灵针锻造方式的配方 噬灵针为法器级别的武器，主破甲属性","source":"二级坊市","position":"配方"},{"id":128,"name":"流纱注灵衣锻造配方","quality":1,"type":"配方","price":1500,"priceText":"1500灵石","description":"记载了衣服防具流纱注灵衣锻造方式的配方 流纱注灵衣为法器级别的衣服，主灵力属性","source":"二级坊市","position":"配方"},{"id":129,"name":"护灵指环锻造配方","quality":1,"type":"配方","price":1500,"priceText":"1500灵石","description":"记载了配饰防具护灵指环锻造方式的配方 护灵指环为法器级别的配饰，主格挡属性","source":"二级坊市","position":"配方"},{"id":130,"name":"力斗靴锻造配方","quality":1,"type":"配方","price":1500,"priceText":"1500灵石","description":"记载了鞋子防具力斗靴锻造方式的配方 力斗靴为法器级别的鞋子，主肉身属性","source":"二级坊市","position":"配方"},{"id":null,"quality":null,"price":null,"priceText":"NaN灵石"},{"id":150,"name":"镜月云萝木","quality":2,"type":"特殊","price":500,"priceText":"500灵石","description":"云萝有木，月下无形。在月光的照射下，这种树木会由实转虚，看得见，摸不着，如镜花水月一般，因此得名。这种木材甚少见，栽种也没规律，只是在众多普通的云萝木中随机产生，因此在市面上价格不低。虽然用处不大，但是想要将门派建筑提升至玄级，此木头必不可少","source":"二级坊市","position":"特殊"},{"id":151,"name":"衡弥精母山","quality":2,"type":"特殊","price":800,"priceText":"800灵石","description":"产于大陆极北之地，内蕴五行磁力，在其笼罩的范围内，一切五行灵力都将被自动调和到平衡的境地。将其融入到灵地当中，即可沟通门派灵地的五行属性，使其不断衍化，是提升灵园生产效率的必备材料","source":"二级坊市","position":"特殊"},{"id":160,"name":"筑基丹","quality":1,"type":"丹药","price":80,"priceText":"80灵石","description":"辅助修真者突破道筑基境的丹药，价值一般，炼制难度一般","source":"二级坊市","position":"丹药"},{"id":161,"name":"凝金丹","quality":2,"type":"丹药","price":150,"priceText":"150灵石","description":"辅助修真者突破到金丹境的丹药，价值不低，炼制难度一般","source":"二级坊市","position":"丹药"},{"id":200,"name":"精铁矿","quality":2,"type":"铸造材料","price":25,"priceText":"25灵石","description":"比一般铁矿品质更高的铁矿石，由于受到灵气长期蕴养，因此韧性跟可塑性更强，是锻造法宝级别武器的材料之一，价值不低","source":"三级坊市","position":"材料"},{"id":201,"name":"生息果","quality":2,"type":"铸造材料","price":170,"priceText":"170灵石","description":"一种神奇的果子，蕴含生相，非常少见，是锻造法宝级别武器跟装备的材料之一","source":"三级坊市","position":"材料"},{"id":202,"name":"死冥土","quality":2,"type":"铸造材料","price":170,"priceText":"170灵石","description":"充满了死亡气息的泥土，蕴含死相，非常少见，是锻造法宝级别武器跟装备的材料之一","source":"三级坊市","position":"材料"},{"id":203,"name":"小宇石","quality":2,"type":"铸造材料","price":170,"priceText":"170灵石","description":"带有一丝宇相气息的石头，非常少见，是锻造法宝级别武器跟装备的材料之一","source":"三级坊市","position":"材料"},{"id":204,"name":"宙息粉","quality":2,"type":"铸造材料","price":170,"priceText":"170灵石","description":"带有一丝宙相气息的粉末，非常少见，是锻造法宝级别武器跟装备的材料之一","source":"三级坊市","position":"材料"},{"id":205,"name":"灵元晶","quality":2,"type":"铸造材料","price":200,"priceText":"200灵石","description":"充满灵元之气的晶石，非常罕见，是锻造法宝级别武器跟装备的材料之一","source":"三级坊市","position":"材料"},{"id":206,"name":"魔元晶","quality":2,"type":"铸造材料","price":200,"priceText":"200灵石","description":"充满魔元之气的晶石，非常罕见，是锻造法宝级别武器跟装备的材料之一","source":"三级坊市","position":"材料"},{"id":207,"name":"化婴草","quality":2,"type":"炼丹材料","price":35,"priceText":"35灵石","description":"三十年成熟的药草，一旦成熟，会化作婴儿状，颇为神奇，是炼制元婴丹的材料之一","source":"三级坊市","position":"材料"},{"id":208,"name":"灵窍花","quality":2,"type":"炼丹材料","price":120,"priceText":"120灵石","description":"较为罕见的药草，共七块花瓣，服用对应的花瓣，可增强对应窍穴的感应能力，是炼制元婴丹的材料之一","source":"三级坊市","position":"材料"},{"id":220,"name":"千钧剑","quality":2,"type":"装备","price":350,"priceText":"350灵石","description":"无","source":"三级坊市","position":"装备"},{"id":221,"name":"截星剑","quality":2,"type":"装备","price":350,"priceText":"350灵石","description":"无","source":"三级坊市","position":"装备"},{"id":222,"name":"千钧指套","quality":2,"type":"装备","price":350,"priceText":"350灵石","description":"无","source":"三级坊市","position":"装备"},{"id":223,"name":"汲血爪","quality":2,"type":"装备","price":350,"priceText":"350灵石","description":"无","source":"三级坊市","position":"装备"},{"id":224,"name":"灵元葫芦","quality":2,"type":"装备","price":350,"priceText":"350灵石","description":"无","source":"三级坊市","position":"装备"},{"id":225,"name":"炼魂石","quality":2,"type":"装备","price":350,"priceText":"350灵石","description":"无","source":"三级坊市","position":"装备"},{"id":226,"name":"幽灵针","quality":2,"type":"装备","price":350,"priceText":"350灵石","description":"无","source":"三级坊市","position":"装备"},{"id":227,"name":"冥鬼指套","quality":2,"type":"装备","price":350,"priceText":"350灵石","description":"无","source":"三级坊市","position":"装备"},{"id":228,"name":"风灵袍","quality":2,"type":"装备","price":450,"priceText":"450灵石","description":"无","source":"三级坊市","position":"装备"},{"id":229,"name":"虎阳玉佩","quality":2,"type":"装备","price":450,"priceText":"450灵石","description":"无","source":"三级坊市","position":"装备"},{"id":230,"name":"金光靴","quality":2,"type":"装备","price":450,"priceText":"450灵石","description":"无","source":"三级坊市","position":"装备"},{"id":240,"name":"缺月灵陨木","quality":3,"type":"特殊","price":700,"priceText":"700灵石","description":"月缺无形，灵木落泪。在天元大陆西北之地，有一种神奇的树木，一旦出现月缺，则整颗树都会枯萎，此时，树身会出现一块指甲般大小的晶体，此晶体蕴含月华之精，可用来炼制各种修真器具。当然了，这种神奇木头更大的作用，则是将门派建筑提升至地级，掺入此木头的门派建筑，会自动吸收月华之力，另有妙用","source":"三级坊市","position":"特殊"},{"id":241,"name":"衡弥精母山","quality":2,"type":"特殊","price":800,"priceText":"800灵石","description":"产于大陆极北之地，内蕴五行磁力，在其笼罩的范围内，一切五行灵力都将被自动调和到平衡的境地。将其融入到灵地当中，即可沟通门派灵地的五行属性，使其不断衍化，是提升灵园生产效率的必备材料","source":"三级坊市","position":"特殊"},{"id":250,"name":"凝金丹","quality":2,"type":"丹药","price":150,"priceText":"150灵石","description":"辅助修真者突破到金丹境的丹药，价值不低，炼制难度一般","source":"三级坊市","position":"丹药"},{"id":251,"name":"元婴丹","quality":2,"type":"丹药","price":250,"priceText":"250灵石","description":"辅助修真者突破到元婴境的丹药，价值颇高，炼制难度较大","source":"三级坊市","position":"丹药"},{"id":300,"name":"灵铁矿","quality":3,"type":"铸造材料","price":120,"priceText":"120灵石","description":"铁矿中蕴含大量灵气，已经彻底改变了原本铁的属性，是锻造灵宝级武器跟装备的基础材料","source":"四级坊市","position":"材料"},{"id":301,"name":"灵炼金曜石","quality":3,"type":"铸造材料","price":400,"priceText":"400灵石","description":"将金曜石通过灵炼手法提纯后的材料，金相属性较为突出，是锻造灵宝级别武器跟装备的材料之一","source":"四级坊市","position":"材料"},{"id":302,"name":"灵炼青曜石","quality":3,"type":"铸造材料","price":400,"priceText":"400灵石","description":"将青曜石通过灵炼手法提纯后的材料，木相属性较为突出，是锻造灵宝级别武器跟装备的材料之一","source":"四级坊市","position":"材料"},{"id":303,"name":"灵炼水灵石","quality":3,"type":"铸造材料","price":400,"priceText":"400灵石","description":"将水灵石通过灵炼手法提纯后的材料，水相属性较为突出，是锻造灵宝级别武器跟装备的材料之一","source":"四级坊市","position":"材料"},{"id":304,"name":"灵炼炙炎石","quality":3,"type":"铸造材料","price":400,"priceText":"400灵石","description":"将炙炎石通过灵炼手法提纯后的材料，火相属性较为突出，是锻造灵宝级别武器跟装备的材料之一","source":"四级坊市","position":"材料"},{"id":305,"name":"灵炼黑曜石","quality":3,"type":"铸造材料","price":400,"priceText":"400灵石","description":"将黑曜石通过灵炼手法提纯后的材料，土相属性较为突出，是锻造灵宝级别武器跟装备的材料之一","source":"四级坊市","position":"材料"},{"id":306,"name":"凝风丝","quality":3,"type":"铸造材料","price":500,"priceText":"500灵石","description":"将风结丝通过灵炼手法提纯后的材料，风相属性较为突出，是锻造灵宝级别武器跟装备的材料之一","source":"四级坊市","position":"材料"},{"id":307,"name":"灵炼小雷石","quality":3,"type":"铸造材料","price":500,"priceText":"500灵石","description":"将小雷石通过灵炼手法提纯后的材料，雷相属性较为突出，是锻造灵宝级别武器跟装备的材料之一","source":"四级坊市","position":"材料"},{"id":308,"name":"碎婴草","quality":3,"type":"炼丹材料","price":80,"priceText":"80灵石","description":"元婴修士服用此草药，元婴必然破碎，然而，却是炼制化神丹的主要材料之一","source":"四级坊市","position":"材料"},{"id":309,"name":"凝魂果","quality":3,"type":"炼丹材料","price":200,"priceText":"200灵石","description":"可以凝实修真者神魂的神奇果子，是炼制化神丹的主要材料之一","source":"四级坊市","position":"材料"},{"id":320,"name":"煞灵剑锻造配方","quality":2,"type":"配方","price":4000,"priceText":"4000灵石","description":"记载了剑修武器煞灵剑锻造方式的配方 煞灵剑为灵器级别的武器，主破甲属性","source":"四级坊市","position":"配方"},{"id":321,"name":"罡星剑锻造配方","quality":2,"type":"配方","price":4000,"priceText":"4000灵石","description":"记载了剑修武器罡星剑锻造方式的配方 罡星剑为灵器级别的武器，主格挡属性","source":"四级坊市","position":"配方"},{"id":322,"name":"虎阳手套锻造配方","quality":2,"type":"配方","price":4000,"priceText":"4000灵石","description":"记载了体修武器虎阳手套锻造方式的配方 虎阳手套为灵器级别的武器，主格挡属性","source":"四级坊市","position":"配方"},{"id":323,"name":"断流斧锻造配方","quality":2,"type":"配方","price":4000,"priceText":"4000灵石","description":"记载了体修武器断流斧锻造方式的配方 断流斧为灵器级别的武器，主破甲属性","source":"四级坊市","position":"配方"},{"id":324,"name":"血元葫芦锻造配方","quality":2,"type":"配方","price":4000,"priceText":"4000灵石","description":"记载了医修武器血元葫芦锻造方式的配方 血元葫芦为灵器级别的武器，主气血属性","source":"四级坊市","position":"配方"},{"id":325,"name":"土灵杖锻造配方","quality":2,"type":"配方","price":4000,"priceText":"4000灵石","description":"记载了医修武器土灵杖锻造方式的配方 土灵杖为灵器级别的武器，主格挡属性","source":"四级坊市","position":"配方"},{"id":326,"name":"百魂珠锻造配方","quality":2,"type":"配方","price":4000,"priceText":"4000灵石","description":"记载了魂修武器百魂珠锻造方式的配方 百魂珠为灵器级别的武器，主神念属性","source":"四级坊市","position":"配方"},{"id":327,"name":"黑乌杖锻造配方","quality":2,"type":"配方","price":4000,"priceText":"4000灵石","description":"记载了魂修武器黑乌杖锻造方式的配方 黑乌杖为灵器级别的武器，主破甲属性","source":"四级坊市","position":"配方"},{"id":350,"name":"凝金丹","quality":2,"type":"丹药","price":150,"priceText":"150灵石","description":"辅助修真者突破到金丹境的丹药，价值不低，炼制难度一般","source":"四级坊市","position":"丹药"},{"id":351,"name":"元婴丹","quality":2,"type":"丹药","price":250,"priceText":"250灵石","description":"辅助修真者突破到元婴境的丹药，价值颇高，炼制难度较大","source":"四级坊市","position":"丹药"},{"id":352,"name":"化神丹","quality":3,"type":"丹药","price":400,"priceText":"400灵石","description":"辅助修真者突破到化神境的丹药，价值很高，炼制难度较大","source":"四级坊市","position":"丹药"},{"id":400,"name":"灵铁矿","quality":3,"type":"铸造材料","price":120,"priceText":"120灵石","description":"铁矿中蕴含大量灵气，已经彻底改变了原本铁的属性，是锻造灵宝级武器跟装备的基础材料","source":"五级坊市","position":"材料"},{"id":401,"name":"灵炼金曜石","quality":3,"type":"铸造材料","price":400,"priceText":"400灵石","description":"将金曜石通过灵炼手法提纯后的材料，金相属性较为突出，是锻造灵宝级别武器跟装备的材料之一","source":"五级坊市","position":"材料"},{"id":402,"name":"灵炼青曜石","quality":3,"type":"铸造材料","price":400,"priceText":"400灵石","description":"将青曜石通过灵炼手法提纯后的材料，木相属性较为突出，是锻造灵宝级别武器跟装备的材料之一","source":"五级坊市","position":"材料"},{"id":403,"name":"灵炼水灵石","quality":3,"type":"铸造材料","price":400,"priceText":"400灵石","description":"将水灵石通过灵炼手法提纯后的材料，水相属性较为突出，是锻造灵宝级别武器跟装备的材料之一","source":"五级坊市","position":"材料"},{"id":404,"name":"灵炼炙炎石","quality":3,"type":"铸造材料","price":400,"priceText":"400灵石","description":"将炙炎石通过灵炼手法提纯后的材料，火相属性较为突出，是锻造灵宝级别武器跟装备的材料之一","source":"五级坊市","position":"材料"},{"id":405,"name":"灵炼黑曜石","quality":3,"type":"铸造材料","price":400,"priceText":"400灵石","description":"将黑曜石通过灵炼手法提纯后的材料，土相属性较为突出，是锻造灵宝级别武器跟装备的材料之一","source":"五级坊市","position":"材料"},{"id":406,"name":"凝风丝","quality":3,"type":"铸造材料","price":500,"priceText":"500灵石","description":"将风结丝通过灵炼手法提纯后的材料，风相属性较为突出，是锻造灵宝级别武器跟装备的材料之一","source":"五级坊市","position":"材料"},{"id":407,"name":"灵炼小雷石","quality":3,"type":"铸造材料","price":500,"priceText":"500灵石","description":"将小雷石通过灵炼手法提纯后的材料，雷相属性较为突出，是锻造灵宝级别武器跟装备的材料之一","source":"五级坊市","position":"材料"},{"id":408,"name":"生机果","quality":3,"type":"铸造材料","price":600,"priceText":"600灵石","description":"一种神奇的果子，蕴含较强的生相属性，极其罕见，是锻造法宝级别武器跟装备的材料之一","source":"五级坊市","position":"材料"},{"id":409,"name":"灵炼死冥土","quality":3,"type":"铸造材料","price":600,"priceText":"600灵石","description":"将死冥土通过灵炼手法提纯后的材料，死相属性较为突出，极其罕见，是锻造法宝级别武器跟装备的材料之一","source":"五级坊市","position":"材料"},{"id":410,"name":"灵炼小宇石","quality":3,"type":"铸造材料","price":600,"priceText":"600灵石","description":"将小宇石通过灵炼手法提纯后的材料，宇相属性较为突出，极其罕见，是锻造法宝级别武器跟装备的材料之一","source":"五级坊市","position":"材料"},{"id":411,"name":"灵炼宙息粉","quality":3,"type":"铸造材料","price":600,"priceText":"600灵石","description":"将宙息粉通过灵炼手法提纯后的材料，宙相属性较为突出，极其罕见，是锻造法宝级别武器跟装备的材料之一","source":"五级坊市","position":"材料"},{"id":412,"name":"灵炼灵元晶","quality":3,"type":"铸造材料","price":700,"priceText":"700灵石","description":"将灵元晶通过灵炼手法提纯后的材料，极其罕见，是锻造法宝级别武器跟装备的材料之一","source":"五级坊市","position":"材料"},{"id":413,"name":"灵炼魔元晶","quality":3,"type":"铸造材料","price":700,"priceText":"700灵石","description":"将魔元净通过灵炼手法提纯后的材料，极其罕见，是锻造法宝级别武器跟装备的材料之一","source":"五级坊市","position":"材料"},{"id":414,"name":"融魂果","quality":3,"type":"炼丹材料","price":200,"priceText":"200灵石","description":"使得合体境修真者神魂与肉身更为契合的神奇果子，是炼制合体丹的主要材料之一","source":"五级坊市","position":"材料"},{"id":415,"name":"合魂花","quality":3,"type":"炼丹材料","price":350,"priceText":"350灵石","description":"服用后，可以加速融合修真者天地人三魂，是炼制合体丹的主要材料之一","source":"五级坊市","position":"材料"},{"id":416,"name":"气灵花","quality":1,"type":"炼丹材料","price":30,"priceText":"30灵石","description":"一种特别的药草，外表跟一般花朵无二，然而一旦修士触碰，会当场气化，因此这种药草需要凡人采摘，是炼制初命丹的材料之一","source":"五级坊市","position":"材料"},{"id":417,"name":"小道果","quality":1,"type":"炼丹材料","price":150,"priceText":"150灵石","description":"传闻中蕴含一丝道意的果子，虽然其中的道意可以忽略不计，对高等级修士几乎无用，却也非常罕见，是炼制初命丹的材料之一","source":"五级坊市","position":"材料"},{"id":420,"name":"合体丹炼制配方","quality":3,"type":"配方","price":5000,"priceText":"5000灵石","description":"记载了炼制合体丹方法的配方\n合体丹为玄级丹药，可辅助修真者进行合体境修炼","source":"五级坊市","position":"配方"},{"id":421,"name":"初命丹炼制配方","quality":1,"type":"配方","price":2000,"priceText":"2000灵石","description":"记载了炼制初命丹方法的配方\n初命丹为凡级巅峰丹药，可辅助修真者激活命源","source":"五级坊市","position":"配方"},{"id":440,"name":"洛元弥水","quality":3,"type":"特殊","price":1000,"priceText":"1000灵石","description":"传闻中，海外之地有一条贯通海底的河流，叫洛元弥河，其中的河水非常奇特，蕴含浓郁的生命气息，是提升灵园生产效率的必备材料，极为难得","source":"五级坊市","position":"特殊"},{"id":460,"name":"元婴丹","quality":2,"type":"丹药","price":250,"priceText":"250灵石","description":"辅助修真者突破到元婴境的丹药，价值颇高，炼制难度较大","source":"五级坊市","position":"丹药"},{"id":461,"name":"化神丹","quality":3,"type":"丹药","price":400,"priceText":"400灵石","description":"辅助修真者突破到化神境的丹药，价值很高，炼制难度较大","source":"五级坊市","position":"丹药"},{"id":462,"name":"合体丹","quality":3,"type":"丹药","price":800,"priceText":"800灵石","description":"辅助修真者突破到合体境的丹药，价值很高，炼制难度较大","source":"五级坊市","position":"丹药"},{"id":10000,"name":"筑基丹","quality":1,"type":"丹药","price":1,"priceText":"1仙石","description":"辅助修真者突破道筑基境的丹药，价值一般，炼制难度一般","source":"仙宝阁","position":"丹药"},{"id":10001,"name":"凝金丹","quality":2,"type":"丹药","price":1,"priceText":"1仙石","description":"辅助修真者突破到金丹境的丹药，价值不低，炼制难度一般","source":"仙宝阁","position":"丹药"},{"id":10002,"name":"元婴丹","quality":2,"type":"丹药","price":1,"priceText":"1仙石","description":"辅助修真者突破到元婴境的丹药，价值颇高，炼制难度较大","source":"仙宝阁","position":"丹药"},{"id":10003,"name":"化神丹","quality":3,"type":"丹药","price":1,"priceText":"1仙石","description":"辅助修真者突破到化神境的丹药，价值很高，炼制难度较大","source":"仙宝阁","position":"丹药"},{"id":10004,"name":"合体丹","quality":3,"type":"丹药","price":1,"priceText":"1仙石","description":"辅助修真者突破到合体境的丹药，价值很高，炼制难度较大","source":"仙宝阁","position":"丹药"},{"id":10005,"name":"初命丹","quality":1,"type":"丹药","price":1,"priceText":"1仙石","description":"激活命魂前二十个本源所需丹药，品级虽然不高，炼制难度却不低","source":"仙宝阁","position":"丹药"},{"id":10100,"name":"生息果","quality":2,"type":"锻造材料","price":1,"priceText":"1仙石","description":"一种神奇的果子，蕴含生相，非常少见，是锻造法宝级别武器跟装备的材料之一","source":"仙宝阁","position":"材料"},{"id":10101,"name":"死冥土","quality":2,"type":"锻造材料","price":1,"priceText":"1仙石","description":"充满了死亡气息的泥土，蕴含死相，非常少见，是锻造法宝级别武器跟装备的材料之一","source":"仙宝阁","position":"材料"},{"id":10102,"name":"小宇石","quality":2,"type":"锻造材料","price":1,"priceText":"1仙石","description":"带有一丝宇相气息的石头，非常少见，是锻造法宝级别武器跟装备的材料之一","source":"仙宝阁","position":"材料"},{"id":10103,"name":"宙息粉","quality":2,"type":"锻造材料","price":1,"priceText":"1仙石","description":"带有一丝宙相气息的粉末，非常少见，是锻造法宝级别武器跟装备的材料之一","source":"仙宝阁","position":"材料"},{"id":10104,"name":"灵元晶","quality":2,"type":"锻造材料","price":1,"priceText":"1仙石","description":"充满灵元之气的晶石，非常罕见，是锻造法宝级别武器跟装备的材料之一","source":"仙宝阁","position":"材料"},{"id":10105,"name":"魔元晶","quality":2,"type":"锻造材料","price":1,"priceText":"1仙石","description":"充满魔元之气的晶石，非常罕见，是锻造法宝级别武器跟装备的材料之一","source":"仙宝阁","position":"材料"},{"id":10106,"name":"生机果","quality":3,"type":"锻造材料","price":1,"priceText":"1仙石","description":"一种神奇的果子，蕴含较强的生相属性，极其罕见，是锻造灵宝级别武器跟装备的材料之一","source":"仙宝阁","position":"材料"},{"id":10107,"name":"灵炼死冥土","quality":3,"type":"锻造材料","price":1,"priceText":"1仙石","description":"将死冥土通过灵炼手法提纯后的材料，死相属性较为突出，极其罕见，是锻造灵宝级别武器跟装备的材料之一","source":"仙宝阁","position":"材料"},{"id":10108,"name":"灵炼小宇石","quality":3,"type":"锻造材料","price":1,"priceText":"1仙石","description":"将小宇石通过灵炼手法提纯后的材料，宇相属性较为突出，极其罕见，是锻造灵宝级别武器跟装备的材料之一","source":"仙宝阁","position":"材料"},{"id":10109,"name":"灵炼宙息粉","quality":3,"type":"锻造材料","price":1,"priceText":"1仙石","description":"将宙息粉通过灵炼手法提纯后的材料，宙相属性较为突出，极其罕见，是锻造灵宝级别武器跟装备的材料之一","source":"仙宝阁","position":"材料"},{"id":10110,"name":"灵炼灵元晶","quality":3,"type":"锻造材料","price":1,"priceText":"1仙石","description":"将灵元晶通过灵炼手法提纯后的材料，极其罕见，是锻造灵宝级别武器跟装备的材料之一","source":"仙宝阁","position":"材料"},{"id":10111,"name":"灵炼魔元晶","quality":3,"type":"锻造材料","price":1,"priceText":"1仙石","description":"将魔元净通过灵炼手法提纯后的材料，极其罕见，是锻造灵宝级别武器跟装备的材料之一","source":"仙宝阁","position":"材料"},{"id":11000,"name":"封世元","quality":4,"type":"弟子","price":100,"priceText":"100天道积分","description":"无","source":"三生道台","position":"门人"},{"id":11001,"name":"苏情","quality":4,"type":"弟子","price":80,"priceText":"80天道积分","description":"无","source":"三生道台","position":"门人"},{"id":11100,"name":"乾元血离剑锻造配方","quality":3,"type":"配方","price":18,"priceText":"18天道积分","description":"记载了剑修武器乾元血离剑锻造方式的配方 乾元血离剑为法宝级别的武器，主气血属性","source":"三生道台","position":"配方"},{"id":11101,"name":"九阴腐灵爪锻造配方","quality":3,"type":"配方","price":18,"priceText":"18天道积分","description":"记载了体修武器九阴腐灵爪锻造方式的配方 九阴腐灵爪为法宝级别的武器，主破甲属性","source":"三生道台","position":"配方"},{"id":11102,"name":"星雷葫芦锻造配方","quality":3,"type":"配方","price":18,"priceText":"18天道积分","description":"记载了医修武器三生道台锻造方式的配方 三生道台为法宝级别的武器，主破甲属性","source":"三生道台","position":"配方"},{"id":11103,"name":"血元珠锻造配方","quality":3,"type":"配方","price":18,"priceText":"18天道积分","description":"记载了魂修武器血元珠锻造方式的配方 血元珠为法宝级别的武器，主气血属性","source":"三生道台","position":"配方"},{"id":11104,"name":"镇邪赤阳剑锻造配方","quality":3,"type":"配方","price":22,"priceText":"22天道积分","description":"记载了剑修武器镇邪赤阳剑锻造方式的配方 镇邪赤阳剑为法宝级别的武器，主破甲属性","source":"三生道台","position":"配方"},{"id":11105,"name":"固山定海盾锻造配方","quality":3,"type":"配方","price":22,"priceText":"22天道积分","description":"记载了体修武器固山定海盾锻造方式的配方 固山定海盾为法宝级别的武器，主格挡属性","source":"三生道台","position":"配方"},{"id":11106,"name":"映月四灵杖锻造配方","quality":3,"type":"配方","price":22,"priceText":"22天道积分","description":"记载了医修武器映月四灵杖锻造方式的配方 三生道台为法宝级别的武器，主气血属性","source":"三生道台","position":"配方"},{"id":11107,"name":"墨羽黑毒杖锻造配方","quality":3,"type":"配方","price":22,"priceText":"22天道积分","description":"记载了魂修武器墨羽黑毒杖锻造方式的配方 墨羽黑毒杖为法宝级别的武器，主破甲属性","source":"三生道台","position":"配方"},{"id":11108,"name":"雷霆摧山袍锻造配方","quality":3,"type":"配方","price":28,"priceText":"28天道积分","description":"记载了衣服防具雷霆摧山袍锻造方式的配方 雷霆摧山袍为法宝级别的衣服，主肉身属性","source":"三生道台","position":"配方"},{"id":11109,"name":"碧纹魔魂衣锻造配方","quality":3,"type":"配方","price":28,"priceText":"28天道积分","description":"记载了衣服防具碧纹魔魂衣锻造方式的配方 碧纹魔魂衣为法宝级别的衣服，主神念属性","source":"三生道台","position":"配方"},{"id":11110,"name":"无定指环锻造配方","quality":3,"type":"配方","price":28,"priceText":"28天道积分","description":"记载了配饰防具无定指环锻造方式的配方 无定指环为法宝级别的配饰，主肉身属性","source":"三生道台","position":"配方"},{"id":11111,"name":"九宫阙镯锻造配方","quality":3,"type":"配方","price":30,"priceText":"30天道积分","description":"记载了配饰防具九宫阙镯锻造方式的配方 九宫阙镯为法宝级别的配饰，主格挡属性","source":"三生道台","position":"配方"},{"id":11112,"name":"碧空青莲靴锻造配方","quality":3,"type":"配方","price":28,"priceText":"28天道积分","description":"记载了鞋子防具碧空青莲靴锻造方式的配方 碧空青莲靴为法宝级别的鞋子，主神念属性","source":"三生道台","position":"配方"},{"id":11113,"name":"天武聚灵靴锻造配方","quality":3,"type":"配方","price":30,"priceText":"30天道积分","description":"记载了鞋子防具天武聚灵靴锻造方式的配方 天武聚灵靴为法宝级别的鞋子，主灵力属性","source":"三生道台","position":"配方"},{"id":11200,"name":"生机果","quality":3,"type":"锻造材料","price":1,"priceText":"1天道积分","description":"一种神奇的果子，蕴含较强的生相属性，极其罕见，是锻造灵宝级别武器跟装备的材料之一","source":"三生道台","position":"材料"},{"id":11201,"name":"灵炼死冥土","quality":3,"type":"锻造材料","price":1,"priceText":"1天道积分","description":"将死冥土通过灵炼手法提纯后的材料，死相属性较为突出，极其罕见，是锻造灵宝级别武器跟装备的材料之一","source":"三生道台","position":"材料"},{"id":11202,"name":"灵炼小宇石","quality":3,"type":"锻造材料","price":1,"priceText":"1天道积分","description":"将小宇石通过灵炼手法提纯后的材料，宇相属性较为突出，极其罕见，是锻造灵宝级别武器跟装备的材料之一","source":"三生道台","position":"材料"},{"id":11203,"name":"灵炼宙息粉","quality":3,"type":"锻造材料","price":1,"priceText":"1天道积分","description":"将宙息粉通过灵炼手法提纯后的材料，宙相属性较为突出，极其罕见，是锻造灵宝级别武器跟装备的材料之一","source":"三生道台","position":"材料"},{"id":11204,"name":"灵炼灵元晶","quality":3,"type":"锻造材料","price":1,"priceText":"1天道积分","description":"将灵元晶通过灵炼手法提纯后的材料，极其罕见，是锻造灵宝级别武器跟装备的材料之一","source":"三生道台","position":"材料"},{"id":11205,"name":"灵炼魔元晶","quality":3,"type":"锻造材料","price":1,"priceText":"1天道积分","description":"将魔元净通过灵炼手法提纯后的材料，极其罕见，是锻造灵宝级别武器跟装备的材料之一","source":"三生道台","position":"材料"},{"id":12100,"name":"仙灵铁矿","quality":5,"type":"锻造材料","price":1,"priceText":"1帝尊王气","source":"帝尊古楼","position":"材料"},{"id":12101,"name":"金曜石•仙灵","quality":5,"type":"锻造材料","price":1,"priceText":"1帝尊王气","source":"帝尊古楼","position":"材料"},{"id":12102,"name":"青曜石•仙灵","quality":5,"type":"锻造材料","price":1,"priceText":"1帝尊王气","source":"帝尊古楼","position":"材料"},{"id":12103,"name":"水灵石•仙灵","quality":5,"type":"锻造材料","price":1,"priceText":"1帝尊王气","source":"帝尊古楼","position":"材料"},{"id":12104,"name":"炙炎石•仙灵","quality":5,"type":"锻造材料","price":1,"priceText":"1帝尊王气","source":"帝尊古楼","position":"材料"},{"id":12105,"name":"黑曜石•仙灵","quality":5,"type":"锻造材料","price":1,"priceText":"1帝尊王气","source":"帝尊古楼","position":"材料"},{"id":12106,"name":"风结丝•仙灵","quality":5,"type":"锻造材料","price":1,"priceText":"1帝尊王气","source":"帝尊古楼","position":"材料"},{"id":12107,"name":"小雷石•仙灵","quality":5,"type":"锻造材料","price":1,"priceText":"1帝尊王气","source":"帝尊古楼","position":"材料"},{"id":12108,"name":"生息果•仙灵","quality":5,"type":"锻造材料","price":1,"priceText":"1帝尊王气","source":"帝尊古楼","position":"材料"},{"id":12109,"name":"死冥土•仙灵","quality":5,"type":"锻造材料","price":1,"priceText":"1帝尊王气","source":"帝尊古楼","position":"材料"},{"id":12110,"name":"小宇石•仙灵","quality":5,"type":"锻造材料","price":1,"priceText":"1帝尊王气","source":"帝尊古楼","position":"材料"},{"id":12111,"name":"宙息粉•仙灵","quality":5,"type":"锻造材料","price":1,"priceText":"1帝尊王气","source":"帝尊古楼","position":"材料"},{"id":12112,"name":"灵元晶•仙灵","quality":5,"type":"锻造材料","price":1,"priceText":"1帝尊王气","source":"帝尊古楼","position":"材料"},{"id":12113,"name":"魔元晶•仙灵","quality":5,"type":"锻造材料","price":1,"priceText":"1帝尊王气","source":"帝尊古楼","position":"材料"},{"id":12200,"name":"帝源浆","quality":5,"type":"特殊","price":30,"priceText":"30帝尊王气","source":"帝尊古楼","position":"特殊"},{"id":12201,"name":"传承令","quality":3,"type":"特殊","price":2,"priceText":"2帝尊王气","source":"帝尊古楼","position":"特殊"},{"id":13000,"name":"姜琰","quality":4,"type":"弟子","price":100,"priceText":"100圣阁残晶","source":"古圣阁","position":"门人"}]