[{"id":1,"sectLevel":1,"count":10,"name":"灵石","range":"3300-3800"},{"id":2,"sectLevel":1,"count":6,"name":"木材","range":"1200-1400"},{"id":3,"sectLevel":1,"count":6,"name":"矿石","range":"720-840"},{"id":4,"sectLevel":1,"count":6,"name":"灵草","range":"720-840"},{"id":10,"sectLevel":2,"count":12,"name":"灵石","range":"3600-4300"},{"id":11,"sectLevel":2,"count":8,"name":"木材","range":"1350-1550"},{"id":12,"sectLevel":2,"count":8,"name":"矿石","range":"810-930"},{"id":13,"sectLevel":2,"count":8,"name":"灵草","range":"810-930"},{"id":20,"sectLevel":3,"count":14,"name":"灵石","range":"4000-4800"},{"id":21,"sectLevel":3,"count":10,"name":"木材","range":"1450-1700"},{"id":22,"sectLevel":3,"count":10,"name":"矿石","range":"870-1020"},{"id":23,"sectLevel":3,"count":10,"name":"灵草","range":"870-1020"},{"id":30,"sectLevel":4,"count":16,"name":"灵石","range":"4600-5500"},{"id":31,"sectLevel":4,"count":12,"name":"木材","range":"1600-1850"},{"id":32,"sectLevel":4,"count":12,"name":"矿石","range":"960-1110"},{"id":33,"sectLevel":4,"count":12,"name":"灵草","range":"960-1110"},{"id":40,"sectLevel":5,"count":19,"name":"灵石","range":"5300-6100"},{"id":41,"sectLevel":5,"count":14,"name":"木材","range":"1700-1900"},{"id":42,"sectLevel":5,"count":14,"name":"矿石","range":"1020-1140"},{"id":43,"sectLevel":5,"count":14,"name":"灵草","range":"1020-1140"},{"id":50,"sectLevel":6,"count":22,"name":"灵石","range":"6000-7200"},{"id":51,"sectLevel":6,"count":16,"name":"木材","range":"1800-2000"},{"id":52,"sectLevel":6,"count":16,"name":"矿石","range":"1080-1200"},{"id":53,"sectLevel":6,"count":16,"name":"灵草","range":"1080-1200"}]