[{"id":1,"name":"青锋剑锻造配方","type":"锻造配方","quality":1,"material":"矿石*400#铁矿*8#野狼兽齿*2","result":"青锋剑","number":"1","rate":0.7,"require":1,"gainExp":10,"description":"记载了剑修武器青锋剑锻造方式的配方 青锋剑为法器级别的武器，主肉身属性","direction":"剑修武器锻造配方","limit":"320"},{"id":2,"name":"魂纹剑锻造配方","type":"锻造配方","quality":1,"material":"矿石*400#铁矿*8#残魂晶石*2","result":"魂纹剑","number":"1","rate":0.7,"require":1,"gainExp":10,"description":"记载了剑修武器魂纹剑锻造方式的配方 魂纹剑为法器级别的武器，主神念属性","direction":"剑修武器锻造配方","limit":"320"},{"id":3,"name":"破军剑锻造配方","type":"锻造配方","quality":1,"material":"矿石*600#铁矿*4#催灵粉*3","result":"破军剑","number":"1","rate":0.65,"require":1,"gainExp":15,"description":"记载了剑修武器破军剑锻造方式的配方 破军剑为法器级别的武器，主破甲属性","direction":"剑修武器锻造配方","limit":"448"},{"id":4,"name":"护灵剑锻造配方","type":"锻造配方","quality":1,"material":"矿石*400#铁矿*20#百锻钢*2","result":"护灵剑","number":"1","rate":0.65,"require":1,"gainExp":15,"description":"记载了剑修武器护灵剑锻造方式的配方 护灵剑为法器级别的武器，主格挡属性","direction":"剑修武器锻造配方","limit":"448"},{"id":5,"name":"秋水剑锻造配方","type":"锻造配方","quality":2,"material":"矿石*1000#精铁矿*8#灵元晶*1","result":"秋水剑","number":"1","rate":0.5,"require":2,"gainExp":80,"description":"记载了剑修武器秋水剑锻造方式的配方 秋水剑为灵器级别的武器，主格挡属性","direction":"剑修武器锻造配方","limit":"1400"},{"id":6,"name":"魔水剑锻造配方","type":"锻造配方","quality":2,"material":"矿石*500#精铁矿*10#魔元晶*1","result":"魔水剑","number":"1","rate":0.5,"require":2,"gainExp":80,"description":"记载了剑修武器魔水剑锻造方式的配方 魔水剑为灵器级别的武器，主破甲属性","direction":"剑修武器锻造配方","limit":"1400"},{"id":7,"name":"千钧剑锻造配方","type":"锻造配方","quality":2,"material":"矿石*500#精铁矿*2#黑曜石*2","result":"千钧剑","number":"1","rate":0.6,"require":2,"gainExp":40,"description":"记载了剑修武器千钧剑锻造方式的配方 千钧剑为灵器级别的武器，主肉身属性","direction":"剑修武器锻造配方","limit":"800"},{"id":8,"name":"截星剑锻造配方","type":"锻造配方","quality":2,"material":"矿石*500#精铁矿*6#水灵石*1","result":"截星剑","number":"1","rate":0.6,"require":2,"gainExp":40,"description":"记载了剑修武器截星剑锻造方式的配方 截星剑为灵器级别的武器，主神念属性","direction":"剑修武器锻造配方","limit":"800"},{"id":9,"name":"煞灵剑锻造配方","type":"锻造配方","quality":2,"material":"矿石*1200#精铁矿*3#死冥土*1","result":"煞灵剑","number":"1","rate":0.56,"require":2,"gainExp":70,"description":"记载了剑修武器煞灵剑锻造方式的配方 煞灵剑为灵器级别的武器，主破甲属性","direction":"剑修武器锻造配方","limit":"1040"},{"id":10,"name":"罡星剑锻造配方","type":"锻造配方","quality":2,"material":"矿石*900#精铁矿*11","result":"罡星剑","number":"1","rate":0.56,"require":2,"gainExp":70,"description":"记载了剑修武器罡星剑锻造方式的配方 罡星剑为灵器级别的武器，主格挡属性","direction":"剑修武器锻造配方","limit":"1040"},{"id":11,"name":"霸王剑锻造配方","type":"锻造配方","quality":3,"material":"矿石*600#灵铁矿*2#灵炼金曜石*2","result":"霸王剑","number":"1","rate":0.5,"require":3,"gainExp":120,"description":"记载了剑修武器霸王剑锻造方式的配方 霸王剑为法宝级别的武器，主肉身属性","direction":"剑修武器锻造配方","limit":"1440"},{"id":12,"name":"雾晨剑锻造配方","type":"锻造配方","quality":3,"material":"矿石*2200#灵铁矿*4#灵炼水灵石*1","result":"雾晨剑","number":"1","rate":0.5,"require":3,"gainExp":120,"description":"记载了剑修武器雾晨剑锻造方式的配方 雾晨剑为法宝级别的武器，主神念属性","direction":"剑修武器锻造配方","limit":"1440"},{"id":13,"name":"乾元血离剑锻造配方","type":"锻造配方","quality":3,"material":"矿石*1000#灵铁矿*4#生机果*2","result":"乾元血离剑","number":"1","rate":0.45,"require":3,"gainExp":200,"description":"记载了剑修武器乾元血离剑锻造方式的配方 乾元血离剑为法宝级别的武器，主气血属性","direction":"剑修武器锻造配方","limit":"2000"},{"id":14,"name":"镇邪赤阳剑锻造配方","type":"锻造配方","quality":3,"material":"矿石*600#灵铁矿*6#灵炼小雷石*2","result":"镇邪赤阳剑","number":"1","rate":0.45,"require":3,"gainExp":200,"description":"记载了剑修武器镇邪赤阳剑锻造方式的配方 镇邪赤阳剑为法宝级别的武器，主破甲属性","direction":"剑修武器锻造配方","limit":"2120"},{"id":15,"name":"飞仙明王剑锻造配方","type":"锻造配方","quality":4,"material":"矿石*2600#极灵铁矿*6#金曜石•极灵*1","result":"飞仙明王剑","number":"1","rate":0.4,"require":4,"gainExp":350,"description":"记载了剑修武器飞仙明王剑锻造方式的配方 飞仙明王剑为灵宝级别的武器，主肉身属性","direction":"剑修武器锻造配方","limit":"3840"},{"id":16,"name":"天极幻月剑锻造配方","type":"锻造配方","quality":4,"material":"矿石*4000#青曜石•极灵*1#金曜石•极灵*2","result":"天极幻月剑","number":"1","rate":0.4,"require":4,"gainExp":350,"description":"记载了剑修武器天极幻月剑锻造方式的配方 天极幻月剑为灵宝级别的武器，主神念属性","direction":"剑修武器锻造配方","limit":"3840"},{"id":17,"name":"极罡古霆剑锻造配方","type":"锻造配方","quality":4,"material":"矿石*800#极灵铁矿*4#黑曜石•极灵*2","result":"极罡古霆剑","number":"1","rate":0.4,"require":4,"gainExp":350,"description":"记载了剑修武器极罡古霆剑锻造方式的配方 极罡古霆剑为灵宝级别的武器，主破甲属性","direction":"剑修武器锻造配方","limit":"3840"},{"id":18,"name":"无恨玄星剑锻造配方","type":"锻造配方","quality":4,"material":"矿石*400#灵元晶•极灵*2#极灵铁矿*2","result":"无恨玄星剑","number":"1","rate":0.4,"require":4,"gainExp":350,"description":"记载了剑修武器无恨玄星剑锻造方式的配方 无恨玄星剑为灵宝级别的武器，主格挡属性","direction":"剑修武器锻造配方","limit":"3840"},{"id":201,"name":"精铁手套锻造配方","type":"锻造配方","quality":1,"material":"矿石*600#铁矿*20","result":"精铁手套","number":"1","rate":0.7,"require":1,"gainExp":10,"description":"记载了体修武器精铁手套锻造方式的配方 精铁手套为法器级别的武器，主肉身属性","direction":"体修武器锻造配方","limit":"320"},{"id":202,"name":"血精手套锻造配方","type":"锻造配方","quality":1,"material":"矿石*400#铁矿*8#血精碎*2","result":"血精手套","number":"1","rate":0.7,"require":1,"gainExp":10,"description":"记载了体修武器血精手套锻造方式的配方 血精手套为法器级别的武器，主气血属性","direction":"体修武器锻造配方","limit":"320"},{"id":203,"name":"截灵手套锻造配方","type":"锻造配方","quality":1,"material":"矿石*600#铁矿*16#催灵粉*2","result":"截灵手套","number":"1","rate":0.65,"require":1,"gainExp":15,"description":"记载了体修武器截灵手套锻造方式的配方 截灵手套为法器级别的武器，主破甲属性","direction":"体修武器锻造配方","limit":"448"},{"id":204,"name":"破灵手套锻造配方","type":"锻造配方","quality":1,"material":"矿石*500#铁矿*6#百锻钢*3","result":"破灵手套","number":"1","rate":0.65,"require":1,"gainExp":15,"description":"记载了体修武器破灵手套锻造方式的配方 破灵手套为法器级别的武器，主格挡属性","direction":"体修武器锻造配方","limit":"448"},{"id":205,"name":"黑元手套锻造配方","type":"锻造配方","quality":2,"material":"矿石*1000#魔元晶*2","result":"黑元手套","number":"1","rate":0.5,"require":2,"gainExp":80,"description":"记载了体修武器黑元手套锻造方式的配方 黑元手套为灵器级别的武器，主肉身属性","direction":"体修武器锻造配方","limit":"1400"},{"id":206,"name":"玄纹真灵盾锻造配方","type":"锻造配方","quality":2,"material":"矿石*500#精铁矿*10#青曜石*2","result":"玄纹真灵盾","number":"1","rate":0.5,"require":2,"gainExp":80,"description":"记载了体修武器玄纹真灵盾锻造方式的配方 玄纹真灵盾为灵器级别的武器，主格挡属性","direction":"体修武器锻造配方","limit":"1400"},{"id":207,"name":"千钧指套锻造配方","type":"锻造配方","quality":2,"material":"矿石*600#精铁矿*2#金曜石*2","result":"千钧指套","number":"1","rate":0.6,"require":2,"gainExp":40,"description":"记载了体修武器千钧指套锻造方式的配方 千钧指套为灵器级别的武器，主肉身属性","direction":"体修武器锻造配方","limit":"800"},{"id":208,"name":"汲血爪锻造配方","type":"锻造配方","quality":2,"material":"矿石*200#精铁矿*4#炙炎石*2","result":"汲血爪","number":"1","rate":0.6,"require":2,"gainExp":40,"description":"记载了体修武器汲血爪锻造方式的配方 汲血爪为灵器级别的武器，主气血属性","direction":"体修武器锻造配方","limit":"800"},{"id":209,"name":"虎阳手套锻造配方","type":"锻造配方","quality":2,"material":"矿石*700#黑曜石*1#青曜石*2","result":"虎阳手套","number":"1","rate":0.56,"require":2,"gainExp":70,"description":"记载了体修武器虎阳手套锻造方式的配方 虎阳手套为灵器级别的武器，主格挡属性","direction":"体修武器锻造配方","limit":"1040"},{"id":210,"name":"断流斧锻造配方","type":"锻造配方","quality":2,"material":"矿石*1000#精铁矿*3#金曜石*2","result":"断流斧","number":"1","rate":0.56,"require":2,"gainExp":70,"description":"记载了体修武器断流斧锻造方式的配方 断流斧为灵器级别的武器，主破甲属性","direction":"体修武器锻造配方","limit":"1040"},{"id":211,"name":"青阳斧锻造配方","type":"锻造配方","quality":3,"material":"矿石*3000#灵炼青曜石*2","result":"青阳斧","number":"1","rate":0.5,"require":3,"gainExp":120,"description":"记载了体修武器青阳斧锻造方式的配方 青阳斧为法宝级别的武器，主气血属性","direction":"体修武器锻造配方","limit":"1440"},{"id":212,"name":"裂地锤锻造配方","type":"锻造配方","quality":3,"material":"矿石*1300#灵铁矿*2#灵炼炙炎石**2","result":"裂地锤","number":"1","rate":0.5,"require":3,"gainExp":120,"description":"记载了体修武器裂地锤锻造方式的配方 裂地锤为法宝级别的武器，主肉身属性","direction":"体修武器锻造配方","limit":"1440"},{"id":213,"name":"九阴腐灵爪锻造配方","type":"锻造配方","quality":3,"material":"矿石*300#灵炼死冥土*3","result":"九阴腐灵爪","number":"1","rate":0.45,"require":3,"gainExp":200,"description":"记载了体修武器九阴腐灵爪锻造方式的配方 九阴腐灵爪为法宝级别的武器，主破甲属性","direction":"体修武器锻造配方","limit":"2000"},{"id":214,"name":"固山定海盾锻造配方","type":"锻造配方","quality":3,"material":"矿石*1500#灵炼水灵石*1#灵炼黑曜石*3","result":"固山定海盾","number":"1","rate":0.45,"require":3,"gainExp":200,"description":"记载了体修武器固山定海盾锻造方式的配方 固山定海盾为法宝级别的武器，主格挡属性","direction":"体修武器锻造配方","limit":"2120"},{"id":215,"name":"大日长空棍锻造配方","type":"锻造配方","quality":4,"material":"矿石*1000#魔元晶•极灵*2#极灵铁矿*1","result":"大日长空棍","number":"1","rate":0.4,"require":4,"gainExp":350,"description":"记载了剑修武器大日长空棍锻造方式的配方 大日长空棍为灵宝级别的武器，主破甲属性","direction":"体修武器锻造配方","limit":"3840"},{"id":216,"name":"黑玄立天盾锻造配方","type":"锻造配方","quality":4,"material":"矿石*2000#极灵铁矿*4#黑曜石•极灵*2","result":"黑玄立天盾","number":"1","rate":0.4,"require":4,"gainExp":350,"description":"记载了剑修武器黑玄立天盾锻造方式的配方 黑玄立天盾为灵宝级别的武器，主格挡属性","direction":"体修武器锻造配方","limit":"3840"},{"id":217,"name":"娑影古晶手锻造配方","type":"锻造配方","quality":4,"material":"矿石*4000#极灵铁矿*3#水灵石•极灵*2","result":"娑影古晶手","number":"1","rate":0.4,"require":4,"gainExp":350,"description":"记载了剑修武器娑影古晶手锻造方式的配方 娑影古晶手为灵宝级别的武器，主气血属性","direction":"体修武器锻造配方","limit":"3840"},{"id":218,"name":"四时巨灵锤锻造配方","type":"锻造配方","quality":4,"material":"矿石*1000#极灵铁矿*1#炙炎石•极灵*3","result":"四时巨灵锤","number":"1","rate":0.4,"require":4,"gainExp":350,"description":"记载了剑修武器四时巨灵锤锻造方式的配方 四时巨灵锤为灵宝级别的武器，主肉身属性","direction":"体修武器锻造配方","limit":"3840"},{"id":401,"name":"灵木葫锻造配方","type":"锻造配方","quality":1,"material":"矿石*300#铁矿*2#硬灵木*3","result":"灵木葫","number":"1","rate":0.7,"require":1,"gainExp":10,"description":"记载了医修武器灵木葫锻造方式的配方 灵木葫为法器级别的武器，主灵力属性","direction":"医修武器锻造配方","limit":"320"},{"id":402,"name":"容念壶锻造配方","type":"锻造配方","quality":1,"material":"矿石*400#铁矿*8#残魂晶石*2","result":"容念壶","number":"1","rate":0.7,"require":1,"gainExp":10,"description":"记载了医修武器容念壶锻造方式的配方 容念壶为法器级别的武器，主神念属性","direction":"医修武器锻造配方","limit":"320"},{"id":403,"name":"生机石锻造配方","type":"锻造配方","quality":1,"material":"矿石*800#铁矿*12#血精碎*3","result":"生机石","number":"1","rate":0.65,"require":1,"gainExp":15,"description":"记载了医修武器生机石锻造方式的配方 生机石为法器级别的武器，主气血属性","direction":"医修武器锻造配方","limit":"448"},{"id":404,"name":"护身壶锻造配方","type":"锻造配方","quality":1,"material":"矿石*300#铁矿*22#百锻钢*2","result":"护身壶","number":"1","rate":0.65,"require":1,"gainExp":15,"description":"记载了医修武器护身壶锻造方式的配方 护身壶为法器级别的武器，主格挡属性","direction":"医修武器锻造配方","limit":"448"},{"id":405,"name":"小阴阳壶锻造配方","type":"锻造配方","quality":2,"material":"矿石*1200#灵元晶*1#魔元晶*1","result":"小阴阳壶","number":"1","rate":0.5,"require":2,"gainExp":80,"description":"记载了医修武器小阴阳壶锻造方式的配方 小阴阳壶为灵器级别的武器，主气血属性","direction":"医修武器锻造配方","limit":"1400"},{"id":406,"name":"炼心壶锻造配方","type":"锻造配方","quality":2,"material":"矿石*1600#精铁矿*6#灵元晶*1","result":"炼心壶","number":"1","rate":0.5,"require":2,"gainExp":80,"description":"记载了医修武器炼心壶锻造方式的配方 炼心壶为灵器级别的武器，主神念属性","direction":"医修武器锻造配方","limit":"1400"},{"id":407,"name":"灵元葫芦锻造配方","type":"锻造配方","quality":2,"material":"矿石*400#精铁矿*3#水灵石*2","result":"灵元葫芦","number":"1","rate":0.6,"require":2,"gainExp":40,"description":"记载了医修武器灵元葫芦锻造方式的配方 灵元葫芦为灵器级别的武器，主灵力属性","direction":"医修武器锻造配方","limit":"800"},{"id":408,"name":"炼魂石锻造配方","type":"锻造配方","quality":2,"material":"矿石*600#精铁矿*5#小雷石*1","result":"炼魂石","number":"1","rate":0.6,"require":2,"gainExp":40,"description":"记载了医修武器炼魂石锻造方式的配方 炼魂石为灵器级别的武器，主神念属性","direction":"医修武器锻造配方","limit":"800"},{"id":409,"name":"血元葫芦锻造配方","type":"锻造配方","quality":2,"material":"矿石*1000#生息果*2","result":"血元葫芦","number":"1","rate":0.56,"require":2,"gainExp":70,"description":"记载了医修武器血元葫芦锻造方式的配方 血元葫芦为灵器级别的武器，主气血属性","direction":"医修武器锻造配方","limit":"1040"},{"id":410,"name":"土灵杖锻造配方","type":"锻造配方","quality":2,"material":"矿石*700#精铁矿*4#黑曜石*2","result":"土灵杖","number":"1","rate":0.56,"require":2,"gainExp":70,"description":"记载了医修武器土灵杖锻造方式的配方 土灵杖为灵器级别的武器，主格挡属性","direction":"医修武器锻造配方","limit":"1040"},{"id":411,"name":"百晓壶锻造配方","type":"锻造配方","quality":3,"material":"矿石*200#灵炼青曜石*1#灵炼水灵石*2","result":"百晓壶","number":"1","rate":0.5,"require":3,"gainExp":120,"description":"记载了医修武器百晓壶锻造方式的配方 百晓壶为法宝级别的武器，主灵力属性","direction":"医修武器锻造配方","limit":"1440"},{"id":412,"name":"清神壶锻造配方","type":"锻造配方","quality":3,"material":"矿石*2100#灵炼水灵石*2","result":"清神壶","number":"1","rate":0.5,"require":3,"gainExp":120,"description":"记载了医修武器清神壶锻造方式的配方 清神壶为法宝级别的武器，主神念属性","direction":"医修武器锻造配方","limit":"1440"},{"id":413,"name":"星雷葫芦锻造配方","type":"锻造配方","quality":3,"material":"矿石*1500#灵铁矿*5#灵炼小雷石*2","result":"星雷葫芦","number":"1","rate":0.45,"require":3,"gainExp":200,"description":"记载了医修武器星雷葫芦锻造方式的配方 星雷葫芦为法宝级别的武器，主破甲属性","direction":"医修武器锻造配方","limit":"2000"},{"id":414,"name":"映月四灵杖锻造配方","type":"锻造配方","quality":3,"material":"矿石*1500#灵炼黑曜石*1#生机果*2","result":"映月四灵杖","number":"1","rate":0.45,"require":3,"gainExp":200,"description":"记载了医修武器映月四灵杖锻造方式的配方 映月四灵杖为法宝级别的武器，主气血属性","direction":"医修武器锻造配方","limit":"2120"},{"id":415,"name":"一尘千影镜锻造配方","type":"锻造配方","quality":4,"material":"矿石*500#小宇石•极灵*3","result":"一尘千影镜","number":"1","rate":0.4,"require":4,"gainExp":350,"description":"记载了剑修武器一尘千影镜锻造方式的配方 一尘千影镜为灵宝级别的武器，主神念属性","direction":"医修武器锻造配方","limit":"3840"},{"id":416,"name":"月落镇鬼杖锻造配方","type":"锻造配方","quality":4,"material":"矿石*500#极灵铁矿*4#青曜石•极灵*2","result":"月落镇鬼杖","number":"1","rate":0.4,"require":4,"gainExp":350,"description":"记载了剑修武器月落镇鬼杖锻造方式的配方 月落镇鬼杖为灵宝级别的武器，主破甲属性","direction":"医修武器锻造配方","limit":"3840"},{"id":417,"name":"三清醉葫芦锻造配方","type":"锻造配方","quality":4,"material":"矿石*3000#极灵铁矿*6#水灵石•极灵*1","result":"三清醉葫芦","number":"1","rate":0.4,"require":4,"gainExp":350,"description":"记载了剑修武器三清醉葫芦锻造方式的配方 三清醉葫芦为灵宝级别的武器，主气血属性","direction":"医修武器锻造配方","limit":"3840"},{"id":418,"name":"破邪定心石锻造配方","type":"锻造配方","quality":4,"material":"矿石*2500#死冥土•极灵*1#黑曜石•极灵*2","result":"破邪定心石","number":"1","rate":0.4,"require":4,"gainExp":350,"description":"记载了剑修武器破邪定心石锻造方式的配方 破邪定心石为灵宝级别的武器，主格挡属性","direction":"医修武器锻造配方","limit":"3840"},{"id":601,"name":"集魂珠锻造配方","type":"锻造配方","quality":1,"material":"矿石*500#铁矿*6#残魂晶石*2","result":"集魂珠","number":"1","rate":0.7,"require":1,"gainExp":10,"description":"记载了魂修武器集魂珠锻造方式的配方 集魂珠为法器级别的武器，主神念属性","direction":"魂修武器锻造配方","limit":"320"},{"id":602,"name":"噬魂珠锻造配方","type":"锻造配方","quality":1,"material":"矿石*400#残魂晶石*1#血精碎*2","result":"噬魂珠","number":"1","rate":0.7,"require":1,"gainExp":10,"description":"记载了魂修武器噬魂珠锻造方式的配方 噬魂珠为法器级别的武器，主灵力属性","direction":"魂修武器锻造配方","limit":"320"},{"id":603,"name":"炼魂锁锻造配方","type":"锻造配方","quality":1,"material":"矿石*600#铁矿*4#百锻钢*3","result":"炼魂锁","number":"1","rate":0.65,"require":1,"gainExp":15,"description":"记载了魂修武器炼魂锁锻造方式的配方 炼魂锁为法器级别的武器，主神念属性","direction":"魂修武器锻造配方","limit":"448"},{"id":604,"name":"噬灵针锻造配方","type":"锻造配方","quality":1,"material":"矿石*600#铁矿*16#催灵粉*2","result":"噬灵针","number":"1","rate":0.65,"require":1,"gainExp":15,"description":"记载了魂修武器噬灵针锻造方式的配方 噬灵针为法器级别的武器，主破甲属性","direction":"魂修武器锻造配方","limit":"448"},{"id":605,"name":"鬼邪子母环锻造配方","type":"锻造配方","quality":2,"material":"矿石*1000#魔元晶*2","result":"鬼邪子母环","number":"1","rate":0.5,"require":2,"gainExp":80,"description":"记载了魂修武器鬼邪子母环锻造方式的配方 鬼邪子母环为灵器级别的武器，主破甲属性","direction":"魂修武器锻造配方","limit":"1400"},{"id":606,"name":"魔念爪锻造配方","type":"锻造配方","quality":2,"material":"矿石*200#金曜石*1#魔元晶*2","result":"魔念爪","number":"1","rate":0.5,"require":2,"gainExp":80,"description":"记载了魂修武器魔念爪锻造方式的配方 魔念爪为灵器级别的武器，主神念属性","direction":"魂修武器锻造配方","limit":"1400"},{"id":607,"name":"幽灵针锻造配方","type":"锻造配方","quality":2,"material":"矿石*1000#精铁矿*9","result":"幽灵针","number":"1","rate":0.6,"require":2,"gainExp":40,"description":"记载了魂修武器幽灵针锻造方式的配方 幽灵针为灵器级别的武器，主灵力属性","direction":"魂修武器锻造配方","limit":"800"},{"id":608,"name":"冥鬼指套锻造配方","type":"锻造配方","quality":2,"material":"矿石*100#炙炎石*1#小雷石*2","result":"冥鬼指套","number":"1","rate":0.6,"require":2,"gainExp":40,"description":"记载了魂修武器冥鬼指套锻造方式的配方 冥鬼指套为灵器级别的武器，主气血属性","direction":"魂修武器锻造配方","limit":"800"},{"id":609,"name":"百魂珠锻造配方","type":"锻造配方","quality":2,"material":"矿石*100#魔元晶*1#死冥土*1","result":"百魂珠","number":"1","rate":0.56,"require":2,"gainExp":70,"description":"记载了魂修武器百魂珠锻造方式的配方 百魂珠为灵器级别的武器，主神念属性","direction":"魂修武器锻造配方","limit":"1040"},{"id":610,"name":"黑乌杖锻造配方","type":"锻造配方","quality":2,"material":"矿石*900#精铁矿*8#水灵石*1","result":"黑乌杖","number":"1","rate":0.56,"require":2,"gainExp":70,"description":"记载了魂修武器黑乌杖锻造方式的配方 黑乌杖为灵器级别的武器，主破甲属性","direction":"魂修武器锻造配方","limit":"1040"},{"id":611,"name":"炼魂塔锻造配方","type":"锻造配方","quality":3,"material":"矿石*200#灵炼炙炎石*3","result":"炼魂塔","number":"1","rate":0.5,"require":3,"gainExp":120,"description":"记载了魂修武器炼魂塔锻造方式的配方 炼魂塔为法宝级别的武器，主神念属性","direction":"魂修武器锻造配方","limit":"1440"},{"id":612,"name":"缠心珠锻造配方","type":"锻造配方","quality":3,"material":"矿石*1300#灵炼水灵石*1#灵铁矿*5","result":"缠心珠","number":"1","rate":0.5,"require":3,"gainExp":120,"description":"记载了魂修武器缠心珠锻造方式的配方 缠心珠为法宝级别的武器，主灵力属性","direction":"魂修武器锻造配方","limit":"1440"},{"id":613,"name":"血元珠锻造配方","type":"锻造配方","quality":3,"material":"矿石*400#生机果*3","result":"血元珠","number":"1","rate":0.45,"require":3,"gainExp":200,"description":"记载了魂修武器血元珠锻造方式的配方 血元珠为法宝级别的武器，主气血属性","direction":"魂修武器锻造配方","limit":"2000"},{"id":614,"name":"墨羽黑毒杖锻造配方","type":"锻造配方","quality":3,"material":"矿石*600#灵炼死冥土*3","result":"墨羽黑毒杖","number":"1","rate":0.45,"require":3,"gainExp":200,"description":"记载了魂修武器墨羽黑毒杖锻造方式的配方 墨羽黑毒杖为法宝级别的武器，主破甲属性","direction":"魂修武器锻造配方","limit":"2120"},{"id":615,"name":"魔光炎鬼爪锻造配方","type":"锻造配方","quality":4,"material":"矿石*500#灵元晶•极灵*1#炙炎石•极灵*2","result":"魔光炎鬼爪","number":"1","rate":0.4,"require":4,"gainExp":350,"description":"记载了剑修武器魔光炎鬼爪锻造方式的配方 魔光炎鬼爪为灵宝级别的武器，主破甲属性","direction":"魂修武器锻造配方","limit":"3840"},{"id":616,"name":"苍冥光月珠锻造配方","type":"锻造配方","quality":4,"material":"矿石*500#生息果•极灵*2#青曜石•极灵*1","result":"苍冥光月珠","number":"1","rate":0.4,"require":4,"gainExp":350,"description":"记载了剑修武器苍冥光月珠锻造方式的配方 苍冥光月珠为灵宝级别的武器，主气血属性","direction":"魂修武器锻造配方","limit":"3840"},{"id":617,"name":"孤星幻音杖锻造配方","type":"锻造配方","quality":4,"material":"矿石*4000#金曜石•极灵*1#水灵石•极灵*2","result":"孤星幻音杖","number":"1","rate":0.4,"require":4,"gainExp":350,"description":"记载了剑修武器孤星幻音杖锻造方式的配方 孤星幻音杖为灵宝级别的武器，主神念属性","direction":"魂修武器锻造配方","limit":"3840"},{"id":618,"name":"幽璃三宝塔锻造配方","type":"锻造配方","quality":4,"material":"矿石*600#小宇石•极灵*2#黑曜石•极灵*1","result":"幽璃三宝塔","number":"1","rate":0.4,"require":4,"gainExp":350,"description":"记载了剑修武器幽璃三宝塔锻造方式的配方 幽璃三宝塔为灵宝级别的武器，主格挡属性","direction":"魂修武器锻造配方","limit":"3840"},{"id":801,"name":"灵丝布衣锻造配方","type":"锻造配方","quality":1,"material":"矿石*400#硬皮毛*3#灵丝*2","result":"灵丝布衣","number":"1","rate":0.7,"require":1,"gainExp":10,"description":"记载了衣服防具灵丝布衣锻造方式的配方 灵丝布衣为法器级别的衣服，主格挡属性","direction":"衣服锻造配方","limit":"320"},{"id":802,"name":"铁母火灵甲锻造配方","type":"锻造配方","quality":1,"material":"矿石*400#铁矿*10#火云母*3","result":"铁母火灵甲","number":"1","rate":0.65,"require":1,"gainExp":15,"description":"记载了衣服防具铁母火灵甲锻造方式的配方 铁母火灵甲为法器级别的衣服，主肉身属性","direction":"衣服锻造配方","limit":"448"},{"id":803,"name":"回春甲锻造配方","type":"锻造配方","quality":1,"material":"矿石*700#残魂晶石*3#血精碎*2","result":"回春甲","number":"1","rate":0.65,"require":1,"gainExp":15,"description":"记载了衣服防具回春甲锻造方式的配方 回春甲为法器级别的衣服，主气血属性","direction":"衣服锻造配方","limit":"448"},{"id":804,"name":"流纱注灵衣锻造配方","type":"锻造配方","quality":1,"material":"矿石*300#灵丝*3#催灵粉*2","result":"流纱注灵衣","number":"1","rate":0.65,"require":1,"gainExp":15,"description":"记载了衣服防具流纱注灵衣锻造方式的配方 流纱注灵衣为法器级别的衣服，主灵力属性","direction":"衣服锻造配方","limit":"448"},{"id":805,"name":"风灵袍锻造配方","type":"锻造配方","quality":2,"material":"矿石*400#风结丝*1#黑曜石*2","result":"风灵袍","number":"1","rate":0.6,"require":2,"gainExp":40,"description":"记载了衣服防具风灵袍锻造方式的配方 风灵袍为灵器级别的衣服，主格挡属性","direction":"衣服锻造配方","limit":"800"},{"id":806,"name":"金阳甲锻造配方","type":"锻造配方","quality":2,"material":"矿石*700#精铁矿*6#小宇石*1","result":"金阳甲","number":"1","rate":0.56,"require":2,"gainExp":50,"description":"记载了衣服防具金阳甲锻造方式的配方 金阳甲为灵器级别的衣服，主气血属性","direction":"衣服锻造配方","limit":"1040"},{"id":807,"name":"死寂幽魂衣锻造配方","type":"锻造配方","quality":2,"material":"矿石*1200#风结丝*2#魔元晶*1","result":"死寂幽魂衣","number":"1","rate":0.48,"require":2,"gainExp":80,"description":"记载了衣服防具死寂幽魂衣锻造方式的配方 死寂幽魂衣为灵器级别的衣服，主神念属性","direction":"衣服锻造配方","limit":"1320"},{"id":808,"name":"血战擎雷甲锻造配方","type":"锻造配方","quality":2,"material":"矿石*1400#精铁矿*10#小雷石*2","result":"血战擎雷甲","number":"1","rate":0.48,"require":2,"gainExp":90,"description":"记载了衣服防具血战擎雷甲锻造方式的配方 血战擎雷甲为灵器级别的衣服，主肉身属性","direction":"衣服锻造配方","limit":"1520"},{"id":809,"name":"龙鳞衣锻造配方","type":"锻造配方","quality":3,"material":"矿石*2000#凝风丝*1#灵炼灵元晶*1","result":"龙鳞衣","number":"1","rate":0.46,"require":3,"gainExp":140,"description":"记载了衣服防具龙鳞衣锻造方式的配方 龙鳞衣为法宝级别的衣服，主格挡属性","direction":"衣服锻造配方","limit":"1800"},{"id":810,"name":"冥煞无常甲锻造配方","type":"锻造配方","quality":3,"material":"矿石*2000#灵炼死冥土*2","result":"冥煞无常甲","number":"1","rate":0.46,"require":3,"gainExp":160,"description":"记载了衣服防具冥煞无常甲锻造方式的配方 冥煞无常甲为法宝级别的衣服，主破甲属性","direction":"衣服锻造配方","limit":"1800"},{"id":811,"name":"雷霆摧山袍锻造配方","type":"锻造配方","quality":3,"material":"矿石*1600#灵炼小雷石*1#凝风丝*3","result":"雷霆摧山袍","number":"1","rate":0.44,"require":3,"gainExp":220,"description":"记载了衣服防具雷霆摧山袍锻造方式的配方 雷霆摧山袍为法宝级别的衣服，主肉身属性","direction":"衣服锻造配方","limit":"2320"},{"id":812,"name":"碧纹魔魂衣锻造配方","type":"锻造配方","quality":3,"material":"矿石*2200#凝风丝*1#灵炼魔元晶*2","result":"碧纹魔魂衣","number":"1","rate":0.44,"require":3,"gainExp":200,"description":"记载了衣服防具碧纹魔魂衣锻造方式的配方 碧纹魔魂衣为法宝级别的衣服，主神念属性","direction":"衣服锻造配方","limit":"2320"},{"id":813,"name":"仁王重天衣锻造配方","type":"锻造配方","quality":4,"material":"矿石*3000#生息果•极灵*1#青曜石•极灵*2","result":"仁王重天衣","number":"1","rate":0.4,"require":4,"gainExp":350,"description":"记载了衣服防具仁王重天衣锻造方式的配方 仁王重天衣为灵宝级别的衣服，主神念属性","direction":"衣服锻造配方","limit":"3840"},{"id":814,"name":"渡星长空袍锻造配方","type":"锻造配方","quality":4,"material":"矿石*2200#小宇石•极灵*2#水灵石•极灵*1","result":"渡星长空袍","number":"1","rate":0.4,"require":4,"gainExp":350,"description":"记载了衣服防具渡星长空袍锻造方式的配方 渡星长空袍为灵宝级别的衣服，主灵力属性","direction":"衣服锻造配方","limit":"3840"},{"id":815,"name":"绝魄千山铠锻造配方","type":"锻造配方","quality":4,"material":"矿石*5000#黑曜石•极灵*1#金曜石•极灵*2","result":"绝魄千山铠","number":"1","rate":0.4,"require":4,"gainExp":350,"description":"记载了衣服防具绝魄千山铠锻造方式的配方 绝魄千山铠为灵宝级别的衣服，主肉身属性","direction":"衣服锻造配方","limit":"3840"},{"id":816,"name":"九阳绝阴甲锻造配方","type":"锻造配方","quality":4,"material":"矿石*4500#炙炎石•极灵*2#金曜石•极灵*1","result":"九阳绝阴甲","number":"1","rate":0.4,"require":4,"gainExp":350,"description":"记载了衣服防具九阳绝阴甲锻造方式的配方 九阳绝阴甲为灵宝级别的衣服，主气血属性","direction":"衣服锻造配方","limit":"3840"},{"id":1001,"name":"灵玉佩锻造配方","type":"锻造配方","quality":1,"material":"矿石*400#残魂晶石*3","result":"灵玉佩","number":"1","rate":0.7,"require":1,"gainExp":10,"description":"记载了配饰防具灵玉佩锻造方式的配方 灵玉佩为法器级别的配饰，主气血属性","direction":"配饰锻造配方","limit":"320"},{"id":1002,"name":"灵光佩锻造配方","type":"锻造配方","quality":1,"material":"矿石*300#残魂晶石*2#催灵粉*1","result":"灵光佩","number":"1","rate":0.65,"require":1,"gainExp":15,"description":"记载了配饰防具灵光佩锻造方式的配方 灵光佩为法器级别的配饰，主灵力属性","direction":"配饰锻造配方","limit":"352"},{"id":1003,"name":"煞念手镯锻造配方","type":"锻造配方","quality":1,"material":"矿石*300#残魂晶石*5","result":"煞念手镯","number":"1","rate":0.65,"require":1,"gainExp":15,"description":"记载了配饰防具煞念手镯锻造方式的配方 煞念手镯为法器级别的配饰，主神念属性","direction":"配饰锻造配方","limit":"416"},{"id":1004,"name":"护灵指环锻造配方","type":"锻造配方","quality":1,"material":"矿石*500#血精碎*2#百锻钢*2","result":"护灵指环","number":"1","rate":0.65,"require":1,"gainExp":15,"description":"记载了配饰防具护灵指环锻造方式的配方 护灵指环为法器级别的配饰，主格挡属性","direction":"配饰锻造配方","limit":"448"},{"id":1005,"name":"虎阳玉佩锻造配方","type":"锻造配方","quality":2,"material":"矿石*400#风结丝*1#炙炎石*2","result":"虎阳玉佩","number":"1","rate":0.6,"require":2,"gainExp":40,"description":"记载了配饰防具虎阳玉佩锻造方式的配方 虎阳玉佩为灵器级别的配饰，主气血属性","direction":"配饰锻造配方","limit":"800"},{"id":1006,"name":"清灵手镯锻造配方","type":"锻造配方","quality":2,"material":"矿石*200#精铁矿*6#水灵石*2","result":"清灵手镯","number":"1","rate":0.56,"require":2,"gainExp":50,"description":"记载了配饰防具清灵手镯锻造方式的配方 清灵手镯为灵器级别的配饰，主灵力属性","direction":"配饰锻造配方","limit":"1040"},{"id":1007,"name":"天音戒锻造配方","type":"锻造配方","quality":2,"material":"矿石*600#精铁矿*6#灵元晶*2","result":"天音戒","number":"1","rate":0.48,"require":2,"gainExp":80,"description":"记载了配饰防具天音戒锻造方式的配方 天音戒为灵器级别的配饰，主神念属性","direction":"配饰锻造配方","limit":"1400"},{"id":1008,"name":"镇鬼戒锻造配方","type":"锻造配方","quality":2,"material":"矿石*200#精铁矿*4#死冥土*3","result":"镇鬼戒","number":"1","rate":0.48,"require":2,"gainExp":90,"description":"记载了配饰防具镇鬼戒锻造方式的配方 镇鬼戒为灵器级别的配饰，主破甲属性","direction":"配饰锻造配方","limit":"1560"},{"id":1009,"name":"破劫手环锻造配方","type":"锻造配方","quality":3,"material":"矿石*1200#灵铁矿*4#灵炼金曜石*2","result":"破劫手环","number":"1","rate":0.46,"require":3,"gainExp":140,"description":"记载了配饰防具破劫手环锻造方式的配方 破劫手环为法宝级别的配饰，主破甲属性","direction":"配饰锻造配方","limit":"1920"},{"id":1010,"name":"血虹玉佩锻造配方","type":"锻造配方","quality":3,"material":"矿石*2000#灵炼小宇石*1#生机果*1","result":"血虹玉佩","number":"1","rate":0.46,"require":3,"gainExp":160,"description":"记载了配饰防具血虹玉佩锻造方式的配方 血虹玉佩为法宝级别的配饰，主气血属性","direction":"配饰锻造配方","limit":"2040"},{"id":1011,"name":"无定指环锻造配方","type":"锻造配方","quality":3,"material":"矿石*1600#灵铁矿*6#灵炼金曜石*3","result":"无定指环","number":"1","rate":0.44,"require":3,"gainExp":220,"description":"记载了配饰防具无定指环锻造方式的配方 无定指环为法宝级别的配饰，主肉身属性","direction":"配饰锻造配方","limit":"2200"},{"id":1012,"name":"九宫阙镯锻造配方","type":"锻造配方","quality":3,"material":"矿石*2600#灵炼宙息粉*3","result":"九宫阙镯","number":"1","rate":0.44,"require":3,"gainExp":200,"description":"记载了配饰防具九宫阙镯锻造方式的配方 九宫阙镯为法宝级别的配饰，主格挡属性","direction":"配饰锻造配方","limit":"2400"},{"id":1013,"name":"玄如曲影佩锻造配方","type":"锻造配方","quality":4,"material":"矿石*200#金曜石•极灵*2#黑曜石•极灵*2","result":"玄如曲影佩","number":"1","rate":0.4,"require":4,"gainExp":350,"description":"记载了配饰防具玄如曲影佩锻造方式的配方 玄如曲影佩为灵宝级别的配饰，主灵力属性","direction":"配饰锻造配方","limit":"3840"},{"id":1014,"name":"幽泉梦回戒锻造配方","type":"锻造配方","quality":4,"material":"矿石*4500#魔元晶•极灵*1#极灵铁矿*6","result":"幽泉梦回戒","number":"1","rate":0.4,"require":4,"gainExp":350,"description":"记载了配饰防具幽泉梦回戒锻造方式的配方 幽泉梦回戒为灵宝级别的配饰，主神念属性","direction":"配饰锻造配方","limit":"3840"},{"id":1015,"name":"金阳八龙镯锻造配方","type":"锻造配方","quality":4,"material":"矿石*500#灵元晶•极灵*2#极灵铁矿*3","result":"金阳八龙镯","number":"1","rate":0.4,"require":4,"gainExp":350,"description":"记载了配饰防具金阳八龙镯锻造方式的配方 金阳八龙镯为灵宝级别的配饰，主肉身属性","direction":"配饰锻造配方","limit":"3840"},{"id":1016,"name":"星魁鬼骨环锻造配方","type":"锻造配方","quality":4,"material":"矿石*4000#死冥土•极灵*1#极灵铁矿*7","result":"星魁鬼骨环","number":"1","rate":0.4,"require":4,"gainExp":350,"description":"记载了配饰防具星魁鬼骨环锻造方式的配方 星魁鬼骨环为灵宝级别的配饰，主格挡属性","direction":"配饰锻造配方","limit":"3840"},{"id":1201,"name":"轻羽靴锻造配方","type":"锻造配方","quality":1,"material":"矿石*400#硬皮毛*8","result":"轻羽靴","number":"1","rate":0.7,"require":1,"gainExp":10,"description":"记载了鞋子防具轻羽靴锻造方式的配方 轻羽靴为法器级别的鞋子，主灵力属性","direction":"鞋子锻造配方","limit":"320"},{"id":1202,"name":"灵羽靴锻造配方","type":"锻造配方","quality":1,"material":"矿石*100#硬皮毛*4#催灵粉*2","result":"灵羽靴","number":"1","rate":0.65,"require":1,"gainExp":15,"description":"记载了鞋子防具灵羽靴锻造方式的配方 灵羽靴为法器级别的鞋子，主神念属性","direction":"鞋子锻造配方","limit":"368"},{"id":1203,"name":"金角靴锻造配方","type":"锻造配方","quality":1,"material":"矿石*100#百锻钢*4#铁矿*4","result":"金角靴","number":"1","rate":0.65,"require":1,"gainExp":15,"description":"记载了鞋子防具金角靴锻造方式的配方 金角靴为法器级别的鞋子，主破甲属性","direction":"鞋子锻造配方","limit":"416"},{"id":1204,"name":"力斗靴锻造配方","type":"锻造配方","quality":1,"material":"矿石*600#百锻钢*4","result":"力斗靴","number":"1","rate":0.65,"require":1,"gainExp":15,"description":"记载了鞋子防具力斗靴锻造方式的配方 力斗靴为法器级别的鞋子，主肉身属性","direction":"鞋子锻造配方","limit":"448"},{"id":1205,"name":"金光靴锻造配方","type":"锻造配方","quality":2,"material":"矿石*500#风结丝*1#金曜石*2","result":"金光靴","number":"1","rate":0.6,"require":2,"gainExp":40,"description":"记载了鞋子防具金光靴锻造方式的配方 金光靴为灵器级别的鞋子，主灵力属性","direction":"鞋子锻造配方","limit":"800"},{"id":1206,"name":"逍遥云纹靴锻造配方","type":"锻造配方","quality":2,"material":"矿石*400#精铁矿*6#灵元晶*1","result":"逍遥云纹靴","number":"1","rate":0.56,"require":2,"gainExp":50,"description":"记载了鞋子防具逍遥云纹靴锻造方式的配方 逍遥云纹靴为灵器级别的鞋子，主格挡属性","direction":"鞋子锻造配方","limit":"1040"},{"id":1207,"name":"赤焰靴锻造配方","type":"锻造配方","quality":2,"material":"矿石*1600#精铁矿*6#炙炎石*3","result":"赤焰靴","number":"1","rate":0.48,"require":2,"gainExp":80,"description":"记载了鞋子防具赤焰靴锻造方式的配方 赤焰靴为灵器级别的鞋子，主破甲属性","direction":"鞋子锻造配方","limit":"1400"},{"id":1208,"name":"甲木春灵靴锻造配方","type":"锻造配方","quality":2,"material":"矿石*700#风结丝*2#宙息粉*2","result":"甲木春灵靴","number":"1","rate":0.48,"require":2,"gainExp":90,"description":"记载了鞋子防具甲木春灵靴锻造方式的配方 甲木春灵靴为灵器级别的鞋子，主气血属性","direction":"鞋子锻造配方","limit":"1600"},{"id":1209,"name":"罗云靴锻造配方","type":"锻造配方","quality":3,"material":"矿石*3000#灵炼水灵石*1#灵炼灵元晶*1","result":"罗云靴","number":"1","rate":0.46,"require":3,"gainExp":140,"description":"记载了鞋子防具罗云靴锻造方式的配方 罗云靴为法宝级别的鞋子，主格挡属性","direction":"鞋子锻造配方","limit":"1920"},{"id":1210,"name":"三炎绝魔靴锻造配方","type":"锻造配方","quality":3,"material":"矿石*1000#灵炼小宇石*1#灵炼魔元晶*1","result":"三炎绝魔靴","number":"1","rate":0.46,"require":3,"gainExp":160,"description":"记载了鞋子防具三炎绝魔靴锻造方式的配方 三炎绝魔靴为法宝级别的鞋子，主破甲属性","direction":"鞋子锻造配方","limit":"2040"},{"id":1211,"name":"碧空青莲靴锻造配方","type":"锻造配方","quality":3,"material":"矿石*3100#灵铁矿*4#生机果*2","result":"碧空青莲靴","number":"1","rate":0.44,"require":3,"gainExp":220,"description":"记载了鞋子防具碧空青莲靴锻造方式的配方 碧空青莲靴为法宝级别的鞋子，主神念属性","direction":"鞋子锻造配方","limit":"2200"},{"id":1212,"name":"天武聚灵靴锻造配方","type":"锻造配方","quality":3,"material":"矿石*400#灵炼宙息粉*2#凝风丝*2","result":"天武聚灵靴","number":"1","rate":0.44,"require":3,"gainExp":200,"description":"记载了鞋子防具天武聚灵靴锻造方式的配方 天武聚灵靴为法宝级别的鞋子，主灵力属性","direction":"鞋子锻造配方","limit":"2400"},{"id":1213,"name":"冰魄三叠靴锻造配方","type":"锻造配方","quality":4,"material":"矿石*3000#宙息粉•极灵*1#风结丝•极灵*2","result":"冰魄三叠靴","number":"1","rate":0.4,"require":4,"gainExp":350,"description":"记载了鞋子防具冰魄三叠靴锻造方式的配方 冰魄三叠靴为灵宝级别的鞋子，主破甲属性","direction":"鞋子锻造配方","limit":"3840"},{"id":1214,"name":"无忧晓月靴锻造配方","type":"锻造配方","quality":4,"material":"矿石*3500#魔元晶•极灵*1#青曜石•极灵*2","result":"无忧晓月靴","number":"1","rate":0.4,"require":4,"gainExp":350,"description":"记载了鞋子防具无忧晓月靴锻造方式的配方 无忧晓月靴为灵宝级别的鞋子，主气血属性","direction":"鞋子锻造配方","limit":"3840"},{"id":1215,"name":"火乌惊雷靴锻造配方","type":"锻造配方","quality":4,"material":"矿石*4000#炙炎石•极灵*1#小雷石•极灵*2","result":"火乌惊雷靴","number":"1","rate":0.4,"require":4,"gainExp":350,"description":"记载了鞋子防具火乌惊雷靴锻造方式的配方 火乌惊雷靴为灵宝级别的鞋子，主格挡属性","direction":"鞋子锻造配方","limit":"3840"},{"id":1216,"name":"飞梦大灵靴锻造配方","type":"锻造配方","quality":4,"material":"矿石*3500#灵元晶•极灵*2#水灵石•极灵*1","result":"飞梦大灵靴","number":"1","rate":0.4,"require":4,"gainExp":350,"description":"记载了鞋子防具飞梦大灵靴锻造方式的配方 飞梦大灵靴为灵宝级别的鞋子，主灵力属性","direction":"鞋子锻造配方","limit":"3840"},{"id":2001,"name":"筑基丹炼制配方","type":"炼丹配方","quality":1,"material":"灵草*400#蕴灵草*3#集气草*1","result":"筑基丹","number":"1-3","rate":0.5,"require":1,"gainExp":10,"description":"记载了炼制筑基丹方法的配方\n筑基丹为凡级丹药，可辅助修真者突破至筑基境","direction":"渡劫丹药","limit":"3"},{"id":2002,"name":"凝金丹炼制配方","type":"炼丹配方","quality":2,"material":"灵草*600#冲灵液*3#凝灵草*1","result":"凝金丹","number":"1-3","rate":0.45,"require":1,"gainExp":20,"description":"记载了炼制凝金丹方法的配方\n凝金丹为黄级丹药，可辅助修真者突破至金丹境","direction":"渡劫丹药","limit":"3"},{"id":2003,"name":"元婴丹炼制配方","type":"炼丹配方","quality":2,"material":"灵草*800#化婴草*3#灵窍花*1","result":"元婴丹","number":"1-4","rate":0.42,"require":1,"gainExp":50,"description":"记载了炼制元婴丹方法的配方\n元婴丹为黄级巅峰丹药，可辅助修真者突破至元婴境","direction":"渡劫丹药","limit":"4"},{"id":2004,"name":"化神丹炼制配方","type":"炼丹配方","quality":3,"material":"灵草*1200#碎婴草*3#凝魂果*1","result":"化神丹","number":"1-4","rate":0.38,"require":2,"gainExp":80,"description":"记载了炼制化神丹方法的配方\n化神丹为玄级丹药，可辅助修真者突破至化神境","direction":"渡劫丹药","limit":"4"},{"id":2005,"name":"合体丹炼制配方","type":"炼丹配方","quality":3,"material":"灵草*2000#融魂果*4#合魂花*1","result":"合体丹","number":"2-5","rate":0.35,"require":3,"gainExp":100,"description":"记载了炼制合体丹方法的配方\n合体丹为玄级丹药，可辅助修真者进行合体境修炼","direction":"渡劫丹药","limit":"5"},{"id":2101,"name":"初命丹炼制配方","type":"炼丹配方","quality":1,"material":"灵草*600#气灵花*5#小道果*1","result":"初命丹","number":"1-3","rate":0.35,"require":2,"gainExp":40,"description":"记载了炼制初命丹方法的配方\n初命丹为凡级巅峰丹药，可辅助修真者激活命源","direction":"命魂丹药","limit":"3"},{"id":2102,"name":"窥命丹炼制配方","type":"炼丹配方","quality":2,"material":"灵草*1000#鬼骨*5#死灵晶*1","result":"窥命丹","number":"1-4","rate":0.28,"require":3,"gainExp":80,"description":"记载了炼制窥命丹方法的配方\n窥命丹为黄级巅峰丹药，可辅助修真者激活命源","direction":"命魂丹药","limit":"4"},{"id":2103,"name":"顺命丹炼制配方","type":"炼丹配方","quality":3,"material":"灵草*1500#功德花*4#金树粉*1","result":"顺命丹","number":"1-5","rate":0.2,"require":4,"gainExp":140,"description":"记载了炼制顺命丹方法的配方\n顺命丹为玄级巅峰丹药，可辅助修真者激活命源","direction":"命魂丹药","limit":"5"},{"id":2104,"name":"奇命丹炼制配方","type":"炼丹配方","quality":4,"material":"灵草*2000#菩提汁*3#金刚果*1","result":"奇命丹","number":"1-6","rate":0.16,"require":5,"gainExp":250,"description":"记载了炼制奇命丹方法的配方\n奇命丹为地级巅峰丹药，可辅助修真者激活命源","direction":"命魂丹药","limit":"6"}]