[{"id":1,"name":"低级灵脉","level":1,"quality":1,"promoteCondiction":"无","promoteConsume":"灵石*100","promoteRate":0.8,"servantLimit":10,"containerLimit":100000,"formulaIncome":"仆役数量*22"},{"id":1,"name":"低级灵脉","level":2,"quality":1,"promoteCondiction":"无","promoteConsume":"灵石*250","promoteRate":0.8,"servantLimit":11,"containerLimit":108000,"formulaIncome":"仆役数量*22"},{"id":1,"name":"低级灵脉","level":3,"quality":1,"promoteCondiction":"无","promoteConsume":"灵石*400","promoteRate":0.8,"servantLimit":12,"containerLimit":116000,"formulaIncome":"仆役数量*22"},{"id":1,"name":"低级灵脉","level":4,"quality":1,"promoteCondiction":"无","promoteConsume":"灵石*550","promoteRate":0.8,"servantLimit":13,"containerLimit":124000,"formulaIncome":"仆役数量*22"},{"id":1,"name":"低级灵脉","level":5,"quality":1,"promoteCondiction":"无","promoteConsume":"灵石*700","promoteRate":0.8,"servantLimit":14,"containerLimit":132000,"formulaIncome":"仆役数量*22"},{"id":1,"name":"低级灵脉","level":6,"quality":1,"promoteCondiction":"无","promoteConsume":"灵石*850","promoteRate":0.8,"servantLimit":15,"containerLimit":140000,"formulaIncome":"仆役数量*22"},{"id":1,"name":"低级灵脉","level":7,"quality":1,"promoteCondiction":"无","promoteConsume":"灵石*1000","promoteRate":0.8,"servantLimit":16,"containerLimit":148000,"formulaIncome":"仆役数量*22"},{"id":1,"name":"低级灵脉","level":8,"quality":1,"promoteCondiction":"无","promoteConsume":"灵石*1150","promoteRate":0.8,"servantLimit":17,"containerLimit":156000,"formulaIncome":"仆役数量*22"},{"id":1,"name":"低级灵脉","level":9,"quality":1,"promoteCondiction":"无","promoteConsume":"灵石*1300","promoteRate":0.8,"servantLimit":18,"containerLimit":164000,"formulaIncome":"仆役数量*22"},{"id":1,"name":"低级灵脉","level":10,"quality":1,"promoteCondiction":"门派等级>=2","promoteConsume":"灵石*800#五行灵结石*1","promoteRate":0.35,"servantLimit":19,"containerLimit":172000,"formulaIncome":"仆役数量*22"},{"id":1,"name":"黄级灵脉","level":11,"quality":2,"promoteCondiction":"无","promoteConsume":"灵石*2000","promoteRate":0.75,"servantLimit":21,"containerLimit":184000,"formulaIncome":"仆役数量*26"},{"id":1,"name":"黄级灵脉","level":12,"quality":2,"promoteCondiction":"无","promoteConsume":"灵石*2300","promoteRate":0.75,"servantLimit":22,"containerLimit":196000,"formulaIncome":"仆役数量*26"},{"id":1,"name":"黄级灵脉","level":13,"quality":2,"promoteCondiction":"无","promoteConsume":"灵石*2600","promoteRate":0.75,"servantLimit":23,"containerLimit":208000,"formulaIncome":"仆役数量*26"},{"id":1,"name":"黄级灵脉","level":14,"quality":2,"promoteCondiction":"无","promoteConsume":"灵石*2900","promoteRate":0.75,"servantLimit":24,"containerLimit":220000,"formulaIncome":"仆役数量*26"},{"id":1,"name":"黄级灵脉","level":15,"quality":2,"promoteCondiction":"无","promoteConsume":"灵石*3200","promoteRate":0.75,"servantLimit":25,"containerLimit":232000,"formulaIncome":"仆役数量*26"},{"id":1,"name":"黄级灵脉","level":16,"quality":2,"promoteCondiction":"无","promoteConsume":"灵石*3500","promoteRate":0.75,"servantLimit":26,"containerLimit":244000,"formulaIncome":"仆役数量*26"},{"id":1,"name":"黄级灵脉","level":17,"quality":2,"promoteCondiction":"无","promoteConsume":"灵石*3800","promoteRate":0.75,"servantLimit":27,"containerLimit":256000,"formulaIncome":"仆役数量*26"},{"id":1,"name":"黄级灵脉","level":18,"quality":2,"promoteCondiction":"无","promoteConsume":"灵石*4100","promoteRate":0.75,"servantLimit":28,"containerLimit":268000,"formulaIncome":"仆役数量*26"},{"id":1,"name":"黄级灵脉","level":19,"quality":2,"promoteCondiction":"无","promoteConsume":"灵石*4400","promoteRate":0.75,"servantLimit":29,"containerLimit":280000,"formulaIncome":"仆役数量*26"},{"id":1,"name":"黄级灵脉","level":20,"quality":2,"promoteCondiction":"无","promoteConsume":"灵石*2000#横弥精母山*2","promoteRate":0.25,"servantLimit":30,"containerLimit":292000,"formulaIncome":"仆役数量*26"},{"id":1,"name":"玄级灵脉","level":21,"quality":3,"promoteCondiction":"无","promoteConsume":"灵石*5500","promoteRate":0.65,"servantLimit":32,"containerLimit":312000,"formulaIncome":"仆役数量*30"},{"id":1,"name":"玄级灵脉","level":22,"quality":3,"promoteCondiction":"无","promoteConsume":"灵石*6500","promoteRate":0.65,"servantLimit":33,"containerLimit":332000,"formulaIncome":"仆役数量*30"},{"id":1,"name":"玄级灵脉","level":23,"quality":3,"promoteCondiction":"无","promoteConsume":"灵石*7500","promoteRate":0.65,"servantLimit":34,"containerLimit":352000,"formulaIncome":"仆役数量*30"},{"id":1,"name":"玄级灵脉","level":24,"quality":3,"promoteCondiction":"无","promoteConsume":"灵石*8500","promoteRate":0.65,"servantLimit":35,"containerLimit":372000,"formulaIncome":"仆役数量*30"},{"id":1,"name":"玄级灵脉","level":25,"quality":3,"promoteCondiction":"无","promoteConsume":"灵石*9500","promoteRate":0.65,"servantLimit":36,"containerLimit":392000,"formulaIncome":"仆役数量*30"},{"id":1,"name":"玄级灵脉","level":26,"quality":3,"promoteCondiction":"无","promoteConsume":"灵石*10500","promoteRate":0.65,"servantLimit":37,"containerLimit":412000,"formulaIncome":"仆役数量*30"},{"id":1,"name":"玄级灵脉","level":27,"quality":3,"promoteCondiction":"无","promoteConsume":"灵石*11500","promoteRate":0.65,"servantLimit":38,"containerLimit":432000,"formulaIncome":"仆役数量*30"},{"id":1,"name":"玄级灵脉","level":28,"quality":3,"promoteCondiction":"无","promoteConsume":"灵石*12500","promoteRate":0.65,"servantLimit":39,"containerLimit":452000,"formulaIncome":"仆役数量*30"},{"id":1,"name":"玄级灵脉","level":29,"quality":3,"promoteCondiction":"无","promoteConsume":"灵石*13500","promoteRate":0.65,"servantLimit":40,"containerLimit":472000,"formulaIncome":"仆役数量*30"},{"id":1,"name":"玄级灵脉","level":30,"quality":3,"promoteCondiction":"门派等级>=3","promoteConsume":"灵石*4000#洛元弥水*3","promoteRate":0.2,"servantLimit":41,"containerLimit":492000,"formulaIncome":"仆役数量*30"},{"id":1,"name":"地级灵脉","level":31,"quality":4,"promoteCondiction":"无","promoteConsume":"灵石*16000","promoteRate":0.55,"servantLimit":46,"containerLimit":500000,"formulaIncome":"仆役数量*35"},{"id":1,"name":"地级灵脉","level":32,"quality":4,"promoteCondiction":"无","promoteConsume":"灵石*18000","promoteRate":0.55,"servantLimit":47,"containerLimit":525000,"formulaIncome":"仆役数量*35"},{"id":1,"name":"地级灵脉","level":33,"quality":4,"promoteCondiction":"无","promoteConsume":"灵石*20000","promoteRate":0.55,"servantLimit":48,"containerLimit":550000,"formulaIncome":"仆役数量*35"},{"id":1,"name":"地级灵脉","level":34,"quality":4,"promoteCondiction":"无","promoteConsume":"灵石*22000","promoteRate":0.55,"servantLimit":49,"containerLimit":575000,"formulaIncome":"仆役数量*35"},{"id":1,"name":"地级灵脉","level":35,"quality":4,"promoteCondiction":"无","promoteConsume":"灵石*24000","promoteRate":0.55,"servantLimit":50,"containerLimit":600000,"formulaIncome":"仆役数量*35"},{"id":1,"name":"地级灵脉","level":36,"quality":4,"promoteCondiction":"无","promoteConsume":"灵石*26000","promoteRate":0.55,"servantLimit":51,"containerLimit":625000,"formulaIncome":"仆役数量*35"},{"id":1,"name":"地级灵脉","level":37,"quality":4,"promoteCondiction":"无","promoteConsume":"灵石*28000","promoteRate":0.55,"servantLimit":52,"containerLimit":650000,"formulaIncome":"仆役数量*35"},{"id":1,"name":"地级灵脉","level":38,"quality":4,"promoteCondiction":"无","promoteConsume":"灵石*30000","promoteRate":0.55,"servantLimit":53,"containerLimit":675000,"formulaIncome":"仆役数量*35"},{"id":1,"name":"地级灵脉","level":39,"quality":4,"promoteCondiction":"无","promoteConsume":"灵石*32000","promoteRate":0.55,"servantLimit":54,"containerLimit":700000,"formulaIncome":"仆役数量*35"},{"id":1,"name":"地级灵脉","level":40,"quality":4,"promoteCondiction":"门派等级>=10","promoteConsume":"灵石*8000#洛元弥水*5","promoteRate":0.2,"servantLimit":55,"containerLimit":725000,"formulaIncome":"仆役数量*35"},{"id":2,"name":"低级林脉","level":1,"quality":1,"promoteCondiction":"无","promoteConsume":"灵石*100","promoteRate":0.8,"servantLimit":5,"containerLimit":50000,"formulaIncome":"仆役数量*7"},{"id":2,"name":"低级林脉","level":2,"quality":1,"promoteCondiction":"无","promoteConsume":"灵石*250","promoteRate":0.8,"servantLimit":6,"containerLimit":54000,"formulaIncome":"仆役数量*7"},{"id":2,"name":"低级林脉","level":3,"quality":1,"promoteCondiction":"无","promoteConsume":"灵石*400","promoteRate":0.8,"servantLimit":7,"containerLimit":58000,"formulaIncome":"仆役数量*7"},{"id":2,"name":"低级林脉","level":4,"quality":1,"promoteCondiction":"无","promoteConsume":"灵石*550","promoteRate":0.8,"servantLimit":8,"containerLimit":62000,"formulaIncome":"仆役数量*7"},{"id":2,"name":"低级林脉","level":5,"quality":1,"promoteCondiction":"无","promoteConsume":"灵石*700","promoteRate":0.8,"servantLimit":9,"containerLimit":66000,"formulaIncome":"仆役数量*7"},{"id":2,"name":"低级林脉","level":6,"quality":1,"promoteCondiction":"无","promoteConsume":"灵石*850","promoteRate":0.8,"servantLimit":10,"containerLimit":70000,"formulaIncome":"仆役数量*7"},{"id":2,"name":"低级林脉","level":7,"quality":1,"promoteCondiction":"无","promoteConsume":"灵石*1000","promoteRate":0.8,"servantLimit":11,"containerLimit":74000,"formulaIncome":"仆役数量*7"},{"id":2,"name":"低级林脉","level":8,"quality":1,"promoteCondiction":"无","promoteConsume":"灵石*1150","promoteRate":0.8,"servantLimit":12,"containerLimit":78000,"formulaIncome":"仆役数量*7"},{"id":2,"name":"低级林脉","level":9,"quality":1,"promoteCondiction":"无","promoteConsume":"灵石*1300","promoteRate":0.8,"servantLimit":13,"containerLimit":82000,"formulaIncome":"仆役数量*7"},{"id":2,"name":"低级林脉","level":10,"quality":1,"promoteCondiction":"门派等级>=2","promoteConsume":"灵石*800#五行灵结石*1","promoteRate":0.35,"servantLimit":14,"containerLimit":86000,"formulaIncome":"仆役数量*7"},{"id":2,"name":"黄级林脉","level":11,"quality":2,"promoteCondiction":"无","promoteConsume":"灵石*2000","promoteRate":0.75,"servantLimit":15,"containerLimit":94000,"formulaIncome":"仆役数量*10"},{"id":2,"name":"黄级林脉","level":12,"quality":2,"promoteCondiction":"无","promoteConsume":"灵石*2300","promoteRate":0.75,"servantLimit":16,"containerLimit":102000,"formulaIncome":"仆役数量*10"},{"id":2,"name":"黄级林脉","level":13,"quality":2,"promoteCondiction":"无","promoteConsume":"灵石*2600","promoteRate":0.75,"servantLimit":17,"containerLimit":110000,"formulaIncome":"仆役数量*10"},{"id":2,"name":"黄级林脉","level":14,"quality":2,"promoteCondiction":"无","promoteConsume":"灵石*2900","promoteRate":0.75,"servantLimit":18,"containerLimit":118000,"formulaIncome":"仆役数量*10"},{"id":2,"name":"黄级林脉","level":15,"quality":2,"promoteCondiction":"无","promoteConsume":"灵石*3200","promoteRate":0.75,"servantLimit":19,"containerLimit":126000,"formulaIncome":"仆役数量*10"},{"id":2,"name":"黄级林脉","level":16,"quality":2,"promoteCondiction":"无","promoteConsume":"灵石*3500","promoteRate":0.75,"servantLimit":20,"containerLimit":134000,"formulaIncome":"仆役数量*10"},{"id":2,"name":"黄级林脉","level":17,"quality":2,"promoteCondiction":"无","promoteConsume":"灵石*3800","promoteRate":0.75,"servantLimit":21,"containerLimit":142000,"formulaIncome":"仆役数量*10"},{"id":2,"name":"黄级林脉","level":18,"quality":2,"promoteCondiction":"无","promoteConsume":"灵石*4100","promoteRate":0.75,"servantLimit":22,"containerLimit":150000,"formulaIncome":"仆役数量*10"},{"id":2,"name":"黄级林脉","level":19,"quality":2,"promoteCondiction":"无","promoteConsume":"灵石*4400","promoteRate":0.75,"servantLimit":23,"containerLimit":158000,"formulaIncome":"仆役数量*10"},{"id":2,"name":"黄级林脉","level":20,"quality":2,"promoteCondiction":"无","promoteConsume":"灵石*2000#横弥精母山*2","promoteRate":0.25,"servantLimit":24,"containerLimit":166000,"formulaIncome":"仆役数量*10"},{"id":2,"name":"玄级林脉","level":21,"quality":3,"promoteCondiction":"无","promoteConsume":"灵石*5500","promoteRate":0.65,"servantLimit":26,"containerLimit":178000,"formulaIncome":"仆役数量*13"},{"id":2,"name":"玄级林脉","level":22,"quality":3,"promoteCondiction":"无","promoteConsume":"灵石*6500","promoteRate":0.65,"servantLimit":27,"containerLimit":190000,"formulaIncome":"仆役数量*13"},{"id":2,"name":"玄级林脉","level":23,"quality":3,"promoteCondiction":"无","promoteConsume":"灵石*7500","promoteRate":0.65,"servantLimit":28,"containerLimit":202000,"formulaIncome":"仆役数量*13"},{"id":2,"name":"玄级林脉","level":24,"quality":3,"promoteCondiction":"无","promoteConsume":"灵石*8500","promoteRate":0.65,"servantLimit":29,"containerLimit":214000,"formulaIncome":"仆役数量*13"},{"id":2,"name":"玄级林脉","level":25,"quality":3,"promoteCondiction":"无","promoteConsume":"灵石*9500","promoteRate":0.65,"servantLimit":30,"containerLimit":226000,"formulaIncome":"仆役数量*13"},{"id":2,"name":"玄级林脉","level":26,"quality":3,"promoteCondiction":"无","promoteConsume":"灵石*10500","promoteRate":0.65,"servantLimit":31,"containerLimit":238000,"formulaIncome":"仆役数量*13"},{"id":2,"name":"玄级林脉","level":27,"quality":3,"promoteCondiction":"无","promoteConsume":"灵石*11500","promoteRate":0.65,"servantLimit":32,"containerLimit":250000,"formulaIncome":"仆役数量*13"},{"id":2,"name":"玄级林脉","level":28,"quality":3,"promoteCondiction":"无","promoteConsume":"灵石*12500","promoteRate":0.65,"servantLimit":33,"containerLimit":262000,"formulaIncome":"仆役数量*13"},{"id":2,"name":"玄级林脉","level":29,"quality":3,"promoteCondiction":"无","promoteConsume":"灵石*13500","promoteRate":0.65,"servantLimit":34,"containerLimit":274000,"formulaIncome":"仆役数量*13"},{"id":2,"name":"玄级林脉","level":30,"quality":3,"promoteCondiction":"门派等级>=3","promoteConsume":"灵石*4000#洛元弥水*3","promoteRate":0.2,"servantLimit":35,"containerLimit":286000,"formulaIncome":"仆役数量*13"},{"id":2,"name":"地级林脉","level":31,"quality":4,"promoteCondiction":"无","promoteConsume":"灵石*16000","promoteRate":0.55,"servantLimit":38,"containerLimit":300000,"formulaIncome":"仆役数量*15"},{"id":2,"name":"地级林脉","level":32,"quality":4,"promoteCondiction":"无","promoteConsume":"灵石*18000","promoteRate":0.55,"servantLimit":39,"containerLimit":315000,"formulaIncome":"仆役数量*15"},{"id":2,"name":"地级林脉","level":33,"quality":4,"promoteCondiction":"无","promoteConsume":"灵石*20000","promoteRate":0.55,"servantLimit":40,"containerLimit":330000,"formulaIncome":"仆役数量*15"},{"id":2,"name":"地级林脉","level":34,"quality":4,"promoteCondiction":"无","promoteConsume":"灵石*22000","promoteRate":0.55,"servantLimit":41,"containerLimit":345000,"formulaIncome":"仆役数量*15"},{"id":2,"name":"地级林脉","level":35,"quality":4,"promoteCondiction":"无","promoteConsume":"灵石*24000","promoteRate":0.55,"servantLimit":42,"containerLimit":360000,"formulaIncome":"仆役数量*15"},{"id":2,"name":"地级林脉","level":36,"quality":4,"promoteCondiction":"无","promoteConsume":"灵石*26000","promoteRate":0.55,"servantLimit":43,"containerLimit":375000,"formulaIncome":"仆役数量*15"},{"id":2,"name":"地级林脉","level":37,"quality":4,"promoteCondiction":"无","promoteConsume":"灵石*28000","promoteRate":0.55,"servantLimit":44,"containerLimit":390000,"formulaIncome":"仆役数量*15"},{"id":2,"name":"地级林脉","level":38,"quality":4,"promoteCondiction":"无","promoteConsume":"灵石*30000","promoteRate":0.55,"servantLimit":45,"containerLimit":405000,"formulaIncome":"仆役数量*15"},{"id":2,"name":"地级林脉","level":39,"quality":4,"promoteCondiction":"无","promoteConsume":"灵石*32000","promoteRate":0.55,"servantLimit":46,"containerLimit":420000,"formulaIncome":"仆役数量*15"},{"id":2,"name":"地级林脉","level":40,"quality":4,"promoteCondiction":"门派等级>=10","promoteConsume":"灵石*8000#洛元弥水*5","promoteRate":0.2,"servantLimit":47,"containerLimit":435000,"formulaIncome":"仆役数量*15"},{"id":3,"name":"低级矿脉","level":1,"quality":1,"promoteCondiction":"无","promoteConsume":"灵石*100","promoteRate":0.8,"servantLimit":5,"containerLimit":50000,"formulaIncome":"仆役数量*2"},{"id":3,"name":"低级矿脉","level":2,"quality":1,"promoteCondiction":"无","promoteConsume":"灵石*250","promoteRate":0.8,"servantLimit":6,"containerLimit":54000,"formulaIncome":"仆役数量*2"},{"id":3,"name":"低级矿脉","level":3,"quality":1,"promoteCondiction":"无","promoteConsume":"灵石*400","promoteRate":0.8,"servantLimit":7,"containerLimit":58000,"formulaIncome":"仆役数量*2"},{"id":3,"name":"低级矿脉","level":4,"quality":1,"promoteCondiction":"无","promoteConsume":"灵石*550","promoteRate":0.8,"servantLimit":8,"containerLimit":62000,"formulaIncome":"仆役数量*2"},{"id":3,"name":"低级矿脉","level":5,"quality":1,"promoteCondiction":"无","promoteConsume":"灵石*700","promoteRate":0.8,"servantLimit":9,"containerLimit":66000,"formulaIncome":"仆役数量*2"},{"id":3,"name":"低级矿脉","level":6,"quality":1,"promoteCondiction":"无","promoteConsume":"灵石*850","promoteRate":0.8,"servantLimit":10,"containerLimit":70000,"formulaIncome":"仆役数量*2"},{"id":3,"name":"低级矿脉","level":7,"quality":1,"promoteCondiction":"无","promoteConsume":"灵石*1000","promoteRate":0.8,"servantLimit":11,"containerLimit":74000,"formulaIncome":"仆役数量*2"},{"id":3,"name":"低级矿脉","level":8,"quality":1,"promoteCondiction":"无","promoteConsume":"灵石*1150","promoteRate":0.8,"servantLimit":12,"containerLimit":78000,"formulaIncome":"仆役数量*2"},{"id":3,"name":"低级矿脉","level":9,"quality":1,"promoteCondiction":"无","promoteConsume":"灵石*1300","promoteRate":0.8,"servantLimit":13,"containerLimit":82000,"formulaIncome":"仆役数量*2"},{"id":3,"name":"低级矿脉","level":10,"quality":1,"promoteCondiction":"门派等级>=2","promoteConsume":"灵石*800#五行灵结石*1","promoteRate":0.35,"servantLimit":14,"containerLimit":86000,"formulaIncome":"仆役数量*2"},{"id":3,"name":"黄级矿脉","level":11,"quality":2,"promoteCondiction":"无","promoteConsume":"灵石*2000","promoteRate":0.75,"servantLimit":15,"containerLimit":94000,"formulaIncome":"仆役数量*3"},{"id":3,"name":"黄级矿脉","level":12,"quality":2,"promoteCondiction":"无","promoteConsume":"灵石*2300","promoteRate":0.75,"servantLimit":16,"containerLimit":102000,"formulaIncome":"仆役数量*3"},{"id":3,"name":"黄级矿脉","level":13,"quality":2,"promoteCondiction":"无","promoteConsume":"灵石*2600","promoteRate":0.75,"servantLimit":17,"containerLimit":110000,"formulaIncome":"仆役数量*3"},{"id":3,"name":"黄级矿脉","level":14,"quality":2,"promoteCondiction":"无","promoteConsume":"灵石*2900","promoteRate":0.75,"servantLimit":18,"containerLimit":118000,"formulaIncome":"仆役数量*3"},{"id":3,"name":"黄级矿脉","level":15,"quality":2,"promoteCondiction":"无","promoteConsume":"灵石*3200","promoteRate":0.75,"servantLimit":19,"containerLimit":126000,"formulaIncome":"仆役数量*3"},{"id":3,"name":"黄级矿脉","level":16,"quality":2,"promoteCondiction":"无","promoteConsume":"灵石*3500","promoteRate":0.75,"servantLimit":20,"containerLimit":134000,"formulaIncome":"仆役数量*3"},{"id":3,"name":"黄级矿脉","level":17,"quality":2,"promoteCondiction":"无","promoteConsume":"灵石*3800","promoteRate":0.75,"servantLimit":21,"containerLimit":142000,"formulaIncome":"仆役数量*3"},{"id":3,"name":"黄级矿脉","level":18,"quality":2,"promoteCondiction":"无","promoteConsume":"灵石*4100","promoteRate":0.75,"servantLimit":22,"containerLimit":150000,"formulaIncome":"仆役数量*3"},{"id":3,"name":"黄级矿脉","level":19,"quality":2,"promoteCondiction":"无","promoteConsume":"灵石*4400","promoteRate":0.75,"servantLimit":23,"containerLimit":158000,"formulaIncome":"仆役数量*3"},{"id":3,"name":"黄级矿脉","level":20,"quality":2,"promoteCondiction":"无","promoteConsume":"灵石*2000#横弥精母山*2","promoteRate":0.25,"servantLimit":24,"containerLimit":166000,"formulaIncome":"仆役数量*3"},{"id":3,"name":"玄级矿脉","level":21,"quality":3,"promoteCondiction":"无","promoteConsume":"灵石*5500","promoteRate":0.65,"servantLimit":26,"containerLimit":178000,"formulaIncome":"仆役数量*4"},{"id":3,"name":"玄级矿脉","level":22,"quality":3,"promoteCondiction":"无","promoteConsume":"灵石*6500","promoteRate":0.65,"servantLimit":27,"containerLimit":190000,"formulaIncome":"仆役数量*4"},{"id":3,"name":"玄级矿脉","level":23,"quality":3,"promoteCondiction":"无","promoteConsume":"灵石*7500","promoteRate":0.65,"servantLimit":28,"containerLimit":202000,"formulaIncome":"仆役数量*4"},{"id":3,"name":"玄级矿脉","level":24,"quality":3,"promoteCondiction":"无","promoteConsume":"灵石*8500","promoteRate":0.65,"servantLimit":29,"containerLimit":214000,"formulaIncome":"仆役数量*4"},{"id":3,"name":"玄级矿脉","level":25,"quality":3,"promoteCondiction":"无","promoteConsume":"灵石*9500","promoteRate":0.65,"servantLimit":30,"containerLimit":226000,"formulaIncome":"仆役数量*4"},{"id":3,"name":"玄级矿脉","level":26,"quality":3,"promoteCondiction":"无","promoteConsume":"灵石*10500","promoteRate":0.65,"servantLimit":31,"containerLimit":238000,"formulaIncome":"仆役数量*4"},{"id":3,"name":"玄级矿脉","level":27,"quality":3,"promoteCondiction":"无","promoteConsume":"灵石*11500","promoteRate":0.65,"servantLimit":32,"containerLimit":250000,"formulaIncome":"仆役数量*4"},{"id":3,"name":"玄级矿脉","level":28,"quality":3,"promoteCondiction":"无","promoteConsume":"灵石*12500","promoteRate":0.65,"servantLimit":33,"containerLimit":262000,"formulaIncome":"仆役数量*4"},{"id":3,"name":"玄级矿脉","level":29,"quality":3,"promoteCondiction":"无","promoteConsume":"灵石*13500","promoteRate":0.65,"servantLimit":34,"containerLimit":274000,"formulaIncome":"仆役数量*4"},{"id":3,"name":"玄级矿脉","level":30,"quality":3,"promoteCondiction":"门派等级>=3","promoteConsume":"灵石*4000#洛元弥水*3","promoteRate":0.2,"servantLimit":35,"containerLimit":286000,"formulaIncome":"仆役数量*4"},{"id":3,"name":"地级矿脉","level":31,"quality":4,"promoteCondiction":"无","promoteConsume":"灵石*16000","promoteRate":0.55,"servantLimit":38,"containerLimit":300000,"formulaIncome":"仆役数量*5"},{"id":3,"name":"地级矿脉","level":32,"quality":4,"promoteCondiction":"无","promoteConsume":"灵石*18000","promoteRate":0.55,"servantLimit":39,"containerLimit":315000,"formulaIncome":"仆役数量*5"},{"id":3,"name":"地级矿脉","level":33,"quality":4,"promoteCondiction":"无","promoteConsume":"灵石*20000","promoteRate":0.55,"servantLimit":40,"containerLimit":330000,"formulaIncome":"仆役数量*5"},{"id":3,"name":"地级矿脉","level":34,"quality":4,"promoteCondiction":"无","promoteConsume":"灵石*22000","promoteRate":0.55,"servantLimit":41,"containerLimit":345000,"formulaIncome":"仆役数量*5"},{"id":3,"name":"地级矿脉","level":35,"quality":4,"promoteCondiction":"无","promoteConsume":"灵石*24000","promoteRate":0.55,"servantLimit":42,"containerLimit":360000,"formulaIncome":"仆役数量*5"},{"id":3,"name":"地级矿脉","level":36,"quality":4,"promoteCondiction":"无","promoteConsume":"灵石*26000","promoteRate":0.55,"servantLimit":43,"containerLimit":375000,"formulaIncome":"仆役数量*5"},{"id":3,"name":"地级矿脉","level":37,"quality":4,"promoteCondiction":"无","promoteConsume":"灵石*28000","promoteRate":0.55,"servantLimit":44,"containerLimit":390000,"formulaIncome":"仆役数量*5"},{"id":3,"name":"地级矿脉","level":38,"quality":4,"promoteCondiction":"无","promoteConsume":"灵石*30000","promoteRate":0.55,"servantLimit":45,"containerLimit":405000,"formulaIncome":"仆役数量*5"},{"id":3,"name":"地级矿脉","level":39,"quality":4,"promoteCondiction":"无","promoteConsume":"灵石*32000","promoteRate":0.55,"servantLimit":46,"containerLimit":420000,"formulaIncome":"仆役数量*5"},{"id":3,"name":"地级矿脉","level":40,"quality":4,"promoteCondiction":"门派等级>=10","promoteConsume":"灵石*8000#洛元弥水*5","promoteRate":0.2,"servantLimit":47,"containerLimit":435000,"formulaIncome":"仆役数量*5"},{"id":4,"name":"低级药田","level":1,"quality":1,"promoteCondiction":"无","promoteConsume":"灵石*100","promoteRate":0.8,"servantLimit":5,"containerLimit":50000,"formulaIncome":"仆役数量*2"},{"id":4,"name":"低级药田","level":2,"quality":1,"promoteCondiction":"无","promoteConsume":"灵石*250","promoteRate":0.8,"servantLimit":6,"containerLimit":54000,"formulaIncome":"仆役数量*2"},{"id":4,"name":"低级药田","level":3,"quality":1,"promoteCondiction":"无","promoteConsume":"灵石*400","promoteRate":0.8,"servantLimit":7,"containerLimit":58000,"formulaIncome":"仆役数量*2"},{"id":4,"name":"低级药田","level":4,"quality":1,"promoteCondiction":"无","promoteConsume":"灵石*550","promoteRate":0.8,"servantLimit":8,"containerLimit":62000,"formulaIncome":"仆役数量*2"},{"id":4,"name":"低级药田","level":5,"quality":1,"promoteCondiction":"无","promoteConsume":"灵石*700","promoteRate":0.8,"servantLimit":9,"containerLimit":66000,"formulaIncome":"仆役数量*2"},{"id":4,"name":"低级药田","level":6,"quality":1,"promoteCondiction":"无","promoteConsume":"灵石*850","promoteRate":0.8,"servantLimit":10,"containerLimit":70000,"formulaIncome":"仆役数量*2"},{"id":4,"name":"低级药田","level":7,"quality":1,"promoteCondiction":"无","promoteConsume":"灵石*1000","promoteRate":0.8,"servantLimit":11,"containerLimit":74000,"formulaIncome":"仆役数量*2"},{"id":4,"name":"低级药田","level":8,"quality":1,"promoteCondiction":"无","promoteConsume":"灵石*1150","promoteRate":0.8,"servantLimit":12,"containerLimit":78000,"formulaIncome":"仆役数量*2"},{"id":4,"name":"低级药田","level":9,"quality":1,"promoteCondiction":"无","promoteConsume":"灵石*1300","promoteRate":0.8,"servantLimit":13,"containerLimit":82000,"formulaIncome":"仆役数量*2"},{"id":4,"name":"低级药田","level":10,"quality":1,"promoteCondiction":"门派等级>=2","promoteConsume":"灵石*800#五行灵结石*1","promoteRate":0.35,"servantLimit":14,"containerLimit":86000,"formulaIncome":"仆役数量*2"},{"id":4,"name":"黄级药田","level":11,"quality":2,"promoteCondiction":"无","promoteConsume":"灵石*2000","promoteRate":0.75,"servantLimit":15,"containerLimit":94000,"formulaIncome":"仆役数量*3"},{"id":4,"name":"黄级药田","level":12,"quality":2,"promoteCondiction":"无","promoteConsume":"灵石*2300","promoteRate":0.75,"servantLimit":16,"containerLimit":102000,"formulaIncome":"仆役数量*3"},{"id":4,"name":"黄级药田","level":13,"quality":2,"promoteCondiction":"无","promoteConsume":"灵石*2600","promoteRate":0.75,"servantLimit":17,"containerLimit":110000,"formulaIncome":"仆役数量*3"},{"id":4,"name":"黄级药田","level":14,"quality":2,"promoteCondiction":"无","promoteConsume":"灵石*2900","promoteRate":0.75,"servantLimit":18,"containerLimit":118000,"formulaIncome":"仆役数量*3"},{"id":4,"name":"黄级药田","level":15,"quality":2,"promoteCondiction":"无","promoteConsume":"灵石*3200","promoteRate":0.75,"servantLimit":19,"containerLimit":126000,"formulaIncome":"仆役数量*3"},{"id":4,"name":"黄级药田","level":16,"quality":2,"promoteCondiction":"无","promoteConsume":"灵石*3500","promoteRate":0.75,"servantLimit":20,"containerLimit":134000,"formulaIncome":"仆役数量*3"},{"id":4,"name":"黄级药田","level":17,"quality":2,"promoteCondiction":"无","promoteConsume":"灵石*3800","promoteRate":0.75,"servantLimit":21,"containerLimit":142000,"formulaIncome":"仆役数量*3"},{"id":4,"name":"黄级药田","level":18,"quality":2,"promoteCondiction":"无","promoteConsume":"灵石*4100","promoteRate":0.75,"servantLimit":22,"containerLimit":150000,"formulaIncome":"仆役数量*3"},{"id":4,"name":"黄级药田","level":19,"quality":2,"promoteCondiction":"无","promoteConsume":"灵石*4400","promoteRate":0.75,"servantLimit":23,"containerLimit":158000,"formulaIncome":"仆役数量*3"},{"id":4,"name":"黄级药田","level":20,"quality":2,"promoteCondiction":"无","promoteConsume":"灵石*2000#横弥精母山*2","promoteRate":0.25,"servantLimit":24,"containerLimit":166000,"formulaIncome":"仆役数量*3"},{"id":4,"name":"玄级药田","level":21,"quality":3,"promoteCondiction":"无","promoteConsume":"灵石*5500","promoteRate":0.65,"servantLimit":26,"containerLimit":178000,"formulaIncome":"仆役数量*4"},{"id":4,"name":"玄级药田","level":22,"quality":3,"promoteCondiction":"无","promoteConsume":"灵石*6500","promoteRate":0.65,"servantLimit":27,"containerLimit":190000,"formulaIncome":"仆役数量*4"},{"id":4,"name":"玄级药田","level":23,"quality":3,"promoteCondiction":"无","promoteConsume":"灵石*7500","promoteRate":0.65,"servantLimit":28,"containerLimit":202000,"formulaIncome":"仆役数量*4"},{"id":4,"name":"玄级药田","level":24,"quality":3,"promoteCondiction":"无","promoteConsume":"灵石*8500","promoteRate":0.65,"servantLimit":29,"containerLimit":214000,"formulaIncome":"仆役数量*4"},{"id":4,"name":"玄级药田","level":25,"quality":3,"promoteCondiction":"无","promoteConsume":"灵石*9500","promoteRate":0.65,"servantLimit":30,"containerLimit":226000,"formulaIncome":"仆役数量*4"},{"id":4,"name":"玄级药田","level":26,"quality":3,"promoteCondiction":"无","promoteConsume":"灵石*10500","promoteRate":0.65,"servantLimit":31,"containerLimit":238000,"formulaIncome":"仆役数量*4"},{"id":4,"name":"玄级药田","level":27,"quality":3,"promoteCondiction":"无","promoteConsume":"灵石*11500","promoteRate":0.65,"servantLimit":32,"containerLimit":250000,"formulaIncome":"仆役数量*4"},{"id":4,"name":"玄级药田","level":28,"quality":3,"promoteCondiction":"无","promoteConsume":"灵石*12500","promoteRate":0.65,"servantLimit":33,"containerLimit":262000,"formulaIncome":"仆役数量*4"},{"id":4,"name":"玄级药田","level":29,"quality":3,"promoteCondiction":"无","promoteConsume":"灵石*13500","promoteRate":0.65,"servantLimit":34,"containerLimit":274000,"formulaIncome":"仆役数量*4"},{"id":4,"name":"玄级药田","level":30,"quality":3,"promoteCondiction":"门派等级>=3","promoteConsume":"灵石*4000#洛元弥水*3","promoteRate":0.2,"servantLimit":35,"containerLimit":286000,"formulaIncome":"仆役数量*4"},{"id":4,"name":"地级药田","level":31,"quality":4,"promoteCondiction":"无","promoteConsume":"灵石*16000","promoteRate":0.55,"servantLimit":38,"containerLimit":300000,"formulaIncome":"仆役数量*5"},{"id":4,"name":"地级药田","level":32,"quality":4,"promoteCondiction":"无","promoteConsume":"灵石*18000","promoteRate":0.55,"servantLimit":39,"containerLimit":315000,"formulaIncome":"仆役数量*5"},{"id":4,"name":"地级药田","level":33,"quality":4,"promoteCondiction":"无","promoteConsume":"灵石*20000","promoteRate":0.55,"servantLimit":40,"containerLimit":330000,"formulaIncome":"仆役数量*5"},{"id":4,"name":"地级药田","level":34,"quality":4,"promoteCondiction":"无","promoteConsume":"灵石*22000","promoteRate":0.55,"servantLimit":41,"containerLimit":345000,"formulaIncome":"仆役数量*5"},{"id":4,"name":"地级药田","level":35,"quality":4,"promoteCondiction":"无","promoteConsume":"灵石*24000","promoteRate":0.55,"servantLimit":42,"containerLimit":360000,"formulaIncome":"仆役数量*5"},{"id":4,"name":"地级药田","level":36,"quality":4,"promoteCondiction":"无","promoteConsume":"灵石*26000","promoteRate":0.55,"servantLimit":43,"containerLimit":375000,"formulaIncome":"仆役数量*5"},{"id":4,"name":"地级药田","level":37,"quality":4,"promoteCondiction":"无","promoteConsume":"灵石*28000","promoteRate":0.55,"servantLimit":44,"containerLimit":390000,"formulaIncome":"仆役数量*5"},{"id":4,"name":"地级药田","level":38,"quality":4,"promoteCondiction":"无","promoteConsume":"灵石*30000","promoteRate":0.55,"servantLimit":45,"containerLimit":405000,"formulaIncome":"仆役数量*5"},{"id":4,"name":"地级药田","level":39,"quality":4,"promoteCondiction":"无","promoteConsume":"灵石*32000","promoteRate":0.55,"servantLimit":46,"containerLimit":420000,"formulaIncome":"仆役数量*5"},{"id":4,"name":"地级药田","level":40,"quality":4,"promoteCondiction":"门派等级>=10","promoteConsume":"灵石*8000#洛元弥水*5","promoteRate":0.2,"servantLimit":47,"containerLimit":435000,"formulaIncome":"仆役数量*5"},{"id":5,"name":"宗门粮田","level":1,"quality":1,"promoteCondiction":"门派等级>=4","promoteConsume":"灵石*50000","promoteRate":1,"servantLimit":15,"containerLimit":6000,"formulaIncome":"仆役数量*1"},{"id":5,"name":"黄级粮田","level":2,"quality":2,"promoteCondiction":"门派等级>=10","promoteConsume":"灵石*100","promoteRate":0,"servantLimit":18,"containerLimit":8000,"formulaIncome":"仆役数量*1"}]