[{"id":10000,"text":"铁矿*2"},{"id":10001,"text":"灵草*40"},{"id":10002,"text":"轻羽靴*1#灵基石*3"},{"id":10003,"text":"铁母火灵甲锻造配方*1"},{"id":10100,"text":"灵石*200"},{"id":10101,"text":"灵石*240"},{"id":10102,"text":"灵石*300"},{"id":10103,"text":"灵石*400"},{"id":10104,"text":"铁矿*10"},{"id":10105,"text":"铁矿*15"},{"id":10106,"text":"铁矿*30"},{"id":10107,"text":"铁矿*40"},{"id":10108,"text":"虎阳玉佩*1"},{"id":10200,"text":"矿石*50"},{"id":10201,"text":"矿石*5"},{"id":10202,"text":"矿石*8"},{"id":10203,"text":"矿石*10"},{"id":10204,"text":"矿石*14"},{"id":10205,"text":"木材*3"},{"id":10206,"text":"木材*5"},{"id":10207,"text":"木材*8"},{"id":10208,"text":"木材*12"},{"id":10209,"text":"残魂血佩*1"},{"id":10300,"text":"秋水剑锻造配方*1"},{"id":10301,"text":"魔水剑锻造配方*1"},{"id":10302,"text":"黑天剑鞘（损）*1#灵石*30000"},{"id":10400,"text":"青锋剑*1"},{"id":10401,"text":"精铁手套*1"},{"id":10402,"text":"灵木葫*1"},{"id":10403,"text":"集魂珠*1"},{"id":10404,"text":"灵石*500"},{"id":10405,"text":"灵丝布衣*1"},{"id":10406,"text":"灵玉佩*1"},{"id":10407,"text":"轻羽靴*1"},{"id":10408,"text":"灵石*1000"},{"id":10409,"text":"灵石*500"},{"id":10410,"text":"灵石*1000"},{"id":10411,"text":"魂狐皮*10"},{"id":10412,"text":"锐金石*10"},{"id":10413,"text":"催灵粉*10"},{"id":10414,"text":"百锻钢*10"},{"id":10415,"text":"精铁矿*15"},{"id":10416,"text":"灵元晶*5"},{"id":10417,"text":"魔元晶*5"},{"id":10418,"text":"铁母火灵甲*1"},{"id":10419,"text":"秋水剑*1"},{"id":10500,"text":"百锻钢*3"},{"id":10501,"text":"锐金石*3"},{"id":10502,"text":"魂狐皮*3"},{"id":10503,"text":"催灵粉*3"},{"id":10504,"text":"精铁矿*5"},{"id":10505,"text":"灵元晶*1"},{"id":10506,"text":"魔元晶*1"},{"id":10507,"text":"灵石*500"},{"id":10508,"text":"木材*50"},{"id":10509,"text":"矿石*50"},{"id":10510,"text":"灵草*50"},{"id":10511,"text":"金阳甲锻造配方*1"},{"id":10512,"text":"清灵手镯锻造配方*1"},{"id":10513,"text":"死寂幽魂衣锻造配方*1"},{"id":10514,"text":" 魔灵珠*1"},{"id":10515,"text":"逍遥云纹靴锻造配方*1"},{"id":10600,"text":"金曜石*2"},{"id":10601,"text":"青曜石*2"},{"id":10602,"text":"水灵石*2"},{"id":10603,"text":"炙炎石*2"},{"id":10604,"text":"黑曜石*2"},{"id":10605,"text":"金曜石*2#精铁矿*8"},{"id":10606,"text":"青曜石*2#精铁矿*8"},{"id":10607,"text":"水灵石*2#精铁矿*8"},{"id":10608,"text":"炙炎石*2#精铁矿*8"},{"id":10609,"text":"黑曜石*2#精铁矿*8"},{"id":10610,"text":"风结丝*3#精铁矿*16"},{"id":10611,"text":"小雷石*3#精铁矿*16"},{"id":10612,"text":"灵元晶*3#魔元晶*3#精铁矿*8"},{"id":10700,"text":"血战擎雷甲锻造配方*1"},{"id":10701,"text":"罡灵器胚*1"},{"id":10702,"text":"黑元手套锻造配方*1"},{"id":10703,"text":"玄纹真灵盾锻造配方*1"},{"id":10704,"text":"王府令牌*1"},{"id":10800,"text":"矿石*100"},{"id":10801,"text":"灵草*100"},{"id":10802,"text":"木材*50"},{"id":10803,"text":"灵粮*50"},{"id":10804,"text":"灵炼小雷石*1"},{"id":10805,"text":"凝魂果*1"},{"id":10806,"text":"碎婴草*1"},{"id":10807,"text":"灵炼炙炎石*1"},{"id":10808,"text":"灵草*50"},{"id":10809,"text":"灵铁矿*2"},{"id":10810,"text":"灵草*50#生息果*1"},{"id":10811,"text":"灵草*50#冲灵液*2"},{"id":10812,"text":"灵草*50#凝灵草*1"},{"id":10813,"text":"灵草*50#化婴草*2"},{"id":10814,"text":"灵草*50#灵窍花*1"},{"id":10815,"text":"灵草*50#碎婴草*1"},{"id":10816,"text":"灵草*50#凝魂果*1"},{"id":10817,"text":"小阴阳壶锻造配方*1"},{"id":10818,"text":"炼心壶锻造配方*1"},{"id":10819,"text":"相思玉*1"}]