[{"textId":100,"text":"是否进入贾家村？"},{"textId":101,"text":"这里是个山洞，不知里面有什么？"},{"textId":102,"text":"走进山洞，闻到一股强烈的腥臭味\n走了一会，发现前方似乎有几头野兽\n不知道会不会有什么危险"},{"textId":103,"text":"这些野兽倒是凶猛，差点就中了招\n幸好反应够快，反杀成功！"},{"textId":104,"text":"又走了一会，发现前方似乎有块矿石\n哎哟，不错哦！"},{"textId":105,"text":"嘿嘿嘿，运气不错"},{"textId":106,"text":"又走了一会，发现前方似乎有块矿石\n跑过去一看，发现原来只是烂石头\n此时，已经来到山洞尽头，没有收获\n算了，运气不行，还是离开吧"},{"textId":107,"text":"走着走着，似乎已经来到山洞的尽头\n并没有发现什么好东西\n还是尽快离开吧"},{"textId":108,"text":"前方似乎有块田地，说不定有什么收获"},{"textId":109,"text":"灵草的气味很浓郁，看来的确是一块药田"},{"textId":110,"text":"这块药田着实不错，不过有野兽在守护着\n虽然都是普通野兽，不过也不是没有危险"},{"textId":111,"text":"几头野兽虽然不弱，不过没造成多少麻烦"},{"textId":112,"text":"在药田周围搜寻一会，发现一头受伤妖兽\n击杀成功的话，一身皮毛倒是不错的材料\n只是妖兽终归是妖兽，哪怕受了伤\n实力也不是一般野兽可以媲美的，要小心"},{"textId":113,"text":"卧槽，刚才的打斗有些激烈，药田的灵草\n居然统统被毁掉了！\n辛苦大半天，结果徒劳无功\n感觉这个世界充满了深深的恶意"},{"textId":114,"text":"这头妖兽实力不错，不过最终还是被干掉"},{"textId":115,"text":"这头拦在路上的妖兽，好像叫做银羽鹰\n从散发出来的灵力看，实力达到筑基境\n此处是连接山下的唯一通道\n不敢掉它的话，根本没法下山"},{"textId":116,"text":"银羽鹰不愧是筑基境妖兽，实力牛掰\n费劲全力总算将它击败，累得够呛\n咦咦咦，发现了这家伙的小巢穴"},{"textId":200,"text":"看到一群修真者在前面聚集\n不知道发生什么事，过去围观围观？"},{"textId":201,"text":"前面有个人趴在地上，好像受伤了？\n助人为快乐之本，要不要过去瞧瞧？"},{"textId":202,"text":"原来是个修真者在自吹自擂\n说什么越阶挑战，所向无敌\n呵呵，真正的穿越者都没说话\n这么嚣张， 得教教你做人了"},{"textId":203,"text":"被你教训了一顿后，这个装x的家伙，只好灰溜溜的逃跑\n嘿嘿嘿！"},{"textId":204,"text":"多谢相救，现在身体舒服多了\n如今身无分文，就剩下几块铁矿\n送你那是瞧不起你，就卖给你吧\n只需一千灵石即可"},{"textId":205,"text":"卧槽，铁矿居然有不少是空心的\n这笔生意，不划算，亏亏亏！"},{"textId":206,"text":"嘿嘿嘿，一千灵石换这么多铁矿"},{"textId":207,"text":"来到别人介绍的地方，看到的是一间破烂木屋，很是寒酸\n进去之后，看到一个穿着破烂披风的邋遢中年男子在喝酒"},{"textId":208,"text":"经过询问之后，发现此人就是古烈\n虽然外形邋遢，不过你能感觉到此人很强"},{"textId":209,"text":"详细了解后，想要古烈小队护送\n需要三千灵石的费用"},{"textId":210,"text":"不磨磨叽叽，支付了三千灵石\n众人就开始向着寂夜森林出发"},{"textId":300,"text":"有个破旧山洞，要不要进去看看？"},{"textId":301,"text":"这山洞里面的腥臭味极重\n似乎是妖兽的巢穴\n往前走了一段，发现前方有几头妖兽"},{"textId":302,"text":"这几头妖兽实力还不错\n解决了它们之后，继续往前走\n发现了一个矿石堆"},{"textId":303,"text":"拾取的时候，被几头妖兽偷袭\n不过幸好，矿石没毁掉"},{"textId":304,"text":"嘿嘿嘿，运气不错"},{"textId":305,"text":"这里已经是山洞的尽头\n并没有发现什么其他的东西\n算了，没横财的运，还是走吧"},{"textId":306,"text":"腥臭味越来越重，有一种危险的感觉\n山洞的尽头，有一头巨大的黑狼\n感觉很是危险"},{"textId":307,"text":"这头黑狼实力果然极强\n费了好大的力气，总算将它击杀\n此时已经来到山洞尽头\n四处搜寻了一番，并没有什么东西\n还是走吧"},{"textId":308,"text":"有个隐秘岩洞，要不要进去看看？"},{"textId":309,"text":"这岩洞似乎有些阴寒，感觉怪怪的\n往前走了一段，发现前方有几头妖兽"},{"textId":310,"text":"这几头妖兽实力还不错\n继续往前走，发现了一个矿石堆"},{"textId":311,"text":"已经走到岩洞的尽头\n四处搜寻了下，没发现什么东西\n算了，还是走吧"},{"textId":312,"text":"腥臭味越来越重，有种危险的感觉\n岩洞的尽头，发现一头巨大的貘\n感觉上很危险，要怎么做？"},{"textId":313,"text":"这头魂貘实力果然极强\n费了好大的力气，总算将它击杀\n此时已经走到岩洞的尽头\n四处搜寻了下，没发现什么东西\n算了，还是走吧"},{"textId":314,"text":"没想到，烂石头堆也有惊喜！"},{"textId":315,"text":"没想到，普通小树林也有惊喜！"},{"textId":316,"text":"遇到一个修真者的队伍\n看样子，似乎在穿越寂夜森林"},{"textId":317,"text":"偶尔干点坏事，感觉有那么点小刺激"},{"textId":318,"text":"当你听着古烈的往事时\n忽然听到姜艳的呼救声"},{"textId":319,"text":"当你赶到的时候，刘阳已经重伤不起\n而小白则被一头巨型黑熊抓在手上\n见到你出现，小白顿时拼命的挣扎"},{"textId":320,"text":"经过询问，才知道事情的经过\n刚才，这头巨型黑熊忽然出现\n二话不说，打伤刘阳，将小白抓住\n此时，古烈也赶到了，大吃一惊\n他认得出来，眼前这头黑熊的身份\n是寂夜森林的一霸主——铁背蛮熊"},{"textId":321,"text":"虽然知道铁背蛮熊极强，但是看着小白可怜兮兮的模样，你还是决定出手\n接近铁背蛮熊后，站在它面前\n感受到了一股无可匹敌的恐怖气势\n此时，你的心中战意疯狂燃烧"},{"textId":322,"text":"费尽全力，总算讲小白救下\n正准备逃跑时，却发现无法动弹\n此时，空中一名修真者，缓缓的落下\n…………"},{"textId":401,"text":"这几头小狐狸想跟你较量较量\n呵呵，要不要教它们做人？"},{"textId":402,"text":"这几头小狐狸实力还行\n不过在绝对实力面前，只能呵呵"},{"textId":403,"text":"这里似乎就是小白爷爷\n也就是寂夜森林的王者\n化神大能狐一归的闭关之地\n从中传出可怕的气息，还是别打扰"},{"textId":404,"text":"为帮小白融合真魔跟噬天狐血脉\n你决定冲击十天门\n以禁忌之物帝源浆来重塑生命本源\n而眼前这头从雷狱召唤出来的雷兵\n就是最后的拦路虎"},{"textId":405,"text":"成功击败雷兵，同时发现“雷”的踪迹\n这次的辛苦总算没有白费\n如今小白已经进入沉睡当中\n谷里的事情了结，是时候去找古烈"},{"textId":406,"text":"来来来，有好东西卖咯！"},{"textId":501,"text":"山洞里一片漆黑，不知道有什么危险\n感觉有凉飕飕的风，让人心底发冷"},{"textId":502,"text":"走了一会，心底产生一种危险的感觉\n神念散发开，发现有妖兽在偷偷靠近"},{"textId":503,"text":"费了不少功夫，总算将这几头妖兽击杀"},{"textId":504,"text":"又向前走了一段路，发现有个分岔口"},{"textId":505,"text":"前方有亮光\n走过去之后，发现已经来到洞口了"},{"textId":506,"text":"似乎没有走错\n没多久，又有几只妖兽想要偷袭"},{"textId":507,"text":"终于来到尽头\n仔细搜寻之下，发现一个箱子\n箱子被埋在地下，仅露出一个边角"},{"textId":508,"text":"似乎因为年代太过久远\n箱子里的东西已经化为飞灰了"},{"textId":509,"text":"嘿嘿嘿，一看兄弟你就知道是修真天才\n拯救世界，不对，是拯救修真界的重任\n不交给你，还能交给谁呢？\n我有个乾坤袋，包罗万象，什么都有\n开一次只需要一丢丢灵石\n说不定可以淘到绝世神兵，从此出任门派掌门，迎娶大宗门美女，走上人生巅峰！\n怎样，是不是心动了？\n只能交易一次哦，看你运气了"},{"textId":510,"text":"是否进入渊明城？"},{"textId":600,"text":"前面有个家伙鬼鬼祟祟\n要不要过去瞧瞧？"},{"textId":601,"text":"咦咦咦\n那家伙一看到有人靠近\n立刻飞奔逃跑\n走的时候还留下了个储物袋"},{"textId":602,"text":"卧槽\n一个不留神\n被偷了东西"},{"textId":603,"text":"靠 小子，你瞅啥？\n再瞅小心老子干你！"},{"textId":604,"text":"这家伙倒是有点实力\n费了一番手脚才解决"},{"textId":605,"text":"注意到前面有几个家伙鬼鬼祟祟\n估计不是什么好人！"},{"textId":606,"text":"卧槽！\n居然看到有个猥琐家伙\n骗小女孩去看金鱼！"},{"textId":607,"text":"前面那个家伙一直盯着你\n不知道想干什么？"},{"textId":608,"text":"看到前面有个家伙偷东西\n咦？居然还是个修真者！"},{"textId":609,"text":"我们渊明城天武阁远近闻名\n只出产最牛的武器！\n不牛？那就不要钱！\n数量有限，售完即止\n每天更新，说不定有神器哦～"},{"textId":610,"text":"这里是渊明城天工楼\n各种防具随时更新\n这个贵客，有兴趣看看吗？"},{"textId":611,"text":"这么好运遇到一个流浪商人\n这些以经商为主的修真者\n经常有些好东西"},{"textId":612,"text":"擅闯皇宫者\n死！"},{"textId":613,"text":"唔............"},{"textId":614,"text":"王府重地不可擅闯！\n否则后果自负"},{"textId":615,"text":"放行！"},{"textId":616,"text":"在王府的后花园一隐秘角落\n发现一个铺满灰尘的箱子\n感受到一阵阵的灵力波动\n似乎上面加封了阵法"},{"textId":617,"text":"箱子上有首残诗\n天绝\n冷风消\n万里地裂\n大好河山遥"},{"textId":618,"text":"似乎破解失败，箱子化为乌有"},{"textId":619,"text":"顺利打开箱子，看到一份古旧的卷轴"},{"textId":620,"text":"哈哈哈，每次见到你都杀人\n你这家伙还真是个煞星"},{"textId":621,"text":"一番交流下来之后\n古烈跟鲍三娘就带着你\n向黑市的方向出发"},{"textId":700,"text":"小伙子，我一看你就觉得与众不同\n你这种人，绝对是天生气运加身\n我这里有些宝贝，只卖有缘人\n怎样？要不要试试看你的眼力？\n打包五千灵石，跳楼价卖了！"},{"textId":701,"text":"我勒个去，宝贝就是这两块矿石？\n正当你想找那家伙算账时\n转身一看，已经没了踪影"},{"textId":702,"text":"这些东西看似很多，没啥很值钱的啊\n总感觉是被坑了一波\n不过那家伙已经走了\n算了，自己没运气，怪不得人"},{"textId":703,"text":"哎哟，不错哦\n居然还有这种少见的矿石\n没想到黑市里也有好人\n总算刷新了我的三观"},{"textId":704,"text":"我勒个去，赚大发了\n灵元晶，魔元晶！\n老板，你真是个好人啊\n咦，老板你怎么翻白眼了？"},{"textId":705,"text":"哟，今天吹的什么风？居然把三娘吹来了\n要是老头我年轻个几十岁，肯定拜倒在三娘的裙下，牡丹花下死，做鬼也风流！"},{"textId":706,"text":"你说这小鬼能给我大生意？\n我说三娘，你是傻了吧？\n一个小鬼头会有什么能耐？"},{"textId":707,"text":"什么？小鬼你居然能看得出血诅十年咒！\n吹牛吧你，有本事解了，我就相信你！\n卧槽，居然不中激将法\n那没办法了，小鬼，是你自找的！"},{"textId":708,"text":"成功收复柳卫宣后，众人就离开了隐柳阁"},{"textId":800,"text":"看到你走向自己，范力吓得瘫坐在地上\n“别过来，你别过来！”\n“你敢对我动手，八方国是不会放过你的！”\n“别杀我，我有宝物！”\n（不同选择有不同配方奖励）"},{"textId":801,"text":"最终，你还是没下死手\n将范力的修为废掉后\n感觉到身后一股恐怖的灵力波动\n转身一看，几名修士从远处空中急速赶来\n气势惊人！"},{"textId":802,"text":"最终，你还是下了死手\n将范力解决后\n感觉到身后一股恐怖的灵力波动\n转身一看，几名修士从远处空中急速赶来\n气势惊人！"},{"textId":900,"text":"前方有个湖泊，过去看看？"},{"textId":901,"text":"小树林里有点声响，过去看看？"},{"textId":902,"text":"这山洞黑漆漆的，感觉有点寒意\n走着走着，感觉到一股危险气息\n此时才发现，前方有几头妖兽"},{"textId":903,"text":"清理了几头妖兽，可以继续前进了"},{"textId":904,"text":"似乎已经走到了尽头"},{"textId":905,"text":"继续往前走，突然有一股危机感\n神念散发开来，发现一头黑色狼型妖兽已经悄悄潜伏到附近"},{"textId":906,"text":"成功将偷袭妖兽击退\n搜索一番，发现没什么东西\n还是走吧"},{"textId":907,"text":"成功将偷袭妖兽击退\n搜索一番，发现了一些矿石\n聊胜于无，走吧"},{"textId":908,"text":"成功将偷袭妖兽击退\n搜索一番，似乎没什么东西\n正想走时，感觉到不远处土里有灵气\n挖开一看，嘿嘿"},{"textId":909,"text":"这湖边很是安静\n转了一会，发现了些灵草\n准备采摘时，数头妖兽冲了出来"},{"textId":910,"text":"将妖兽成功击退\n不过可惜，刚才的灵草被毁"},{"textId":911,"text":"将妖兽成功击退\n顺利将灵草采摘到手"},{"textId":912,"text":"转了一会，发现了点灵草，没其他\n算了，还是离开吧"},{"textId":913,"text":"一头妖兽忽然从湖里窜出\n向着众人扑袭而来\n幸好警觉性高，反杀成功"},{"textId":914,"text":"击杀妖兽后，逛了逛\n果然发现了点东西"},{"textId":915,"text":"进入小树林后，发现是几头妖兽"},{"textId":916,"text":"斩杀几头妖兽后\n发现并没什么机缘\n还是离开吧"},{"textId":917,"text":"斩杀几头妖兽后\n注意到附近土里\n似乎有点奇怪"},{"textId":918,"text":"翻开泥土一看，原来是些普通矿石\n聊胜于无，走吧"},{"textId":919,"text":"原来是头遁地象鼠\n将它击杀后，看到了一块矿石\n嘿嘿，运气不错"},{"textId":920,"text":"这野外药田不知属于何人\n种了不少灵草，却无人看管\n嘿嘿，不管三七二十一\n先拿了再说\n不过采了点灵草之后\n有个修真者赶了过来\n不知道是药田的主人\n还是想分一杯羹？"},{"textId":921,"text":"原来不是药田主人\n将他击败之后，还留下了一个储物袋\n可惜，药田被战斗毁掉了"},{"textId":922,"text":"原来不是药田主人\n刚才战斗余波毁掉了不少灵草\n幸好，还有一些保留完整"},{"textId":923,"text":"嘿嘿，运气不错"},{"textId":924,"text":"是否进入传送阵？"},{"textId":10000,"text":"伪•神奴\n特殊手法模仿神奴所制妖兽\n击杀它，可通关此层"}]