[{"mapId":6,"mapName":"渊明城","elementId":621,"type":"获得","rate":0.6,"quality":1,"count":"1-2","finishTextId":601,"eventName":"鬼祟的家伙","bt":"看看"},{"mapId":6,"mapName":"渊明城","elementId":621,"type":"扣除","rate":0.4,"quality":1,"count":"1-3","finishTextId":602,"eventName":"鬼祟的家伙","bt":"看看"},{"mapId":6,"mapName":"渊明城","elementId":622,"type":"获得","rate":0.6,"quality":1,"count":"1-2","finishTextId":601,"eventName":"鬼祟的家伙","bt":"看看"},{"mapId":6,"mapName":"渊明城","elementId":622,"type":"扣除","rate":0.4,"quality":1,"count":"1-3","finishTextId":602,"eventName":"鬼祟的家伙","bt":"看看"},{"mapId":6,"mapName":"渊明城","elementId":623,"type":"获得","rate":0.6,"quality":1,"count":"1-2","finishTextId":601,"eventName":"鬼祟的家伙","bt":"看看"},{"mapId":6,"mapName":"渊明城","elementId":623,"type":"扣除","rate":0.4,"quality":1,"count":"1-3","finishTextId":602,"eventName":"鬼祟的家伙","bt":"看看"}]