[{"chapterId":1,"chapterName":"极南大陆","mapId":1,"mapName":"宗门山下","show":true,"level":1,"enterCondiction":"无","enterConsumeText":"无","walkConsumeText":"灵粮*1","walkConsume":1,"drugLimit":3,"realmLimit":100,"passCondiction":"击败拦路银羽鹰","mapSpecification":"11*13","monsterRate":0.1,"initPoint":"(1,1)","description":"成为掌门后，在方羽残留的记忆中，发现了天水秘境的事情\n经过跟苏清菡等人的交流后，确定这天水秘境，就是现在的苍蓝秘境\n于是，在安排好了门派的事情后，你向着古渊国的方向前去","dropMaterial":"铁矿#野狼兽齿#硬皮毛#残魂晶石","xyLs":52,"xyXw":55},{"chapterId":1,"chapterName":"极南大陆","mapId":2,"mapName":"森林小镇","show":true,"level":1,"enterCondiction":"通关宗门山下","enterConsumeText":"灵粮*5","walkConsumeText":"灵粮*1","walkConsume":1,"drugLimit":3,"realmLimit":100,"passCondiction":"雇佣古烈","mapSpecification":"11*11","monsterRate":0.1,"initPoint":"(1,1)","description":"经过几天的行程，终于来到了寂夜森林旁边的小镇\n这里聚集了许多的修真者，想要通过寂夜森林的话，需要在这里找队伍","dropMaterial":"铁矿#硬灵木#灵丝#火云母","xyLs":58,"xyXw":61},{"chapterId":1,"chapterName":"极南大陆","mapId":3,"mapName":"寂夜森林","show":true,"level":1,"enterCondiction":"通关森林小镇","enterConsumeText":"灵粮*5","walkConsumeText":"灵粮*1","walkConsume":1,"drugLimit":3,"realmLimit":100,"passCondiction":"击败铁背蛮熊","mapSpecification":"13*22","monsterRate":0.1,"initPoint":"(1,3)","description":"救下小白后，为了防止吴兵追杀，于是雇佣了古烈的队伍，以最快的速度进入寂夜森林","dropMaterial":"铁矿#野狼兽齿#硬皮毛#残魂晶石#血精碎#魂狐皮#催灵粉#百锻钢","xyLs":62,"xyXw":66},{"chapterId":1,"chapterName":"极南大陆","mapId":4,"mapName":"狐栖谷","show":true,"level":1,"enterCondiction":"通关寂夜森林","enterConsumeText":"灵粮*5","walkConsumeText":"灵粮*1","walkConsume":1,"drugLimit":3,"realmLimit":100,"passCondiction":"击败雷兵","mapSpecification":"11*13","monsterRate":0,"initPoint":"(10,10)","description":"在寂夜森林击败铁背蛮熊后，遇到了化神大能狐暮寒\n原来，他是小白的亲人\n于是乎，一行人被邀请到狐栖谷，也就是小白的家","dropMaterial":"黑曜石#炙炎石#水灵石#金曜石#青曜石","xyLs":66,"xyXw":70},{"chapterId":1,"chapterName":"极南大陆","mapId":5,"mapName":"前往渊明城","show":true,"level":1,"enterCondiction":"通关狐栖谷","enterConsumeText":"灵粮*10","walkConsumeText":"灵粮*1","walkConsume":1,"drugLimit":3,"realmLimit":100,"passCondiction":"进入渊明城","mapSpecification":"14*23","monsterRate":0.15,"initPoint":"(1,1)","description":"小白的事情解决之后，你就离开了狐栖谷，向着古渊国的都城渊明城出发","dropMaterial":"精铁矿#黑曜石#水灵石#魔元晶#灵元晶","xyLs":72,"xyXw":75},{"chapterId":1,"chapterName":"极南大陆","mapId":6,"mapName":"渊明城","show":true,"level":1,"enterCondiction":"通关渊明城之行","enterConsumeText":"灵粮*100","walkConsumeText":"无","walkConsume":0,"drugLimit":3,"realmLimit":100,"passCondiction":"找到古烈","mapSpecification":"27*27","monsterRate":0,"initPoint":"(1,14)","description":"成功进入了渊明城，接下来，就是去红夕楼找古烈","dropMaterial":"百锻钢#锐金石#魂狐皮#催灵粉#精铁矿#魔元晶#灵元晶","xyLs":0,"xyXw":0},{"chapterId":1,"chapterName":"极南大陆","mapId":7,"mapName":"古渊黑市","show":true,"level":1,"enterCondiction":"通关渊明城","enterConsumeText":"灵石*1000","walkConsumeText":"灵粮*1","walkConsume":1,"drugLimit":3,"realmLimit":100,"passCondiction":"击败柳卫宣","mapSpecification":"11*13","monsterRate":0.1,"initPoint":"(2,1)","description":"跟古烈会面后，了解了最近的事情，决定跟鲍三娘一起，去古渊国黑市，寻找去中天大陆的方法","dropMaterial":"百锻钢#锐金石#魂狐皮#催灵粉#精铁矿#魔元晶#灵元晶","xyLs":74,"xyXw":80},{"chapterId":1,"chapterName":"极南大陆","mapId":8,"mapName":"城中激战","show":true,"level":1,"enterCondiction":"通关古渊黑市","enterConsumeText":"灵粮*100","walkConsumeText":"无","walkConsume":0,"drugLimit":3,"realmLimit":100,"passCondiction":"击败范力","mapSpecification":"27*27","monsterRate":0,"initPoint":"(27,27)","description":"收服了柳卫宣，在黑市里一番冲突，与古娜娜结交，准备数日之后，开始帮古烈进行魔人血脉的封印\n封印结束后，却被赶来王府的香蔻告知，小兰被范力抓走，于是，赶向古渊明城的迎宾馆","dropMaterial":"黑曜石#炙炎石#水灵石#金曜石#青曜石#魔元晶#灵元晶","xyLs":78,"xyXw":83},{"chapterId":1,"chapterName":"极南大陆","mapId":9,"mapName":"千里追杀","show":true,"level":1,"enterCondiction":"通关城中激战","enterConsumeText":"灵粮*25","walkConsumeText":"灵粮*1","walkConsume":1,"drugLimit":3,"realmLimit":100,"passCondiction":"进入传送阵","mapSpecification":"27*35","monsterRate":0.15,"initPoint":"(1,1)","description":"迎宾馆的事情让八方国大怒，范海范宗对你进行了疯狂追杀，如今，唯一的生路就是逃到当初柳卫宣所说的传送阵所在，借助传送阵传送到中天大陆。不过这一路，注定九死一生","dropMaterial":"风结丝#小雷石#生息果#死冥土#小宇石#宙息粉#魔元晶#灵元晶","xyLs":78,"xyXw":85}]