[{"mapId":1,"mapName":"宗门山下","elementId":101,"operate":"探索","rate":1,"result":"文本(102)","passBonus":"","finishTextId":0,"continueId":10001,"newButton":["战斗","观察","离开"],"title":"不知名小山洞"},{"mapId":1,"mapName":"宗门山下","elementId":101,"operate":"离开","rate":1,"result":"关闭弹窗","passBonus":"","finishTextId":0,"continueId":0,"newButton":[],"title":"不知名小山洞"},{"mapId":1,"mapName":"宗门山下","elementId":102,"operate":"探索","rate":1,"result":"文本(109)","passBonus":"","finishTextId":0,"continueId":10007,"newButton":["探索"],"title":"野外药田"},{"mapId":1,"mapName":"宗门山下","elementId":102,"operate":"离开","rate":1,"result":"关闭弹窗","passBonus":"","finishTextId":0,"continueId":0,"newButton":[],"title":"野外药田"},{"mapId":1,"mapName":"宗门山下","elementId":106,"operate":"动手","rate":1,"result":"战斗(1:10003#2:10003#3:10003#5:10004)","passBonus":"物品(10002)#地图通关","finishTextId":116,"continueId":10011,"newButton":["离开"],"title":"银羽鹰巢穴"},{"mapId":1,"mapName":"宗门山下","elementId":106,"operate":"观察","rate":1,"result":"信息(1:10003#2:10003#3:10003#5:10004)","passBonus":"","finishTextId":0,"continueId":0,"newButton":[],"title":"银羽鹰巢穴"},{"mapId":1,"mapName":"宗门山下","elementId":106,"operate":"离开","rate":1,"result":"关闭弹窗","passBonus":"","finishTextId":0,"continueId":0,"newButton":[],"title":"银羽鹰巢穴"},{"mapId":2,"mapName":"森林小镇","elementId":204,"operate":"看热闹","rate":1,"result":"文本(202)","passBonus":"","finishTextId":0,"continueId":10100,"newButton":["给他颜色瞧瞧","离开"],"title":"嚣张修真者"},{"mapId":2,"mapName":"森林小镇","elementId":204,"operate":"离开","rate":1,"result":"关闭弹窗","passBonus":"","finishTextId":0,"continueId":0,"newButton":[],"title":"嚣张修真者"},{"mapId":2,"mapName":"森林小镇","elementId":205,"operate":"给一百灵石疗伤","rate":1,"result":"消耗(10100)","passBonus":"","finishTextId":204,"continueId":10102,"newButton":["一千灵石买了","离开"],"title":"受伤的家伙"},{"mapId":2,"mapName":"森林小镇","elementId":205,"operate":"离开","rate":1,"result":"关闭弹窗","passBonus":"","finishTextId":0,"continueId":0,"newButton":[],"title":"受伤的家伙"},{"mapId":2,"mapName":"森林小镇","elementId":208,"operate":"询问","rate":1,"result":"文本(208)","passBonus":"","finishTextId":0,"continueId":10104,"newButton":["继续询问","离开"],"title":"古烈小队"},{"mapId":2,"mapName":"森林小镇","elementId":208,"operate":"离开","rate":1,"result":"关闭弹窗","passBonus":"","finishTextId":0,"continueId":0,"newButton":[],"title":"古烈小队"},{"mapId":3,"mapName":"寂夜森林","elementId":305,"operate":"探索","rate":1,"result":"文本(301)","passBonus":"","finishTextId":0,"continueId":10200,"newButton":["战斗","观察","离开"],"title":"破旧山洞"},{"mapId":3,"mapName":"寂夜森林","elementId":305,"operate":"离开","rate":1,"result":"关闭弹窗","passBonus":"","finishTextId":0,"continueId":0,"newButton":[],"title":"破旧山洞"},{"mapId":3,"mapName":"寂夜森林","elementId":306,"operate":"探索","rate":1,"result":"文本(309)","passBonus":"","finishTextId":0,"continueId":10206,"newButton":["战斗","观察","离开"],"title":"隐秘岩洞"},{"mapId":3,"mapName":"寂夜森林","elementId":306,"operate":"离开","rate":1,"result":"关闭弹窗","passBonus":"","finishTextId":0,"continueId":0,"newButton":[],"title":"隐秘岩洞"},{"mapId":3,"mapName":"寂夜森林","elementId":307,"operate":"拾取","rate":0.5,"result":"物品(10201)","passBonus":"","finishTextId":105,"continueId":10203,"newButton":["离开"],"title":"烂石堆"},{"mapId":3,"mapName":"寂夜森林","elementId":307,"operate":"拾取","rate":0.3,"result":"物品(10202)","passBonus":"","finishTextId":105,"continueId":10203,"newButton":["离开"],"title":"烂石堆"},{"mapId":3,"mapName":"寂夜森林","elementId":307,"operate":"拾取","rate":0.2,"result":"物品(10203)","passBonus":"","finishTextId":105,"continueId":10203,"newButton":["离开"],"title":"烂石堆"},{"mapId":3,"mapName":"寂夜森林","elementId":307,"operate":"拾取","rate":0.1,"result":"物品(10204)","passBonus":"","finishTextId":105,"continueId":10203,"newButton":["离开"],"title":"烂石堆"},{"mapId":3,"mapName":"寂夜森林","elementId":308,"operate":"拾取","rate":0.5,"result":"物品(10205)","passBonus":"","finishTextId":105,"continueId":10203,"newButton":["离开"],"title":"小树林"},{"mapId":3,"mapName":"寂夜森林","elementId":308,"operate":"拾取","rate":0.3,"result":"物品(10206)","passBonus":"","finishTextId":105,"continueId":10203,"newButton":["离开"],"title":"小树林"},{"mapId":3,"mapName":"寂夜森林","elementId":308,"operate":"拾取","rate":0.2,"result":"物品(10207)","passBonus":"","finishTextId":105,"continueId":10203,"newButton":["离开"],"title":"小树林"},{"mapId":3,"mapName":"寂夜森林","elementId":308,"operate":"拾取","rate":0.1,"result":"物品(10208)","passBonus":"","finishTextId":105,"continueId":10203,"newButton":["离开"],"title":"小树林"},{"mapId":3,"mapName":"寂夜森林","elementId":312,"operate":"抢夺","rate":0.2,"result":"战斗(1:10211#2:10211#3:10211#4:10212)","passBonus":"物品(10103)","finishTextId":317,"continueId":10203,"newButton":["离开"],"title":"修真者队伍"},{"mapId":3,"mapName":"寂夜森林","elementId":312,"operate":"抢夺","rate":0.8,"result":"战斗(1:10211#2:10211#3:10211#4:10212)","passBonus":"","finishTextId":317,"continueId":10203,"newButton":["离开"],"title":"修真者队伍"},{"mapId":3,"mapName":"寂夜森林","elementId":312,"operate":"离开","rate":1,"result":"关闭弹窗","passBonus":"","finishTextId":0,"continueId":0,"newButton":[],"title":"修真者队伍"},{"mapId":3,"mapName":"寂夜森林","elementId":315,"operate":"极速赶过去","rate":1,"result":"文本(319)","passBonus":"","finishTextId":0,"continueId":10212,"newButton":["询问"],"title":"激战铁背蛮熊"},{"mapId":4,"mapName":"狐栖谷","elementId":403,"operate":"比划比划","rate":0.2,"result":"战斗(1:10300#2:10300#3:10300#4:10300)","passBonus":"","finishTextId":402,"continueId":10301,"newButton":["离开"],"title":"想较量的狐族"},{"mapId":4,"mapName":"狐栖谷","elementId":403,"operate":"比划比划","rate":0.2,"result":"战斗(1:10303#2:10300#3:10302#4:10301)","passBonus":"","finishTextId":402,"continueId":10301,"newButton":["离开"],"title":"想较量的狐族"},{"mapId":4,"mapName":"狐栖谷","elementId":403,"operate":"比划比划","rate":0.2,"result":"战斗(1:10301#2:10302#3:10304#4:10304)","passBonus":"","finishTextId":402,"continueId":10301,"newButton":["离开"],"title":"想较量的狐族"},{"mapId":4,"mapName":"狐栖谷","elementId":403,"operate":"比划比划","rate":0.2,"result":"战斗(1:10301#2:10300#3:10301#4:10302)","passBonus":"","finishTextId":402,"continueId":10301,"newButton":["离开"],"title":"想较量的狐族"},{"mapId":4,"mapName":"狐栖谷","elementId":403,"operate":"比划比划","rate":0.2,"result":"战斗(1:10303#2:10304#3:10302#4:10301)","passBonus":"","finishTextId":402,"continueId":10301,"newButton":["离开"],"title":"想较量的狐族"},{"mapId":4,"mapName":"狐栖谷","elementId":403,"operate":"离开","rate":1,"result":"关闭弹窗","passBonus":"","finishTextId":0,"continueId":0,"newButton":[],"title":"想较量的狐族"},{"mapId":4,"mapName":"狐栖谷","elementId":404,"operate":"拾取","rate":0.5,"result":"物品(10201)","passBonus":"","finishTextId":105,"continueId":10301,"newButton":["离开"],"title":"烂石堆"},{"mapId":4,"mapName":"狐栖谷","elementId":404,"operate":"拾取","rate":0.3,"result":"物品(10202)","passBonus":"","finishTextId":105,"continueId":10301,"newButton":["离开"],"title":"烂石堆"},{"mapId":4,"mapName":"狐栖谷","elementId":404,"operate":"拾取","rate":0.2,"result":"物品(10203)","passBonus":"","finishTextId":105,"continueId":10301,"newButton":["离开"],"title":"烂石堆"},{"mapId":4,"mapName":"狐栖谷","elementId":404,"operate":"拾取","rate":0.1,"result":"物品(10204)","passBonus":"","finishTextId":105,"continueId":10301,"newButton":["离开"],"title":"烂石堆"},{"mapId":4,"mapName":"狐栖谷","elementId":405,"operate":"拾取","rate":0.5,"result":"物品(10205)","passBonus":"","finishTextId":105,"continueId":10301,"newButton":["离开"],"title":"小树林"},{"mapId":4,"mapName":"狐栖谷","elementId":405,"operate":"拾取","rate":0.3,"result":"物品(10206)","passBonus":"","finishTextId":105,"continueId":10301,"newButton":["离开"],"title":"小树林"},{"mapId":4,"mapName":"狐栖谷","elementId":405,"operate":"拾取","rate":0.2,"result":"物品(10207)","passBonus":"","finishTextId":105,"continueId":10301,"newButton":["离开"],"title":"小树林"},{"mapId":4,"mapName":"狐栖谷","elementId":405,"operate":"拾取","rate":0.1,"result":"物品(10208)","passBonus":"","finishTextId":105,"continueId":10301,"newButton":["离开"],"title":"小树林"},{"mapId":4,"mapName":"狐栖谷","elementId":407,"operate":"离开","rate":1,"result":"关闭弹窗","passBonus":"","finishTextId":0,"continueId":0,"newButton":[],"title":"狐一归闭关之地"},{"mapId":4,"mapName":"狐栖谷","elementId":409,"operate":"战斗","rate":1,"result":"战斗(1:10305#2:10305#3:10305#4:10305#5:10306#6:10305)","passBonus":"地图通关","finishTextId":405,"continueId":10301,"newButton":["离开"],"title":"激战雷兵"},{"mapId":4,"mapName":"狐栖谷","elementId":409,"operate":"观察","rate":1,"result":"信息(1:10305#2:10305#3:10305#4:10305#5:10306#6:10305)","passBonus":"","finishTextId":0,"continueId":0,"newButton":[],"title":"激战雷兵"},{"mapId":4,"mapName":"狐栖谷","elementId":409,"operate":"离开","rate":1,"result":"关闭弹窗","passBonus":"","finishTextId":0,"continueId":0,"newButton":[],"title":"激战雷兵"},{"mapId":5,"mapName":"前往渊明城","elementId":506,"operate":"拾取","rate":0.5,"result":"物品(10201)","passBonus":"","finishTextId":105,"continueId":10401,"newButton":["离开"],"title":"烂石堆"},{"mapId":5,"mapName":"前往渊明城","elementId":506,"operate":"拾取","rate":0.3,"result":"物品(10202)","passBonus":"","finishTextId":105,"continueId":10401,"newButton":["离开"],"title":"烂石堆"},{"mapId":5,"mapName":"前往渊明城","elementId":506,"operate":"拾取","rate":0.2,"result":"物品(10203)","passBonus":"","finishTextId":105,"continueId":10401,"newButton":["离开"],"title":"烂石堆"},{"mapId":5,"mapName":"前往渊明城","elementId":506,"operate":"拾取","rate":0.1,"result":"物品(10204)","passBonus":"","finishTextId":105,"continueId":10401,"newButton":["离开"],"title":"烂石堆"},{"mapId":5,"mapName":"前往渊明城","elementId":507,"operate":"拾取","rate":0.5,"result":"物品(10201)","passBonus":"","finishTextId":105,"continueId":10401,"newButton":["离开"],"title":"烂石堆"},{"mapId":5,"mapName":"前往渊明城","elementId":507,"operate":"拾取","rate":0.3,"result":"物品(10202)","passBonus":"","finishTextId":105,"continueId":10401,"newButton":["离开"],"title":"烂石堆"},{"mapId":5,"mapName":"前往渊明城","elementId":507,"operate":"拾取","rate":0.2,"result":"物品(10203)","passBonus":"","finishTextId":105,"continueId":10401,"newButton":["离开"],"title":"烂石堆"},{"mapId":5,"mapName":"前往渊明城","elementId":507,"operate":"拾取","rate":0.1,"result":"物品(10204)","passBonus":"","finishTextId":105,"continueId":10401,"newButton":["离开"],"title":"烂石堆"},{"mapId":5,"mapName":"前往渊明城","elementId":508,"operate":"拾取","rate":0.5,"result":"物品(10205)","passBonus":"","finishTextId":105,"continueId":10401,"newButton":["离开"],"title":"小树林"},{"mapId":5,"mapName":"前往渊明城","elementId":508,"operate":"拾取","rate":0.3,"result":"物品(10206)","passBonus":"","finishTextId":105,"continueId":10401,"newButton":["离开"],"title":"小树林"},{"mapId":5,"mapName":"前往渊明城","elementId":508,"operate":"拾取","rate":0.2,"result":"物品(10207)","passBonus":"","finishTextId":105,"continueId":10401,"newButton":["离开"],"title":"小树林"},{"mapId":5,"mapName":"前往渊明城","elementId":508,"operate":"拾取","rate":0.1,"result":"物品(10208)","passBonus":"","finishTextId":105,"continueId":10401,"newButton":["离开"],"title":"小树林"},{"mapId":5,"mapName":"前往渊明城","elementId":511,"operate":"探索","rate":1,"result":"文本(501)","passBonus":"","finishTextId":0,"continueId":10402,"newButton":["继续向前"],"title":"不知名山洞"},{"mapId":5,"mapName":"前往渊明城","elementId":511,"operate":"离开","rate":1,"result":"关闭弹窗","passBonus":"","finishTextId":0,"continueId":0,"newButton":[],"title":"不知名山洞"},{"mapId":5,"mapName":"前往渊明城","elementId":512,"operate":"探索","rate":1,"result":"文本(501)","passBonus":"","finishTextId":0,"continueId":10413,"newButton":["继续向前"],"title":"阴风阵阵的山洞"},{"mapId":5,"mapName":"前往渊明城","elementId":512,"operate":"离开","rate":1,"result":"关闭弹窗","passBonus":"","finishTextId":0,"continueId":0,"newButton":[],"title":"阴风阵阵的山洞"},{"mapId":5,"mapName":"前往渊明城","elementId":514,"operate":"花三千灵石开袋子","rate":0.5,"result":"消耗(10400)","passBonus":"物品(10410)","finishTextId":0,"continueId":10401,"newButton":["离开"],"title":"猥琐的行脚商"},{"mapId":5,"mapName":"前往渊明城","elementId":514,"operate":"花三千灵石开袋子","rate":0.08,"result":"消耗(10400)","passBonus":"物品(10411)","finishTextId":0,"continueId":10401,"newButton":["离开"],"title":"猥琐的行脚商"},{"mapId":5,"mapName":"前往渊明城","elementId":514,"operate":"花三千灵石开袋子","rate":0.09,"result":"消耗(10400)","passBonus":"物品(10412)","finishTextId":0,"continueId":10401,"newButton":["离开"],"title":"猥琐的行脚商"},{"mapId":5,"mapName":"前往渊明城","elementId":514,"operate":"花三千灵石开袋子","rate":0.09,"result":"消耗(10400)","passBonus":"物品(10413)","finishTextId":0,"continueId":10401,"newButton":["离开"],"title":"猥琐的行脚商"},{"mapId":5,"mapName":"前往渊明城","elementId":514,"operate":"花三千灵石开袋子","rate":0.09,"result":"消耗(10400)","passBonus":"物品(10414)","finishTextId":0,"continueId":10401,"newButton":["离开"],"title":"猥琐的行脚商"},{"mapId":5,"mapName":"前往渊明城","elementId":514,"operate":"花三千灵石开袋子","rate":0.04,"result":"消耗(10400)","passBonus":"物品(10415)","finishTextId":0,"continueId":10401,"newButton":["离开"],"title":"猥琐的行脚商"},{"mapId":5,"mapName":"前往渊明城","elementId":514,"operate":"花三千灵石开袋子","rate":0.03,"result":"消耗(10400)","passBonus":"物品(10416)","finishTextId":0,"continueId":10401,"newButton":["离开"],"title":"猥琐的行脚商"},{"mapId":5,"mapName":"前往渊明城","elementId":514,"operate":"花三千灵石开袋子","rate":0.03,"result":"消耗(10400)","passBonus":"物品(10417)","finishTextId":0,"continueId":10401,"newButton":["离开"],"title":"猥琐的行脚商"},{"mapId":5,"mapName":"前往渊明城","elementId":514,"operate":"花三千灵石开袋子","rate":0.03,"result":"消耗(10400)","passBonus":"物品(10418)","finishTextId":0,"continueId":10401,"newButton":["离开"],"title":"猥琐的行脚商"},{"mapId":5,"mapName":"前往渊明城","elementId":514,"operate":"花三千灵石开袋子","rate":0.02,"result":"消耗(10400)","passBonus":"物品(10419)","finishTextId":0,"continueId":10401,"newButton":["离开"],"title":"猥琐的行脚商"},{"mapId":5,"mapName":"前往渊明城","elementId":514,"operate":"离开","rate":1,"result":"关闭弹窗","passBonus":"","finishTextId":0,"continueId":0,"newButton":[],"title":"猥琐的行脚商"},{"mapId":5,"mapName":"前往渊明城","elementId":516,"operate":"进入（通关此地图）","rate":1,"result":"关闭弹窗","passBonus":"地图通关","finishTextId":0,"continueId":0,"newButton":[],"title":"渊明城"},{"mapId":6,"mapName":"渊明城","elementId":624,"operate":"这么嚣张？削他！","rate":0.8,"result":"战斗(1:10500)","passBonus":"","finishTextId":604,"continueId":10501,"newButton":["离开"],"title":"暴躁修真者"},{"mapId":6,"mapName":"渊明城","elementId":624,"operate":"这么嚣张？削他！","rate":0.1,"result":"战斗(1:10500)","passBonus":"物品(10500)","finishTextId":604,"continueId":10501,"newButton":["离开"],"title":"暴躁修真者"},{"mapId":6,"mapName":"渊明城","elementId":624,"operate":"这么嚣张？削他！","rate":0.1,"result":"战斗(1:10500)","passBonus":"物品(10501)","finishTextId":604,"continueId":10501,"newButton":["离开"],"title":"暴躁修真者"},{"mapId":6,"mapName":"渊明城","elementId":624,"operate":"算了，不计较","rate":1,"result":"关闭弹窗","passBonus":"","finishTextId":0,"continueId":0,"newButton":[],"title":"暴躁修真者"},{"mapId":6,"mapName":"渊明城","elementId":625,"operate":"鬼祟之人？削他！","rate":0.8,"result":"战斗(1:10501)","passBonus":"","finishTextId":604,"continueId":10501,"newButton":["离开"],"title":"鬼祟修真者"},{"mapId":6,"mapName":"渊明城","elementId":625,"operate":"鬼祟之人？削他！","rate":0.1,"result":"战斗(1:10501)","passBonus":"物品(10502)","finishTextId":604,"continueId":10501,"newButton":["离开"],"title":"鬼祟修真者"},{"mapId":6,"mapName":"渊明城","elementId":625,"operate":"鬼祟之人？削他！","rate":0.1,"result":"战斗(1:10501)","passBonus":"物品(10503)","finishTextId":604,"continueId":10501,"newButton":["离开"],"title":"鬼祟修真者"},{"mapId":6,"mapName":"渊明城","elementId":625,"operate":"算了，懒得管","rate":1,"result":"关闭弹窗","passBonus":"","finishTextId":0,"continueId":0,"newButton":[],"title":"鬼祟修真者"},{"mapId":6,"mapName":"渊明城","elementId":626,"operate":"猥琐之人？削他！","rate":0.8,"result":"战斗(1:10502)","passBonus":"","finishTextId":604,"continueId":10501,"newButton":["离开"],"title":"猥琐修真者"},{"mapId":6,"mapName":"渊明城","elementId":626,"operate":"猥琐之人？削他！","rate":0.1,"result":"战斗(1:10502)","passBonus":"物品(10504)","finishTextId":604,"continueId":10501,"newButton":["离开"],"title":"猥琐修真者"},{"mapId":6,"mapName":"渊明城","elementId":626,"operate":"猥琐之人？削他！","rate":0.05,"result":"战斗(1:10502)","passBonus":"物品(10505)","finishTextId":604,"continueId":10501,"newButton":["离开"],"title":"猥琐修真者"},{"mapId":6,"mapName":"渊明城","elementId":626,"operate":"猥琐之人？削他！","rate":0.05,"result":"战斗(1:10502)","passBonus":"物品(10506)","finishTextId":604,"continueId":10501,"newButton":["离开"],"title":"猥琐修真者"},{"mapId":6,"mapName":"渊明城","elementId":626,"operate":"算了，懒得管","rate":1,"result":"关闭弹窗","passBonus":"","finishTextId":0,"continueId":0,"newButton":[],"title":"猥琐修真者"},{"mapId":6,"mapName":"渊明城","elementId":627,"operate":"动手","rate":0.6,"result":"战斗(1:10503)","passBonus":"","finishTextId":604,"continueId":10501,"newButton":["离开"],"title":"一般修真者"},{"mapId":6,"mapName":"渊明城","elementId":627,"operate":"动手","rate":0.1,"result":"战斗(1:10503)","passBonus":"物品(10507)","finishTextId":604,"continueId":10501,"newButton":["离开"],"title":"一般修真者"},{"mapId":6,"mapName":"渊明城","elementId":627,"operate":"动手","rate":0.1,"result":"战斗(1:10503)","passBonus":"物品(10508)","finishTextId":604,"continueId":10501,"newButton":["离开"],"title":"一般修真者"},{"mapId":6,"mapName":"渊明城","elementId":627,"operate":"动手","rate":0.1,"result":"战斗(1:10503)","passBonus":"物品(10509)","finishTextId":604,"continueId":10501,"newButton":["离开"],"title":"一般修真者"},{"mapId":6,"mapName":"渊明城","elementId":627,"operate":"动手","rate":0.1,"result":"战斗(1:10503)","passBonus":"物品(10510)","finishTextId":604,"continueId":10501,"newButton":["离开"],"title":"一般修真者"},{"mapId":6,"mapName":"渊明城","elementId":627,"operate":"算了，懒得管","rate":1,"result":"关闭弹窗","passBonus":"","finishTextId":0,"continueId":0,"newButton":[],"title":"一般修真者"},{"mapId":6,"mapName":"渊明城","elementId":628,"operate":"动手","rate":0.9,"result":"战斗(1:10504)","passBonus":"","finishTextId":604,"continueId":10501,"newButton":["离开"],"title":"修真者小偷"},{"mapId":6,"mapName":"渊明城","elementId":628,"operate":"动手","rate":0.05,"result":"战斗(1:10504)","passBonus":"物品(10511)","finishTextId":604,"continueId":10501,"newButton":["离开"],"title":"修真者小偷"},{"mapId":6,"mapName":"渊明城","elementId":628,"operate":"动手","rate":0.05,"result":"战斗(1:10504)","passBonus":"物品(10512)","finishTextId":604,"continueId":10501,"newButton":["离开"],"title":"修真者小偷"},{"mapId":6,"mapName":"渊明城","elementId":628,"operate":"算了，懒得管","rate":1,"result":"关闭弹窗","passBonus":"","finishTextId":0,"continueId":0,"newButton":[],"title":"修真者小偷"},{"mapId":6,"mapName":"渊明城","elementId":632,"operate":"动手","rate":1,"result":"战斗(1:10505#2:10505#3:10505#4:10506)","passBonus":"","finishTextId":613,"continueId":10501,"newButton":["离开"],"title":"皇宫卫队"},{"mapId":6,"mapName":"渊明城","elementId":633,"operate":"动手","rate":1,"result":"战斗(1:10507#2:10507#3:10507#4:10508)","passBonus":"","finishTextId":613,"continueId":10501,"newButton":["离开"],"title":"王府卫队"},{"mapId":6,"mapName":"渊明城","elementId":633,"operate":"交出王府令牌","rate":1,"result":"消耗(10500)","passBonus":"","finishTextId":615,"continueId":10501,"newButton":["离开"],"title":"王府卫队"},{"mapId":6,"mapName":"渊明城","elementId":634,"operate":"尝试解阵","rate":1,"result":"文本(617)","passBonus":"","finishTextId":0,"continueId":10502,"newButton":["巽","兑","乾","坎"],"title":"王府旧箱子"},{"mapId":6,"mapName":"渊明城","elementId":634,"operate":"离开","rate":1,"result":"关闭弹窗","passBonus":"","finishTextId":0,"continueId":0,"newButton":[],"title":"王府旧箱子"},{"mapId":6,"mapName":"渊明城","elementId":639,"operate":"交谈","rate":1,"result":"文本(621)","passBonus":"地图通关","finishTextId":0,"continueId":10501,"newButton":["离开"],"title":"红夕楼古烈"},{"mapId":7,"mapName":"古渊黑市","elementId":704,"operate":"试试就试试","rate":0.09,"result":"消耗(10600)","passBonus":"物品(10600)","finishTextId":701,"continueId":10600,"newButton":["离开"],"title":"古怪的商人"},{"mapId":7,"mapName":"古渊黑市","elementId":704,"operate":"试试就试试","rate":0.09,"result":"消耗(10600)","passBonus":"物品(10601)","finishTextId":701,"continueId":10600,"newButton":["离开"],"title":"古怪的商人"},{"mapId":7,"mapName":"古渊黑市","elementId":704,"operate":"试试就试试","rate":0.08,"result":"消耗(10600)","passBonus":"物品(10602)","finishTextId":701,"continueId":10600,"newButton":["离开"],"title":"古怪的商人"},{"mapId":7,"mapName":"古渊黑市","elementId":704,"operate":"试试就试试","rate":0.09,"result":"消耗(10600)","passBonus":"物品(10603)","finishTextId":701,"continueId":10600,"newButton":["离开"],"title":"古怪的商人"},{"mapId":7,"mapName":"古渊黑市","elementId":704,"operate":"试试就试试","rate":0.09,"result":"消耗(10600)","passBonus":"物品(10604)","finishTextId":701,"continueId":10600,"newButton":["离开"],"title":"古怪的商人"},{"mapId":7,"mapName":"古渊黑市","elementId":704,"operate":"试试就试试","rate":0.06,"result":"消耗(10600)","passBonus":"物品(10605)","finishTextId":702,"continueId":10600,"newButton":["离开"],"title":"古怪的商人"},{"mapId":7,"mapName":"古渊黑市","elementId":704,"operate":"试试就试试","rate":0.06,"result":"消耗(10600)","passBonus":"物品(10606)","finishTextId":702,"continueId":10600,"newButton":["离开"],"title":"古怪的商人"},{"mapId":7,"mapName":"古渊黑市","elementId":704,"operate":"试试就试试","rate":0.06,"result":"消耗(10600)","passBonus":"物品(10607)","finishTextId":702,"continueId":10600,"newButton":["离开"],"title":"古怪的商人"},{"mapId":7,"mapName":"古渊黑市","elementId":704,"operate":"试试就试试","rate":0.06,"result":"消耗(10600)","passBonus":"物品(10608)","finishTextId":702,"continueId":10600,"newButton":["离开"],"title":"古怪的商人"},{"mapId":7,"mapName":"古渊黑市","elementId":704,"operate":"试试就试试","rate":0.06,"result":"消耗(10600)","passBonus":"物品(10609)","finishTextId":702,"continueId":10600,"newButton":["离开"],"title":"古怪的商人"},{"mapId":7,"mapName":"古渊黑市","elementId":704,"operate":"试试就试试","rate":0.11,"result":"消耗(10600)","passBonus":"物品(10610)","finishTextId":703,"continueId":10600,"newButton":["离开"],"title":"古怪的商人"},{"mapId":7,"mapName":"古渊黑市","elementId":704,"operate":"试试就试试","rate":0.11,"result":"消耗(10600)","passBonus":"物品(10611)","finishTextId":703,"continueId":10600,"newButton":["离开"],"title":"古怪的商人"},{"mapId":7,"mapName":"古渊黑市","elementId":704,"operate":"试试就试试","rate":0.04,"result":"消耗(10600)","passBonus":"物品(10612)","finishTextId":704,"continueId":10600,"newButton":["离开"],"title":"古怪的商人"},{"mapId":7,"mapName":"古渊黑市","elementId":704,"operate":"离开","rate":1,"result":"关闭弹窗","passBonus":"","finishTextId":0,"continueId":0,"newButton":[],"title":"古怪的商人"},{"mapId":7,"mapName":"古渊黑市","elementId":705,"operate":"询问","rate":1,"result":"文本(706)","passBonus":"","finishTextId":0,"continueId":10601,"newButton":["说出血诅十年咒"],"title":"柳卫宣"},{"mapId":8,"mapName":"城中激战","elementId":822,"operate":"废其修为","rate":1,"result":"物品(10703)","passBonus":"地图通关","finishTextId":801,"continueId":10700,"newButton":["离开"],"title":"范力"},{"mapId":8,"mapName":"城中激战","elementId":822,"operate":"直接击杀","rate":1,"result":"物品(10702)","passBonus":"地图通关","finishTextId":802,"continueId":10700,"newButton":["离开"],"title":"范力"},{"mapId":9,"mapName":"千里追杀","elementId":914,"operate":"探索","rate":0.5,"result":"文本(902)","passBonus":"","finishTextId":0,"continueId":10801,"newButton":["战斗","观察","离开"],"title":"隐秘山洞"},{"mapId":9,"mapName":"千里追杀","elementId":914,"operate":"探索","rate":0.5,"result":"物品(10800)","passBonus":"","finishTextId":105,"continueId":10800,"newButton":["离开"],"title":"隐秘山洞"},{"mapId":9,"mapName":"千里追杀","elementId":914,"operate":"离开","rate":1,"result":"关闭弹窗","passBonus":"","finishTextId":0,"continueId":0,"newButton":[],"title":"隐秘山洞"},{"mapId":9,"mapName":"千里追杀","elementId":915,"operate":"探索","rate":0.5,"result":"文本(909)","passBonus":"","finishTextId":0,"continueId":10804,"newButton":["战斗"],"title":"小湖边"},{"mapId":9,"mapName":"千里追杀","elementId":915,"operate":"探索","rate":0.5,"result":"物品(10801)","passBonus":"","finishTextId":105,"continueId":10800,"newButton":["离开"],"title":"小湖边"},{"mapId":9,"mapName":"千里追杀","elementId":915,"operate":"离开","rate":1,"result":"关闭弹窗","passBonus":"","finishTextId":0,"continueId":0,"newButton":[],"title":"小湖边"},{"mapId":9,"mapName":"千里追杀","elementId":916,"operate":"探索","rate":0.5,"result":"文本(915)","passBonus":"","finishTextId":0,"continueId":10807,"newButton":["战斗"],"title":"小树林"},{"mapId":9,"mapName":"千里追杀","elementId":916,"operate":"探索","rate":0.5,"result":"物品(10802)","passBonus":"","finishTextId":105,"continueId":10800,"newButton":["离开"],"title":"小树林"},{"mapId":9,"mapName":"千里追杀","elementId":916,"operate":"离开","rate":1,"result":"关闭弹窗","passBonus":"","finishTextId":0,"continueId":0,"newButton":[],"title":"小树林"},{"mapId":9,"mapName":"千里追杀","elementId":917,"operate":"探索","rate":0.92,"result":"物品(10808)","passBonus":"","finishTextId":920,"continueId":10809,"newButton":["战斗","离开"],"title":"野外药田"},{"mapId":9,"mapName":"千里追杀","elementId":917,"operate":"探索","rate":0.08,"result":"物品(10803)","passBonus":"","finishTextId":105,"continueId":10800,"newButton":["离开"],"title":"野外药田"},{"mapId":9,"mapName":"千里追杀","elementId":917,"operate":"离开","rate":1,"result":"关闭弹窗","passBonus":"","finishTextId":0,"continueId":0,"newButton":[],"title":"野外药田"},{"mapId":9,"mapName":"千里追杀","elementId":919,"operate":"进入（通关此地图）","rate":1,"result":"关闭弹窗","passBonus":"地图通关","finishTextId":0,"continueId":0,"newButton":[],"title":"传送阵"}]