[{"mapId":1,"mainId":1,"nextId":1,"status":0,"name":"发愁的老婆婆","operate":"询问","limit":"铁矿*50","rate":1,"number":1,"jumpNumber":1,"result":"任务(1,1,1)","initText":"哎，二柱子天天拿着那本书研究\n田不去种，整天不切实际做白日梦\n这该如何是好啊？","finishText":"无","newButton":["继续询问"]},{"mapId":1,"mainId":1,"nextId":1,"status":0,"name":"发愁的老婆婆","operate":"询问","limit":"其他","rate":1,"number":2,"jumpNumber":0,"result":"结束","initText":"哎，二柱子天天拿着那本书研究\n田不去种，整天不切实际做白日梦\n这该如何是好啊？","finishText":"哎，年轻人，你还是帮不了我的\n二柱子可是需要数十块铁矿啊\n我这糟老婆子哪有钱去买，愁啊！","newButton":[]},{"mapId":1,"mainId":1,"nextId":1,"status":0,"name":"发愁的老婆婆","operate":"离开","limit":"无","rate":1,"number":3,"jumpNumber":0,"result":"关闭弹窗","initText":"哎，二柱子天天拿着那本书研究\n田不去种，整天不切实际做白日梦\n这该如何是好啊？","finishText":"无","newButton":[]},{"mapId":1,"mainId":1,"nextId":1,"status":1,"name":"发愁的老婆婆","operate":"继续询问","limit":"无","rate":1,"number":1,"jumpNumber":2,"result":"无","initText":"事情是这样的，我的孙儿二柱子\n前段时间，不知从哪里弄来一本书\n每天沉迷其中，说要打造出最强装备","finishText":"无","newButton":["继续询问"]},{"mapId":1,"mainId":1,"nextId":1,"status":1,"name":"发愁的老婆婆","operate":"继续询问","limit":"无","rate":1,"number":2,"jumpNumber":3,"result":"无","initText":"老婆子一直劝他认真耕作，好好生活\n可这娃儿仿佛中了魔障，谁劝都不听\n最近还要五十块铁矿，铁定要尝试下","finishText":"无","newButton":["给予铁矿*50","教训二柱子","离开"]},{"mapId":1,"mainId":1,"nextId":1,"status":1,"name":"发愁的老婆婆","operate":"给予铁矿*50","limit":"无","rate":1,"number":3,"jumpNumber":1,"result":"消耗(10000)-物品(10003)-任务(1,1,2)","initText":"老婆子我身无分文，没法给他足够铁矿\n可是这娃儿一直在闹，饭都不吃\n无奈之下，老婆子今日只好入山\n看能否挖到铁矿，圆了娃的心愿\n这样也就能够安心生活了\n（选择影响最终奖励）","finishText":"无","newButton":["离开"]},{"mapId":1,"mainId":1,"nextId":1,"status":1,"name":"发愁的老婆婆","operate":"教训二柱子","limit":"无","rate":1,"number":3,"jumpNumber":2,"result":"物品(10003)-战斗(1:10005)-任务(1,1,2)","initText":"老婆子我身无分文，没法给他足够铁矿\n可是这娃儿一直在闹，饭都不吃\n无奈之下，老婆子今日只好入山\n看能否挖到铁矿，圆了娃的心愿\n这样也就能够安心生活了\n（选择影响最终奖励）","finishText":"无","newButton":["离开"]},{"mapId":1,"mainId":1,"nextId":1,"status":1,"name":"发愁的老婆婆","operate":"离开","limit":"无","rate":1,"number":3,"jumpNumber":0,"result":"关闭弹窗","initText":"老婆子我身无分文，没法给他足够铁矿\n可是这娃儿一直在闹，饭都不吃\n无奈之下，老婆子今日只好入山\n看能否挖到铁矿，圆了娃的心愿\n这样也就能够安心生活了\n（选择影响最终奖励）","finishText":"无","newButton":[]},{"mapId":1,"mainId":1,"nextId":1,"status":2,"name":"发愁的老婆婆","operate":"离开","limit":"无","rate":1,"number":1,"jumpNumber":0,"result":"关闭弹窗","initText":"多谢年轻人，二柱子用你的铁矿锻造\n失败数次后，总算愿意回到现实\n这是那本害人的书籍，就送给你吧","finishText":"无","newButton":[]},{"mapId":1,"mainId":1,"nextId":1,"status":2,"name":"发愁的老婆婆","operate":"离开","limit":"无","rate":1,"number":2,"jumpNumber":0,"result":"关闭弹窗","initText":"多谢年轻人，二柱子被你教训了之后\n总算知道天高地厚，也肯认真工作\n这是那本害人的书籍，就送给你吧","finishText":"无","newButton":[]},{"mapId":2,"mainId":2,"nextId":1,"status":0,"name":"小乞丐","operate":"上前查探","limit":"门派为正道","rate":1,"number":1,"jumpNumber":1,"result":"任务(2,1,1)","initText":"前面注意到有个小乞丐神色非常紧张\n东张西望的模样，似乎很是害怕\n难道说，其中有什么文章？","finishText":"无","newButton":["继续询问"]},{"mapId":2,"mainId":2,"nextId":1,"status":0,"name":"小乞丐","operate":"上前查探","limit":"其他","rate":1,"number":2,"jumpNumber":0,"result":"结束","initText":"前面注意到有个小乞丐神色非常紧张\n东张西望的模样，似乎很是害怕\n难道说，其中有什么文章？","finishText":"似乎你身上的魔道煞气让他感到不安\n这家伙急急忙忙的跑掉了","newButton":[]},{"mapId":2,"mainId":2,"nextId":1,"status":0,"name":"小乞丐","operate":"离开","limit":"无","rate":1,"number":3,"jumpNumber":0,"result":"关闭弹窗","initText":"前面注意到有个小乞丐神色非常紧张\n东张西望的模样，似乎很是害怕\n难道说，其中有什么文章？","finishText":"无","newButton":[]},{"mapId":2,"mainId":2,"nextId":1,"status":1,"name":"事情原委","operate":"继续询问","limit":"无","rate":1,"number":1,"jumpNumber":2,"result":"无","initText":"经过询问，这小乞丐似乎放下戒心\n紧接着，将遇到的事情说了出来\n原来，他是土生土长在这镇上的人\n前几天，在森林边缘捡到一块玉佩\n经过鉴定，是一块不错的修真者玉佩","finishText":"无","newButton":["继续询问"]},{"mapId":2,"mainId":2,"nextId":1,"status":1,"name":"事情原委","operate":"继续询问","limit":"无","rate":1,"number":2,"jumpNumber":3,"result":"无","initText":"这事被小镇里的恶霸修真者知道了\n于是派小弟来找他，想要抢夺玉佩\n小乞丐的母亲重病，急需灵石医治\n所以他不愿意白白将东西交出来","finishText":"无","newButton":["继续询问"]},{"mapId":2,"mainId":2,"nextId":1,"status":1,"name":"事情原委","operate":"继续询问","limit":"无","rate":1,"number":3,"jumpNumber":4,"result":"无","initText":"恼羞成怒的恶霸终于忍不了\n派出手下来追杀小乞丐\n这小家伙东躲西藏几天，筋疲力尽\n看他这么可怜，要不要帮忙？","finishText":"无","newButton":["帮忙","离开"]},{"mapId":2,"mainId":2,"nextId":1,"status":1,"name":"事情原委","operate":"帮忙","limit":"无","rate":1,"number":4,"jumpNumber":5,"result":"无","initText":"帮忙的话，会招惹到一个敌人\n不帮的话，又有点于心不忍\n到底要怎么做","finishText":"无","newButton":["出手"]},{"mapId":2,"mainId":2,"nextId":1,"status":1,"name":"事情原委","operate":"离开","limit":"无","rate":1,"number":4,"jumpNumber":0,"result":"关闭弹窗","initText":"帮忙的话，会招惹到一个敌人\n不帮的话，又有点于心不忍\n到底要怎么做","finishText":"无","newButton":[]},{"mapId":2,"mainId":2,"nextId":1,"status":1,"name":"帮助小乞丐","operate":"出手","limit":"无","rate":1,"number":5,"jumpNumber":6,"result":"战斗(1:10106#2:10106#3:10106#4:10106#5:10107#6:10106)","initText":"此时，追杀小乞丐的人到了\n看着来势汹汹，似乎实力挺强","finishText":"无","newButton":["给予两千灵石","离开"]},{"mapId":2,"mainId":2,"nextId":1,"status":1,"name":"帮助小乞丐","operate":"给予两千灵石","limit":"无","rate":1,"number":6,"jumpNumber":1,"result":"消耗(10002)-物品(10108)-任务(2,1,2)","initText":"出手之后，这群恶霸就狼狈逃窜\n此时，小乞丐对你非常感激\n恳求你给他两千灵石救治母亲","finishText":"无","newButton":["离开"]},{"mapId":2,"mainId":2,"nextId":1,"status":1,"name":"帮助小乞丐","operate":"离开","limit":"无","rate":1,"number":6,"jumpNumber":0,"result":"关闭弹窗","initText":"出手之后，这群恶霸就狼狈逃窜\n此时，小乞丐对你非常感激\n恳求你给他两千灵石救治母亲","finishText":"无","newButton":[]},{"mapId":2,"mainId":2,"nextId":1,"status":2,"name":"救助小乞丐","operate":"离开","limit":"无","rate":1,"number":1,"jumpNumber":0,"result":"关闭弹窗","initText":"将两千灵石给了小乞丐\n为了感谢你的相助\n他决定将之前获得的玉佩给你","finishText":"无","newButton":[]},{"mapId":2,"mainId":3,"nextId":1,"status":0,"name":"遇见吴雄","operate":"探查","limit":"无","rate":1,"number":1,"jumpNumber":1,"result":"任务(3,1,1)","initText":"酒楼中来了一群修真者，非常吵闹\n听他们的谈话，似乎提及什么妖兽\n那个用布盖着的箱子，有种古怪感觉\n让你心底不由自主的想要查看","finishText":"无","newButton":["震惊"]},{"mapId":2,"mainId":3,"nextId":1,"status":1,"name":"布下的东西","operate":"震惊","limit":"无","rate":1,"number":1,"jumpNumber":2,"result":"无","initText":"偷偷用灵力掀开那块布\n露出了被遮盖着的东西\n一个小姑娘，被关在铁笼里\n拥有着特殊的小兽耳以及粉色眼睛\n跟方羽当年的好友小白一模一样","finishText":"无","newButton":["愤怒"]},{"mapId":2,"mainId":3,"nextId":1,"status":1,"name":"心生杀意","operate":"愤怒","limit":"无","rate":1,"number":2,"jumpNumber":3,"result":"无","initText":"小兽耳女孩一脸惊慌的看着你\n那双带着泪光的眼睛在向你求救\n此时，为首修真者一掌拍在铁笼上\n吓得小女孩更是惊恐不已，让人心痛\n一股杀意从你的心底缓缓升起","finishText":"无","newButton":["出手"]},{"mapId":2,"mainId":3,"nextId":1,"status":1,"name":"杀戮","operate":"出手","limit":"无","rate":1,"number":3,"jumpNumber":1,"result":"战斗(1:10108#2:10108#3:10108#4:10108#5:10109)-任务(3,1,2)","initText":"正当这群修真者准备离开时\n你心中的杀意已经抑制不住了","finishText":"无","newButton":["离开"]},{"mapId":2,"mainId":3,"nextId":1,"status":2,"name":"事了","operate":"离开","limit":"无","rate":1,"number":1,"jumpNumber":0,"result":"关闭弹窗","initText":"击杀吴雄后，你带兽耳小女孩迅速离开","finishText":"无","newButton":[]},{"mapId":3,"mainId":4,"nextId":1,"status":0,"name":"魔道残魂","operate":"战斗","limit":"门派为魔道","rate":1,"number":1,"jumpNumber":1,"result":"战斗(1:10210)-任务(4,1,2)-物品(10209)","initText":"你们这群正道的伪君子\n我卜天志，就算身堕九渊，永堕轮回\n也要诅咒你们不得好死！\n不得好死！","finishText":"无","newButton":["离开"]},{"mapId":3,"mainId":4,"nextId":1,"status":0,"name":"魔道残魂","operate":"战斗","limit":"其他","rate":1,"number":2,"jumpNumber":0,"result":"结束","initText":"你们这群正道的伪君子\n我卜天志，就算身堕九渊，永堕轮回\n也要诅咒你们不得好死！\n不得好死！","finishText":"滚！\n正道的人，给我滚！\n啊！","newButton":[]},{"mapId":3,"mainId":4,"nextId":1,"status":0,"name":"魔道残魂","operate":"观察","limit":"无","rate":1,"number":3,"jumpNumber":0,"result":"信息(2:10210)","initText":"你们这群正道的伪君子\n我卜天志，就算身堕九渊，永堕轮回\n也要诅咒你们不得好死！\n不得好死！","finishText":"无","newButton":[]},{"mapId":3,"mainId":4,"nextId":1,"status":0,"name":"魔道残魂","operate":"离开","limit":"无","rate":1,"number":4,"jumpNumber":0,"result":"关闭弹窗","initText":"你们这群正道的伪君子\n我卜天志，就算身堕九渊，永堕轮回\n也要诅咒你们不得好死！\n不得好死！","finishText":"无","newButton":[]},{"mapId":3,"mainId":4,"nextId":1,"status":2,"name":"魔道残魂","operate":"离开","limit":"无","rate":1,"number":1,"jumpNumber":0,"result":"关闭弹窗","initText":"不甘心，我不甘心啊！\n天傀门！\n我不甘..............","finishText":"无","newButton":[]},{"mapId":3,"mainId":5,"nextId":1,"status":0,"name":"吴兵来袭","operate":"对话","limit":"无","rate":1,"number":1,"jumpNumber":1,"result":"任务(5,1,1)","initText":"就是你，杀死我弟弟的吧？\n是不是很诧异，为什么我会知道\n（此时，店小二的头颅被扔到你面前）","finishText":"无","newButton":["继续对话"]},{"mapId":3,"mainId":5,"nextId":1,"status":1,"name":"吴兵来袭","operate":"继续对话","limit":"无","rate":1,"number":1,"jumpNumber":2,"result":"无","initText":"哈哈哈，问我为什么要杀无辜的人？\n因为他惹怒了我，所以得死\n你也是，一样要死！","finishText":"无","newButton":["动手"]},{"mapId":3,"mainId":5,"nextId":1,"status":1,"name":"激战吴兵","operate":"动手","limit":"无","rate":1,"number":2,"jumpNumber":1,"result":"战斗(1:10213)-任务(5,1,2)","initText":"吴兵队伍的其他人盯着古烈一行\n吴兵一步步向你走来，气势摄人\n很强，绝对不可小觑！","finishText":"无","newButton":["离开"]},{"mapId":3,"mainId":5,"nextId":1,"status":2,"name":"战胜","operate":"离开","limit":"无","rate":1,"number":1,"jumpNumber":0,"result":"关闭弹窗","initText":"吴兵已死，他队伍的人纷纷做鸟兽散\n一场危机彻底化解","finishText":"无","newButton":[]},{"mapId":4,"mainId":6,"nextId":1,"status":0,"name":"冷漠的狐暮琴","operate":"对话","limit":"相思玉*1","rate":1,"number":1,"jumpNumber":1,"result":"任务(6,1,1)","initText":"男人都是负心的东西！\n秦瑜，再让我看到你的话\n必将你碎尸万段！","finishText":"无","newButton":["交出相思玉"]},{"mapId":4,"mainId":6,"nextId":1,"status":0,"name":"冷漠的狐暮琴","operate":"对话","limit":"其他","rate":1,"number":2,"jumpNumber":0,"result":"结束","initText":"男人都是负心的东西！\n秦瑜，再让我看到你的话\n必将你碎尸万段！","finishText":"滚！\n要不是看在你救了小白的份上\n在你踏入狐栖谷的瞬间\n我手中的秋水就已经取你性命！","newButton":[]},{"mapId":4,"mainId":6,"nextId":1,"status":0,"name":"冷漠的狐暮琴","operate":"离开","limit":"无","rate":1,"number":3,"jumpNumber":0,"result":"关闭弹窗","initText":"男人都是负心的东西！\n秦瑜，再让我看到你的话\n必将你碎尸万段！","finishText":"无","newButton":[]},{"mapId":4,"mainId":6,"nextId":1,"status":1,"name":"冷漠的狐暮琴","operate":"交出相思玉","limit":"无","rate":1,"number":1,"jumpNumber":2,"result":"消耗(10300)","initText":"你想做什么？\n别以为救了小白\n就可以在狐栖谷任意妄为！\n咦，不对，在你身上\n我怎么感觉到一种熟悉的气息！","finishText":"无","newButton":["讲述"]},{"mapId":4,"mainId":6,"nextId":1,"status":1,"name":"冷漠的狐暮琴","operate":"讲述","limit":"无","rate":1,"number":2,"jumpNumber":3,"result":"无","initText":"什么？相思玉！\n为什么你会有相思玉？\n到底是从哪里得来的！\n说，你跟秦瑜有什么关系！\n说！","finishText":"无","newButton":["询问"]},{"mapId":4,"mainId":6,"nextId":1,"status":1,"name":"无法思考的狐暮琴","operate":"询问","limit":"无","rate":1,"number":3,"jumpNumber":4,"result":"无","initText":"秦瑜死了？他死了？\n（狐暮琴一脸呆滞，久久无语）","finishText":"无","newButton":["他是爱你的","这种人不值得"]},{"mapId":4,"mainId":6,"nextId":1,"status":1,"name":"无法思考的狐暮琴","operate":"他是爱你的","limit":"无","rate":1,"number":4,"jumpNumber":1,"result":"任务(6,1,2)-物品(10300)","initText":"秦瑜原来是狐暮琴深爱之人\n十几年前，因为误会分开了\n狐暮琴一直觉得被背叛\n爱的越深，恨的越深\n听到秦瑜的死讯，脑子一片空白\n（选择影响奖励，机会只有一次）","finishText":"无","newButton":["离开"]},{"mapId":4,"mainId":6,"nextId":1,"status":1,"name":"无法思考的狐暮琴","operate":"这种人不值得","limit":"无","rate":1,"number":4,"jumpNumber":2,"result":"任务(6,1,2)-物品(10301)","initText":"秦瑜原来是狐暮琴深爱之人\n十几年前，因为误会分开了\n狐暮琴一直觉得被背叛\n爱的越深，恨的越深\n听到秦瑜的死讯，脑子一片空白\n（选择影响奖励，机会只有一次）","finishText":"无","newButton":["离开"]},{"mapId":4,"mainId":6,"nextId":1,"status":2,"name":"释怀的狐暮琴","operate":"离开","limit":"无","rate":1,"number":1,"jumpNumber":0,"result":"关闭弹窗","initText":"谢谢你，多年的心结总算解除\n（狐暮琴展露让人难以忘怀的笑颜）","finishText":"无","newButton":[]},{"mapId":4,"mainId":6,"nextId":1,"status":2,"name":"执念的狐暮琴","operate":"离开","limit":"无","rate":1,"number":2,"jumpNumber":0,"result":"关闭弹窗","initText":"死的好，秦瑜死的好啊！\n哈哈哈哈\n……..\n（笑声中，带着一丝绝望）","finishText":"无","newButton":[]},{"mapId":4,"mainId":7,"nextId":1,"status":0,"name":"狐暮寒","operate":"交谈","limit":"雷之虚相*1","rate":1,"number":1,"jumpNumber":1,"result":"物品(10302)-任务(7,1,2)","initText":"小白的血脉问题，如果能解决，该有多好","finishText":"无","newButton":["离开"]},{"mapId":4,"mainId":7,"nextId":1,"status":0,"name":"狐暮寒","operate":"交谈","limit":"其他","rate":1,"number":2,"jumpNumber":0,"result":"结束","initText":"小白的血脉问题，如果能解决，该有多好","finishText":"既然无事，那就离开吧\n我还得想办法解决小白的事情","newButton":[]},{"mapId":4,"mainId":7,"nextId":1,"status":0,"name":"狐暮寒","operate":"离开","limit":"无","rate":1,"number":3,"jumpNumber":0,"result":"关闭弹窗","initText":"小白的血脉问题，如果能解决，该有多好","finishText":"无","newButton":[]},{"mapId":4,"mainId":7,"nextId":1,"status":2,"name":"感激的狐暮寒","operate":"离开","limit":"无","rate":1,"number":1,"jumpNumber":0,"result":"关闭弹窗","initText":"没想到，小白的事情你有办法解决\n这些东西就送给你吧，当做我的一点小心意","finishText":"无","newButton":[]},{"mapId":5,"mainId":8,"nextId":1,"status":0,"name":"城门王利","operate":"询问何事","limit":"无","rate":1,"number":1,"jumpNumber":1,"result":"任务(8,1,1)","initText":"站住！\n当你来到城门，一名城门守卫喊停你\n同时走了过来\n看样子，似乎有点麻烦","finishText":"无","newButton":["继续对话"]},{"mapId":5,"mainId":8,"nextId":1,"status":1,"name":"城门王利","operate":"继续对话","limit":"无","rate":1,"number":1,"jumpNumber":2,"result":"无","initText":"小子，不懂规矩么？\n要进渊明城的话，需要交进城费\n赶紧的快点上交，老子忙得很！","finishText":"无","newButton":["其他人为什么不用？"]},{"mapId":5,"mainId":8,"nextId":1,"status":1,"name":"城门王利","operate":"其他人为什么不用？","limit":"无","rate":1,"number":2,"jumpNumber":3,"result":"无","initText":"少特么废话！\n速速交入城费！","finishText":"无","newButton":["交五千灵石","不交"]},{"mapId":5,"mainId":8,"nextId":1,"status":1,"name":"嚣张的王利","operate":"交五千灵石","limit":"无","rate":1,"number":3,"jumpNumber":4,"result":"消耗(10401)","initText":"其他人交不交跟你没关系\n老子现在说你要交，你就要交！","finishText":"无","newButton":["欺人太甚"]},{"mapId":5,"mainId":8,"nextId":1,"status":1,"name":"嚣张的王利","operate":"不交","limit":"无","rate":1,"number":3,"jumpNumber":5,"result":"无","initText":"其他人交不交跟你没关系\n老子现在说你要交，你就要交！","finishText":"无","newButton":["动手"]},{"mapId":5,"mainId":8,"nextId":1,"status":1,"name":"忍无可忍","operate":"欺人太甚","limit":"无","rate":1,"number":4,"jumpNumber":1,"result":"战斗(1:10415#2:10415#3:10415#4:10415#5:10416#6:10415)-任务(8,1,2)","initText":"小子，你这是打发乞丐？\n交十万灵石，否则今天别想进城！","finishText":"无","newButton":["离开"]},{"mapId":5,"mainId":8,"nextId":1,"status":1,"name":"忍无可忍","operate":"动手","limit":"无","rate":1,"number":5,"jumpNumber":1,"result":"战斗(1:10417#2:10417#3:10417#4:10417#5:10418#6:10417)-任务(8,1,2)","initText":"敢不给？\n看来，今天少不了得教训你一顿","finishText":"无","newButton":["离开"]},{"mapId":5,"mainId":8,"nextId":1,"status":2,"name":"离去","operate":"离开","limit":"无","rate":1,"number":1,"jumpNumber":0,"result":"关闭弹窗","initText":"狠狠教训了王利，还不小心吓尿他\n（你没发现王利那怨毒的目光）","finishText":"无","newButton":[]},{"mapId":6,"mainId":9,"nextId":1,"status":0,"name":"古文俊","operate":"交谈","limit":"灵秀玉佩*1","rate":1,"number":1,"jumpNumber":1,"result":"消耗(10501)-任务(9,1,1)","initText":"哎\n古烈的父亲是谁，一直是个谜啊\n不仅是我，父亲也一直耿耿于怀","finishText":"无","newButton":["告知原委"]},{"mapId":6,"mainId":9,"nextId":1,"status":0,"name":"古文俊","operate":"交谈","limit":"其他","rate":1,"number":2,"jumpNumber":0,"result":"结束","initText":"哎\n古烈的父亲是谁，一直是个谜啊\n不仅是我，父亲也一直耿耿于怀","finishText":"也不知道谁能帮我解开这个谜","newButton":[]},{"mapId":6,"mainId":9,"nextId":1,"status":0,"name":"古文俊","operate":"离开","limit":"无","rate":1,"number":3,"jumpNumber":0,"result":"关闭弹窗","initText":"哎\n古烈的父亲是谁，一直是个谜啊\n不仅是我，父亲也一直耿耿于怀","finishText":"无","newButton":[]},{"mapId":6,"mainId":9,"nextId":1,"status":1,"name":"震惊的古文俊","operate":"告知原委","limit":"无","rate":1,"number":1,"jumpNumber":2,"result":"无","initText":"为什么你会有秀秀的贴身玉佩？","finishText":"无","newButton":["当年的魔灵珠呢？"]},{"mapId":6,"mainId":9,"nextId":1,"status":1,"name":"震惊的古文俊","operate":"当年的魔灵珠呢？","limit":"无","rate":1,"number":2,"jumpNumber":1,"result":"任务(9,1,2)","initText":"原来如此\n古烈的父亲居然有如此来头\n哎，难怪当年她死活不肯说","finishText":"无","newButton":["离开"]},{"mapId":6,"mainId":9,"nextId":1,"status":2,"name":"得知魔灵珠下落","operate":"离开","limit":"无","rate":1,"number":1,"jumpNumber":0,"result":"关闭弹窗","initText":"那颗秀秀一直贴身保存的黑色珠子？\n秀秀死后，父亲就将它丢到皇宫宝库\n如今应该保存在宝库里面吧","finishText":"无","newButton":[]},{"mapId":6,"mainId":9,"nextId":2,"status":0,"name":"古文滔","operate":"询问","limit":"无","rate":1,"number":1,"jumpNumber":1,"result":"任务(9,2,1)","initText":"能闯入皇宫，实力着实不错\n说吧，想要什么？","finishText":"无","newButton":["索要"]},{"mapId":6,"mainId":9,"nextId":2,"status":0,"name":"古文滔","operate":"离开","limit":"无","rate":1,"number":2,"jumpNumber":0,"result":"关闭弹窗","initText":"能闯入皇宫，实力着实不错\n说吧，想要什么？","finishText":"无","newButton":[]},{"mapId":6,"mainId":9,"nextId":2,"status":1,"name":"古文滔","operate":"索要","limit":"无","rate":1,"number":1,"jumpNumber":2,"result":"无","initText":"你是说那颗黑色珠子？\n材质倒是特殊，不过并没用处\n目前的确是放在皇宫宝库中","finishText":"无","newButton":["出手"]},{"mapId":6,"mainId":9,"nextId":2,"status":1,"name":"古文滔","operate":"出手","limit":"无","rate":1,"number":2,"jumpNumber":1,"result":"战斗(1:10509)-物品(10514)-任务(9,2,2)","initText":"不过，这里毕竟是古渊国皇宫！\n贸然闯入，还索要东西\n白白给你的话，岂不是让外人笑话？\n能击败本国主，那珠子就拿去吧","finishText":"无","newButton":["离开"]},{"mapId":6,"mainId":9,"nextId":2,"status":2,"name":"古文滔","operate":"离开","limit":"无","rate":1,"number":1,"jumpNumber":0,"result":"关闭弹窗","initText":"好\n本皇说话算话\n东西你拿去吧","finishText":"无","newButton":[]},{"mapId":6,"mainId":10,"nextId":1,"status":0,"name":"周野","operate":"进去看看","limit":"无","rate":1,"number":1,"jumpNumber":1,"result":"任务(10,1,1)","initText":"你来到了红夕楼\n却发现里面有人在捣乱","finishText":"无","newButton":["动手"]},{"mapId":6,"mainId":10,"nextId":1,"status":1,"name":"周野","operate":"动手","limit":"无","rate":1,"number":1,"jumpNumber":1,"result":"战斗(1:10510)-任务(10,1,2)","initText":"看了看，发现此人是故意捣乱的\n看着他那嚣张的模样\n你决定出手","finishText":"无","newButton":["离开"]},{"mapId":6,"mainId":10,"nextId":1,"status":2,"name":"周野","operate":"离开","limit":"无","rate":1,"number":1,"jumpNumber":0,"result":"关闭弹窗","initText":"解决了周野后，发现古烈赶到\n就在前面","finishText":"无","newButton":[]},{"mapId":6,"mainId":10,"nextId":2,"status":0,"name":"野狼帮","operate":"询问","limit":"无","rate":1,"number":1,"jumpNumber":1,"result":"任务(10,2,1)","initText":"一群看似来者不善的家伙\n快速将你包围了","finishText":"无","newButton":["原来是因为周野"]},{"mapId":6,"mainId":10,"nextId":2,"status":1,"name":"野狼帮","operate":"原来是因为周野","limit":"无","rate":1,"number":1,"jumpNumber":2,"result":"无","initText":"周野是你杀的吧？\n他是我们的人，你居然敢动手？\n告诉我，是谁给你的勇气？\n梁小姐么？（稍稍恶搞）","finishText":"无","newButton":["动手"]},{"mapId":6,"mainId":10,"nextId":2,"status":1,"name":"野狼帮","operate":"动手","limit":"无","rate":1,"number":2,"jumpNumber":1,"result":"战斗(1:10511#2:10511#3:10511#4:10511#5:10512#6:10511)-任务(10,2,2)-物品(10515)","initText":"小子，得罪我们野狼帮\n那就去九渊忏悔吧！","finishText":"无","newButton":["离开"]},{"mapId":6,"mainId":10,"nextId":2,"status":2,"name":"野狼帮","operate":"离开","limit":"无","rate":1,"number":1,"jumpNumber":0,"result":"关闭弹窗","initText":"饶命，饶命，大人饶命！\n我们背后可是八方…….\n噗呲！一把飞刀不知从哪里飞出\n当场将野狼帮主击杀\n很明显的杀人灭口！","finishText":"无","newButton":[]},{"mapId":8,"mainId":11,"nextId":1,"status":0,"name":"王昱","operate":"动手","limit":"无","rate":1,"number":1,"jumpNumber":1,"result":"战斗(1:10710#2:10710#3:10710#4:10711)-任务(11,1,2)-物品(10700)","initText":"王昱就在前方\n如果没有他撑腰\n王利是绝对不敢这么嚣张的\n只是身边有护卫队的人在\n动手的话，说不定会有危险\n而且还会得罪古渊国","finishText":"无","newButton":["离开"]},{"mapId":8,"mainId":11,"nextId":1,"status":0,"name":"王昱","operate":"离开","limit":"无","rate":1,"number":2,"jumpNumber":0,"result":"关闭弹窗","initText":"王昱就在前方\n如果没有他撑腰\n王利是绝对不敢这么嚣张的\n只是身边有护卫队的人在\n动手的话，说不定会有危险\n而且还会得罪古渊国","finishText":"无","newButton":[]},{"mapId":8,"mainId":11,"nextId":1,"status":2,"name":"王昱","operate":"离开","limit":"无","rate":1,"number":1,"jumpNumber":0,"result":"关闭弹窗","initText":"“古渊国不会放过你的……..”","finishText":"无","newButton":[]},{"mapId":8,"mainId":12,"nextId":1,"status":0,"name":"迎宾馆","operate":"愤怒","limit":"无","rate":1,"number":1,"jumpNumber":1,"result":"任务(12,1,1)","initText":"赶到迎宾馆，范力将小兰放了\n只是，此时王利却一掌将她心脉震碎\n看到这一幕，你的双眼变得血红\n心中涌起无限杀意","finishText":"无","newButton":["杀戮"]},{"mapId":8,"mainId":12,"nextId":1,"status":1,"name":"迎宾馆","operate":"杀戮","limit":"无","rate":1,"number":1,"jumpNumber":1,"result":"战斗(1:10712#2:10713#3:10714)-任务(12,1,2)-物品(10701)","initText":"看着躺在你怀中，已经没了气息的小兰\n一股嗜血的情绪直冲脑门\n将小兰的尸体交给柳卫宣后\n你看向范力一伙\n冰冷无比！","finishText":"无","newButton":["离开"]},{"mapId":8,"mainId":12,"nextId":1,"status":2,"name":"迎宾馆","operate":"离开","limit":"无","rate":1,"number":1,"jumpNumber":0,"result":"关闭弹窗","initText":"解决了曹彬数人后\n你看向范力，眼中的冷漠如刺骨寒风","finishText":"无","newButton":[]},{"mapId":8,"mainId":12,"nextId":2,"status":0,"name":"古娜娜","operate":"对话","limit":"无","rate":1,"number":1,"jumpNumber":2,"result":"物品(10704)","initText":"快走吧，你得罪了八方国，他们肯定不会放过你的\n国主那边跟八方国有了盟约，也不可能出手制约\n这是王府令牌，希望有缘再见","finishText":"无","newButton":["离开"]},{"mapId":8,"mainId":12,"nextId":2,"status":0,"name":"古娜娜","operate":"离开","limit":"无","rate":1,"number":2,"jumpNumber":0,"result":"关闭弹窗","initText":"走吧，柳卫宣他们不会有事的","finishText":"无","newButton":[]},{"mapId":9,"mainId":13,"nextId":1,"status":0,"name":"化神杀机","operate":"动手","limit":"黑元手套锻造配方*1","rate":1,"number":1,"jumpNumber":1,"result":"战斗(1:10822#2:10819#3:10822#4:10821)-任务(13,1,2)","initText":"已经临近传送阵，可惜，八方国的追兵已经追至\n面对着可怕的化神修士\n你要做的，找机会，进传送阵！","finishText":"无","newButton":["离开"]},{"mapId":9,"mainId":13,"nextId":1,"status":0,"name":"化神杀机","operate":"动手","limit":"玄纹真灵盾锻造配方*1","rate":1,"number":2,"jumpNumber":1,"result":"战斗(1:10822#2:10819#3:10822#4:10820)-任务(13,1,2)","initText":"已经临近传送阵，可惜，八方国的追兵已经追至\n面对着可怕的化神修士\n你要做的，找机会，进传送阵！","finishText":"无","newButton":["离开"]},{"mapId":9,"mainId":13,"nextId":1,"status":2,"name":"化神杀机","operate":"离开","limit":"无","rate":1,"number":1,"jumpNumber":0,"result":"关闭弹窗","initText":"趁此机会\n进入传送阵！","finishText":"无","newButton":[]},{"mapId":9,"mainId":14,"nextId":1,"status":0,"name":"藏宝阁阿大","operate":"交易（生息果）","limit":"生息果*20","rate":1,"number":1,"jumpNumber":1,"result":"任务(14,1,2)-物品(10817)","initText":"我叫阿大，藏宝阁商人\n藏宝阁听过没？横跨整个星域的超牛逼商会\n遇到我，是你的福气\n这里有两个配方，为走医道的修士服务\n给我20个生息果，或者20个死冥土，可以换一份\n只能换一份，换完我就离开苍蓝星了\n毕竟考核指数已经达标","finishText":"无","newButton":["离开"]},{"mapId":9,"mainId":14,"nextId":1,"status":0,"name":"藏宝阁阿大","operate":"交易（死冥土）","limit":"死冥土*20","rate":1,"number":2,"jumpNumber":1,"result":"任务(14,1,2)-物品(10818)","initText":"我叫阿大，藏宝阁商人\n藏宝阁听过没？横跨整个星域的超牛逼商会\n遇到我，是你的福气\n这里有两个配方，为走医道的修士服务\n给我20个生息果，或者20个死冥土，可以换一份\n只能换一份，换完我就离开苍蓝星了\n毕竟考核指数已经达标","finishText":"无","newButton":["离开"]},{"mapId":9,"mainId":14,"nextId":1,"status":0,"name":"藏宝阁阿大","operate":"交易","limit":"其他","rate":1,"number":3,"jumpNumber":0,"result":"结束","initText":"我叫阿大，藏宝阁商人\n藏宝阁听过没？横跨整个星域的超牛逼商会\n遇到我，是你的福气\n这里有两个配方，为走医道的修士服务\n给我20个生息果，或者20个死冥土，可以换一份\n只能换一份，换完我就离开苍蓝星了\n毕竟考核指数已经达标","finishText":"没东西就别想换，老子这配方可珍贵得很！","newButton":[]},{"mapId":9,"mainId":14,"nextId":1,"status":2,"name":"藏宝阁阿大","operate":"离开","limit":"无","rate":1,"number":1,"jumpNumber":0,"result":"关闭弹窗","initText":"好了，我这一百年的考核及格\n走啦，有机会来藏宝阁找我\n请你喝酒！","finishText":"无","newButton":[]},{"mapId":9,"mainId":15,"nextId":1,"status":0,"name":"不明尸骸","operate":"拾取","limit":"无","rate":1,"number":1,"jumpNumber":1,"result":"任务(15,1,2)-物品(10819)","initText":"发现了一副骸骨\n似乎已经逝去多年\n在他身上，有一块玉","finishText":"无","newButton":["离开"]},{"mapId":9,"mainId":15,"nextId":1,"status":0,"name":"不明尸骸","operate":"离开","limit":"无","rate":1,"number":2,"jumpNumber":0,"result":"关闭弹窗","initText":"发现了一副骸骨\n似乎已经逝去多年\n在他身上，有一块玉","finishText":"无","newButton":[]},{"mapId":9,"mainId":15,"nextId":1,"status":2,"name":"不明尸骸","operate":"离开","limit":"无","rate":1,"number":1,"jumpNumber":0,"result":"关闭弹窗","initText":"拿起尸体身上的玉石后\n不知是不是幻觉\n似乎听到有人在耳边喊了一句\n“琴”","finishText":"无","newButton":[]}]