[{"mapId":1,"mapName":"宗门山下","elementId":105,"operate":"无","rate":1,"result":"战斗(1:10007#2:10007#3:10007#4:10001)","passBonus":"","finishTextId":0,"continueId":0,"newButton":[]},{"mapId":1,"mapName":"宗门山下","elementId":1,"operate":"无","rate":0.5,"result":"战斗(1:10000#2:10000#3:10000)","passBonus":"","finishTextId":0,"continueId":0,"newButton":[]},{"mapId":1,"mapName":"宗门山下","elementId":1,"operate":"无","rate":0.5,"result":"战斗(1:10000#2:10006#3:10000)","passBonus":"","finishTextId":0,"continueId":0,"newButton":[]},{"mapId":2,"mapName":"森林小镇","elementId":1,"operate":"无","rate":0.3,"result":"战斗(1:10100#2:10100#3:10101)","passBonus":"","finishTextId":0,"continueId":0,"newButton":[]},{"mapId":2,"mapName":"森林小镇","elementId":1,"operate":"无","rate":0.3,"result":"战斗(1:10101#3:10101#5:10101)","passBonus":"","finishTextId":0,"continueId":0,"newButton":[]},{"mapId":2,"mapName":"森林小镇","elementId":1,"operate":"无","rate":0.4,"result":"战斗(1:10100#3:10100#4:10101#5:10101)","passBonus":"","finishTextId":0,"continueId":0,"newButton":[]},{"mapId":3,"mapName":"寂夜森林","elementId":1,"operate":"无","rate":0.3,"result":"战斗(1:10200#2:10201#3:10203)","passBonus":"","finishTextId":0,"continueId":0,"newButton":[]},{"mapId":3,"mapName":"寂夜森林","elementId":1,"operate":"无","rate":0.2,"result":"战斗(1:10201#2:10201#3:10203#4:10202)","passBonus":"","finishTextId":0,"continueId":0,"newButton":[]},{"mapId":3,"mapName":"寂夜森林","elementId":1,"operate":"无","rate":0.2,"result":"战斗(1:10202#2:10201#3:10203#4:10202)","passBonus":"","finishTextId":0,"continueId":0,"newButton":[]},{"mapId":3,"mapName":"寂夜森林","elementId":1,"operate":"无","rate":0.2,"result":"战斗(1:10203#2:10201#3:10203#4:10201)","passBonus":"","finishTextId":0,"continueId":0,"newButton":[]},{"mapId":3,"mapName":"寂夜森林","elementId":1,"operate":"无","rate":0.1,"result":"战斗(1:10200#2:10201#3:10203#4:10202#5:10201)","passBonus":"","finishTextId":0,"continueId":0,"newButton":[]},{"mapId":3,"mapName":"寂夜森林","elementId":309,"operate":"无","rate":0.4,"result":"战斗(1:10202#2:10202#3:10202#4:10202)","passBonus":"","finishTextId":0,"continueId":0,"newButton":[]},{"mapId":3,"mapName":"寂夜森林","elementId":309,"operate":"无","rate":0.3,"result":"战斗(1:10201#2:10200#3:10202#4:10208)","passBonus":"","finishTextId":0,"continueId":0,"newButton":[]},{"mapId":3,"mapName":"寂夜森林","elementId":309,"operate":"无","rate":0.3,"result":"战斗(1:10202#2:10200#3:10200#4:10208)","passBonus":"","finishTextId":0,"continueId":0,"newButton":[]},{"mapId":3,"mapName":"寂夜森林","elementId":310,"operate":"无","rate":0.4,"result":"战斗(1:10200#2:10200#3:10200#4:10201)","passBonus":"","finishTextId":0,"continueId":0,"newButton":[]},{"mapId":3,"mapName":"寂夜森林","elementId":310,"operate":"无","rate":0.3,"result":"战斗(1:10200#2:10200#3:10200#4:10209)","passBonus":"","finishTextId":0,"continueId":0,"newButton":[]},{"mapId":3,"mapName":"寂夜森林","elementId":310,"operate":"无","rate":0.3,"result":"战斗(1:10202#2:10200#3:10200#4:10209)","passBonus":"","finishTextId":0,"continueId":0,"newButton":[]},{"mapId":5,"mapName":"前往渊明城","elementId":1,"operate":"无","rate":0.2,"result":"战斗(1:10400#2:10401#3:10400#4:10402)","passBonus":"","finishTextId":0,"continueId":0,"newButton":[]},{"mapId":5,"mapName":"前往渊明城","elementId":1,"operate":"无","rate":0.2,"result":"战斗(1:10401#2:10400#3:10402#4:10402)","passBonus":"","finishTextId":0,"continueId":0,"newButton":[]},{"mapId":5,"mapName":"前往渊明城","elementId":1,"operate":"无","rate":0.2,"result":"战斗(1:10402#2:10401#3:10400#4:10402)","passBonus":"","finishTextId":0,"continueId":0,"newButton":[]},{"mapId":5,"mapName":"前往渊明城","elementId":1,"operate":"无","rate":0.2,"result":"战斗(1:10402#2:10402#3:10402#4:10402)","passBonus":"","finishTextId":0,"continueId":0,"newButton":[]},{"mapId":5,"mapName":"前往渊明城","elementId":1,"operate":"无","rate":0.2,"result":"战斗(1:10402#2:10400#3:10401#4:10402)","passBonus":"","finishTextId":0,"continueId":0,"newButton":[]},{"mapId":5,"mapName":"前往渊明城","elementId":513,"operate":"无","rate":0.35,"result":"战斗(1:10409#2:10409#3:10409#4:10409#5:10410)","passBonus":"","finishTextId":0,"continueId":0,"newButton":[]},{"mapId":5,"mapName":"前往渊明城","elementId":513,"operate":"无","rate":0.35,"result":"战斗(1:10411#2:10411#3:10411#4:10411#5:10412)","passBonus":"","finishTextId":0,"continueId":0,"newButton":[]},{"mapId":5,"mapName":"前往渊明城","elementId":513,"operate":"无","rate":0.3,"result":"战斗(1:10413#2:10413#3:10413#4:10413#5:10414)","passBonus":"","finishTextId":0,"continueId":0,"newButton":[]},{"mapId":7,"mapName":"古渊黑市","elementId":1,"operate":"无","rate":0.2,"result":"战斗(1:10600#2:10600#3:10600#4:10602)","passBonus":"","finishTextId":0,"continueId":0,"newButton":[]},{"mapId":7,"mapName":"古渊黑市","elementId":1,"operate":"无","rate":0.2,"result":"战斗(1:10601#2:10601#3:10600#4:10602)","passBonus":"","finishTextId":0,"continueId":0,"newButton":[]},{"mapId":7,"mapName":"古渊黑市","elementId":1,"operate":"无","rate":0.2,"result":"战斗(1:10602#2:10602#3:10602#4:10602)","passBonus":"","finishTextId":0,"continueId":0,"newButton":[]},{"mapId":7,"mapName":"古渊黑市","elementId":1,"operate":"无","rate":0.2,"result":"战斗(1:10600#2:10602#3:10600#4:10602)","passBonus":"","finishTextId":0,"continueId":0,"newButton":[]},{"mapId":7,"mapName":"古渊黑市","elementId":1,"operate":"无","rate":0.2,"result":"战斗(1:10601#2:10600#3:10600#4:10602)","passBonus":"","finishTextId":0,"continueId":0,"newButton":[]},{"mapId":7,"mapName":"古渊黑市","elementId":702,"operate":"无","rate":0.5,"result":"战斗(1:10604#2:10604#3:10604#4:10604)","passBonus":"","finishTextId":0,"continueId":0,"newButton":[]},{"mapId":7,"mapName":"古渊黑市","elementId":702,"operate":"无","rate":0.5,"result":"战斗(1:10604#2:10604#3:10604#4:10604#5:10603)","passBonus":"","finishTextId":0,"continueId":0,"newButton":[]},{"mapId":7,"mapName":"古渊黑市","elementId":703,"operate":"无","rate":0.5,"result":"战斗(1:10606#2:10606#3:10606#4:10606)","passBonus":"","finishTextId":0,"continueId":0,"newButton":[]},{"mapId":7,"mapName":"古渊黑市","elementId":703,"operate":"无","rate":0.5,"result":"战斗(1:10606#2:10606#3:10606#4:10606#5:10605)","passBonus":"","finishTextId":0,"continueId":0,"newButton":[]},{"mapId":8,"mapName":"城中激战","elementId":813,"operate":"无","rate":1,"result":"战斗(1:10700#2:10700#3:10700#4:10701)","passBonus":"","finishTextId":0,"continueId":0,"newButton":[]},{"mapId":8,"mapName":"城中激战","elementId":814,"operate":"无","rate":1,"result":"战斗(1:10702#2:10702#3:10702#4:10703)","passBonus":"","finishTextId":0,"continueId":0,"newButton":[]},{"mapId":8,"mapName":"城中激战","elementId":815,"operate":"无","rate":1,"result":"战斗(1:10704#2:10704#3:10704#4:10705)","passBonus":"","finishTextId":0,"continueId":0,"newButton":[]},{"mapId":8,"mapName":"城中激战","elementId":816,"operate":"无","rate":1,"result":"战斗(1:10706#2:10706#3:10706#4:10707)","passBonus":"","finishTextId":0,"continueId":0,"newButton":[]},{"mapId":8,"mapName":"城中激战","elementId":817,"operate":"无","rate":1,"result":"战斗(1:10708#2:10708#3:10708#4:10709)","passBonus":"","finishTextId":0,"continueId":0,"newButton":[]},{"mapId":9,"mapName":"千里追杀","elementId":1,"operate":"无","rate":0.15,"result":"战斗(1:10800#2:10800#3:10800)","passBonus":"","finishTextId":0,"continueId":0,"newButton":[]},{"mapId":9,"mapName":"千里追杀","elementId":1,"operate":"无","rate":0.15,"result":"战斗(1:10800#2:10800)","passBonus":"","finishTextId":0,"continueId":0,"newButton":[]},{"mapId":9,"mapName":"千里追杀","elementId":1,"operate":"无","rate":0.2,"result":"战斗(1:10800#2:10800#3:10800#4:10800)","passBonus":"","finishTextId":0,"continueId":0,"newButton":[]},{"mapId":9,"mapName":"千里追杀","elementId":1,"operate":"无","rate":0.12,"result":"战斗(1:10801#2:10801#3:10803#4:10802)","passBonus":"","finishTextId":0,"continueId":0,"newButton":[]},{"mapId":9,"mapName":"千里追杀","elementId":1,"operate":"无","rate":0.12,"result":"战斗(1:10800#2:10801#3:10801#4:10804)","passBonus":"","finishTextId":0,"continueId":0,"newButton":[]},{"mapId":9,"mapName":"千里追杀","elementId":1,"operate":"无","rate":0.1,"result":"战斗(1:10803#2:10801#3:10803#4:10802)","passBonus":"","finishTextId":0,"continueId":0,"newButton":[]},{"mapId":9,"mapName":"千里追杀","elementId":1,"operate":"无","rate":0.08,"result":"战斗(1:10802#2:10801#3:10803#4:10804)","passBonus":"","finishTextId":0,"continueId":0,"newButton":[]},{"mapId":9,"mapName":"千里追杀","elementId":1,"operate":"无","rate":0.08,"result":"战斗(1:10801#2:10800#3:10804#4:10802)","passBonus":"","finishTextId":0,"continueId":0,"newButton":[]},{"mapId":9,"mapName":"千里追杀","elementId":909,"operate":"无","rate":0.65,"result":"战斗(1:10805#2:10805#3:10805)","passBonus":"","finishTextId":0,"continueId":0,"newButton":[]},{"mapId":9,"mapName":"千里追杀","elementId":909,"operate":"无","rate":0.35,"result":"战斗(1:10805#2:10805#3:10805#4:10806)","passBonus":"","finishTextId":0,"continueId":0,"newButton":[]},{"mapId":9,"mapName":"千里追杀","elementId":910,"operate":"无","rate":0.65,"result":"战斗(1:10807#2:10807#3:10807)","passBonus":"","finishTextId":0,"continueId":0,"newButton":[]},{"mapId":9,"mapName":"千里追杀","elementId":910,"operate":"无","rate":0.35,"result":"战斗(1:10807#2:10807#3:10807#4:10808)","passBonus":"","finishTextId":0,"continueId":0,"newButton":[]},{"mapId":9,"mapName":"千里追杀","elementId":911,"operate":"无","rate":0.65,"result":"战斗(1:10809#2:10809#3:10809)","passBonus":"","finishTextId":0,"continueId":0,"newButton":[]},{"mapId":9,"mapName":"千里追杀","elementId":910,"operate":"无","rate":0.35,"result":"战斗(1:10809#2:10809#3:10809#4:10810)","passBonus":"","finishTextId":0,"continueId":0,"newButton":[]},{"mapId":9,"mapName":"千里追杀","elementId":912,"operate":"无","rate":0.65,"result":"战斗(1:10811#2:10811#3:10811)","passBonus":"","finishTextId":0,"continueId":0,"newButton":[]},{"mapId":9,"mapName":"千里追杀","elementId":910,"operate":"无","rate":0.35,"result":"战斗(1:10811#2:10811#3:10811#4:10812)","passBonus":"","finishTextId":0,"continueId":0,"newButton":[]},{"mapId":9,"mapName":"千里追杀","elementId":913,"operate":"无","rate":0.65,"result":"战斗(1:10813#2:10813#3:10813)","passBonus":"","finishTextId":0,"continueId":0,"newButton":[]},{"mapId":9,"mapName":"千里追杀","elementId":910,"operate":"无","rate":0.35,"result":"战斗(1:10813#2:10813#3:10813#4:10814)","passBonus":"","finishTextId":0,"continueId":0,"newButton":[]}]