[{"mapId":1,"mapName":"宗门山下","elementId":101,"priority":2,"fixed":"否","x":"9-11","y":"3-5","count":"1","type":4,"textId":101,"icon":"map-icon6","initRate":0.5,"appearDay":"0-6","preTask":"无"},{"mapId":1,"mapName":"宗门山下","elementId":102,"priority":2,"fixed":"否","x":"1-5","y":"12-13","count":"1","type":4,"textId":108,"icon":"map-icon6","initRate":0.5,"appearDay":"0-6","preTask":"无"},{"mapId":1,"mapName":"宗门山下","elementId":1,"priority":0,"fixed":"是","x":"1-11","y":"1-13","count":"143","type":1,"textId":0,"icon":"map-icon1","initRate":1,"appearDay":"0-6","preTask":"无"},{"mapId":1,"mapName":"宗门山下","elementId":103,"priority":1,"fixed":"否","x":"8","y":"1-4","count":"4","type":2,"textId":0,"icon":"map-icon2","initRate":1,"appearDay":"0-6","preTask":"无"},{"mapId":1,"mapName":"宗门山下","elementId":104,"priority":1,"fixed":"否","x":"2-5","y":"3-5","count":"1-4","type":2,"textId":0,"icon":"map-icon3","initRate":1,"appearDay":"0-6","preTask":"无"},{"mapId":1,"mapName":"宗门山下","elementId":105,"priority":3,"fixed":"否","x":"3-9","y":"7-11","count":"0-2","type":3,"textId":0,"icon":"map-icon4","initRate":1,"appearDay":"0-6","preTask":"无"},{"mapId":1,"mapName":"宗门山下","elementId":106,"priority":10,"fixed":"是","x":"10","y":"12","count":"1","type":7,"textId":115,"icon":"map-icon4","initRate":1,"appearDay":"0-6","preTask":"无"},{"mapId":1,"mapName":"宗门山下","elementId":107,"priority":9,"fixed":"否","x":"9-11","y":"1-2","count":"1","type":6,"textId":0,"icon":"map-npc-woman","initRate":0.3,"appearDay":"0-6","preTask":"任务(1,1)"},{"mapId":2,"mapName":"森林小镇","elementId":1,"priority":0,"fixed":"是","x":"1-11","y":"1-11","count":"121","type":1,"textId":0,"icon":"map-icon1","initRate":1,"appearDay":"0-6","preTask":"无"},{"mapId":2,"mapName":"森林小镇","elementId":201,"priority":1,"fixed":"否","x":"9-11","y":"9","count":"3","type":2,"textId":0,"icon":"map-icon2","initRate":1,"appearDay":"0-6","preTask":"无"},{"mapId":2,"mapName":"森林小镇","elementId":202,"priority":1,"fixed":"是","x":"9","y":"11","count":"1","type":2,"textId":0,"icon":"map-icon2","initRate":1,"appearDay":"0-6","preTask":"无"},{"mapId":2,"mapName":"森林小镇","elementId":203,"priority":1,"fixed":"否","x":"3-9","y":"2-8","count":"3-8","type":2,"textId":0,"icon":"map-icon2","initRate":1,"appearDay":"0-6","preTask":"无"},{"mapId":2,"mapName":"森林小镇","elementId":204,"priority":2,"fixed":"否","x":"7-8","y":"4-6","count":"1","type":4,"textId":200,"icon":"map-npc-man","initRate":0.4,"appearDay":"0-6","preTask":"无"},{"mapId":2,"mapName":"森林小镇","elementId":205,"priority":2,"fixed":"否","x":"1-5","y":"11","count":"1","type":4,"textId":201,"icon":"map-npc-man","initRate":0.2,"appearDay":"0-6","preTask":"无"},{"mapId":2,"mapName":"森林小镇","elementId":206,"priority":4,"fixed":"否","x":"10-11","y":"2-7","count":"1","type":6,"textId":0,"icon":"map-npc-man","initRate":0.25,"appearDay":"0-6","preTask":"任务(2,1)"},{"mapId":2,"mapName":"森林小镇","elementId":207,"priority":9,"fixed":"是","x":"9","y":"10","count":"1","type":6,"textId":0,"icon":"map-icon4","initRate":1,"appearDay":"0-6","preTask":"任务(3,1)"},{"mapId":2,"mapName":"森林小镇","elementId":208,"priority":10,"fixed":"是","x":"11","y":"11","count":"1","type":7,"textId":207,"icon":"map-npc-man","initRate":1,"appearDay":"0-6","preTask":"无"},{"mapId":3,"mapName":"寂夜森林","elementId":1,"priority":0,"fixed":"是","x":"1-13","y":"1-22","count":"286","type":1,"textId":0,"icon":"map-icon1","initRate":1,"appearDay":"0-6","preTask":"无"},{"mapId":3,"mapName":"寂夜森林","elementId":301,"priority":1,"fixed":"否","x":"12","y":"1-10","count":"10","type":2,"textId":0,"icon":"map-icon2","initRate":1,"appearDay":"0-6","preTask":"无"},{"mapId":3,"mapName":"寂夜森林","elementId":302,"priority":1,"fixed":"否","x":"4","y":"2-18","count":"13","type":2,"textId":0,"icon":"map-icon2","initRate":1,"appearDay":"0-6","preTask":"无"},{"mapId":3,"mapName":"寂夜森林","elementId":303,"priority":1,"fixed":"否","x":"6-11","y":"16-20","count":"7-9","type":2,"textId":0,"icon":"map-icon3","initRate":1,"appearDay":"0-6","preTask":"无"},{"mapId":3,"mapName":"寂夜森林","elementId":304,"priority":1,"fixed":"否","x":"5-11","y":"2-13","count":"11-17","type":2,"textId":0,"icon":"map-icon3","initRate":1,"appearDay":"0-6","preTask":"无"},{"mapId":3,"mapName":"寂夜森林","elementId":305,"priority":2,"fixed":"否","x":"7-10","y":"5-8","count":"1","type":4,"textId":300,"icon":"map-icon6","initRate":0.3,"appearDay":"0-6","preTask":"无"},{"mapId":3,"mapName":"寂夜森林","elementId":306,"priority":2,"fixed":"否","x":"7-11","y":"15-18","count":"1","type":4,"textId":308,"icon":"map-icon6","initRate":0.3,"appearDay":"0-6","preTask":"无"},{"mapId":3,"mapName":"寂夜森林","elementId":307,"priority":2,"fixed":"否","x":"4","y":"2-18","count":"1","type":4,"textId":314,"icon":"map-icon2","initRate":0.6,"appearDay":"0-6","preTask":"无"},{"mapId":3,"mapName":"寂夜森林","elementId":308,"priority":2,"fixed":"否","x":"5-11","y":"2-13","count":"1","type":4,"textId":315,"icon":"map-icon3","initRate":0.6,"appearDay":"0-6","preTask":"无"},{"mapId":3,"mapName":"寂夜森林","elementId":309,"priority":3,"fixed":"否","x":"2-6","y":"11-14","count":"1","type":3,"textId":0,"icon":"map-icon4","initRate":0.4,"appearDay":"0-6","preTask":"无"},{"mapId":3,"mapName":"寂夜森林","elementId":310,"priority":3,"fixed":"否","x":"6-9","y":"1-5","count":"1","type":3,"textId":0,"icon":"map-icon4","initRate":0.4,"appearDay":"0-6","preTask":"无"},{"mapId":3,"mapName":"寂夜森林","elementId":311,"priority":9,"fixed":"是","x":"13","y":"1","count":"1","type":6,"textId":0,"icon":"map-npc-man","initRate":0.2,"appearDay":"0-6","preTask":"任务(4,1)"},{"mapId":3,"mapName":"寂夜森林","elementId":312,"priority":2,"fixed":"否","x":"1-8","y":"21-22","count":"1","type":4,"textId":316,"icon":"map-npc-man","initRate":0.25,"appearDay":"0-6","preTask":"无"},{"mapId":3,"mapName":"寂夜森林","elementId":313,"priority":9,"fixed":"否","x":"10","y":"22","count":"1","type":6,"textId":0,"icon":"map-icon4","initRate":1,"appearDay":"0-6","preTask":"任务(5,1)"},{"mapId":3,"mapName":"寂夜森林","elementId":314,"priority":1,"fixed":"否","x":"10-13","y":"21","count":"4","type":2,"textId":0,"icon":"map-icon2","initRate":1,"appearDay":"0-6","preTask":"无"},{"mapId":3,"mapName":"寂夜森林","elementId":315,"priority":10,"fixed":"是","x":"13","y":"22","count":"1","type":7,"textId":318,"icon":"map-icon4","initRate":1,"appearDay":"0-6","preTask":"无"},{"mapId":4,"mapName":"狐栖谷","elementId":1,"priority":0,"fixed":"是","x":"1-11","y":"1-13","count":"143","type":1,"textId":0,"icon":"map-icon1","initRate":1,"appearDay":"0-6","preTask":"无"},{"mapId":4,"mapName":"狐栖谷","elementId":401,"priority":1,"fixed":"否","x":"2-10","y":"12","count":"7-9","type":2,"textId":0,"icon":"map-icon2","initRate":1,"appearDay":"0-6","preTask":"无"},{"mapId":4,"mapName":"狐栖谷","elementId":402,"priority":1,"fixed":"否","x":"2-9","y":"2-10","count":"7-10","type":2,"textId":0,"icon":"map-icon3","initRate":1,"appearDay":"0-6","preTask":"无"},{"mapId":4,"mapName":"狐栖谷","elementId":403,"priority":2,"fixed":"否","x":"1-11","y":"3-8","count":"0-3","type":4,"textId":401,"icon":"map-icon6","initRate":0.15,"appearDay":"0-6","preTask":"无"},{"mapId":4,"mapName":"狐栖谷","elementId":404,"priority":2,"fixed":"否","x":"2-9","y":"11","count":"1-2","type":4,"textId":314,"icon":"map-icon2","initRate":0.6,"appearDay":"0-6","preTask":"无"},{"mapId":4,"mapName":"狐栖谷","elementId":405,"priority":2,"fixed":"否","x":"1","y":"2-11","count":"1-2","type":4,"textId":315,"icon":"map-icon3","initRate":0.6,"appearDay":"0-6","preTask":"无"},{"mapId":4,"mapName":"狐栖谷","elementId":406,"priority":9,"fixed":"否","x":"1-8","y":"13","count":"1","type":6,"textId":0,"icon":"map-npc-woman","initRate":0.4,"appearDay":"0-6","preTask":"任务(6,1)"},{"mapId":4,"mapName":"狐栖谷","elementId":407,"priority":2,"fixed":"是","x":"1","y":"1","count":"1","type":4,"textId":403,"icon":"map-npc-man","initRate":1,"appearDay":"0-6","preTask":"无"},{"mapId":4,"mapName":"狐栖谷","elementId":408,"priority":8,"fixed":"否","x":"1-3","y":"9-11","count":"1","type":8,"textId":406,"icon":"map-npc-man","initRate":0.2,"appearDay":"0-6","preTask":"无"},{"mapId":4,"mapName":"狐栖谷","elementId":409,"priority":10,"fixed":"是","x":"1","y":"10","count":"1","type":7,"textId":404,"icon":"map-icon4","initRate":1,"appearDay":"0-6","preTask":"无"},{"mapId":4,"mapName":"狐栖谷","elementId":410,"priority":9,"fixed":"否","x":"2-4","y":"5-7","count":"1","type":6,"textId":0,"icon":"map-npc-man","initRate":0.2,"appearDay":"0-6","preTask":"任务(7,1)"},{"mapId":5,"mapName":"前往渊明城","elementId":1,"priority":0,"fixed":"是","x":"1-14","y":"1-23","count":"322","type":1,"textId":0,"icon":"map-icon1","initRate":1,"appearDay":"0-6","preTask":"无"},{"mapId":5,"mapName":"前往渊明城","elementId":501,"priority":1,"fixed":"否","x":"10-13","y":"18","count":"4","type":2,"textId":0,"icon":"map-icon2","initRate":1,"appearDay":"0-6","preTask":"无"},{"mapId":5,"mapName":"前往渊明城","elementId":502,"priority":1,"fixed":"否","x":"10","y":"19","count":"1","type":2,"textId":0,"icon":"map-icon2","initRate":1,"appearDay":"0-6","preTask":"无"},{"mapId":5,"mapName":"前往渊明城","elementId":503,"priority":1,"fixed":"否","x":"10-13","y":"20","count":"4","type":2,"textId":0,"icon":"map-icon2","initRate":1,"appearDay":"0-6","preTask":"无"},{"mapId":5,"mapName":"前往渊明城","elementId":504,"priority":1,"fixed":"否","x":"2-13","y":"2","count":"8","type":2,"textId":0,"icon":"map-icon2","initRate":1,"appearDay":"0-6","preTask":"无"},{"mapId":5,"mapName":"前往渊明城","elementId":505,"priority":1,"fixed":"否","x":"2","y":"4-21","count":"13","type":2,"textId":0,"icon":"map-icon2","initRate":1,"appearDay":"0-6","preTask":"无"},{"mapId":5,"mapName":"前往渊明城","elementId":506,"priority":2,"fixed":"否","x":"2-13","y":"2","count":"0-2","type":4,"textId":314,"icon":"map-icon2","initRate":1,"appearDay":"0-6","preTask":"无"},{"mapId":5,"mapName":"前往渊明城","elementId":507,"priority":2,"fixed":"否","x":"2","y":"4-21","count":"0-2","type":4,"textId":314,"icon":"map-icon2","initRate":1,"appearDay":"0-6","preTask":"无"},{"mapId":5,"mapName":"前往渊明城","elementId":508,"priority":2,"fixed":"否","x":"4-13","y":"4-16","count":"0-3","type":4,"textId":315,"icon":"map-icon3","initRate":1,"appearDay":"0-6","preTask":"无"},{"mapId":5,"mapName":"前往渊明城","elementId":509,"priority":1,"fixed":"否","x":"4-13","y":"4-16","count":"7-16","type":2,"textId":0,"icon":"map-icon3","initRate":1,"appearDay":"0-6","preTask":"无"},{"mapId":5,"mapName":"前往渊明城","elementId":510,"priority":1,"fixed":"否","x":"4-13","y":"4-16","count":"7-12","type":2,"textId":0,"icon":"map-icon2","initRate":1,"appearDay":"0-6","preTask":"无"},{"mapId":5,"mapName":"前往渊明城","elementId":511,"priority":3,"fixed":"否","x":"4-13","y":"4-16","count":"0-2","type":4,"textId":101,"icon":"map-icon6","initRate":0.5,"appearDay":"0-6","preTask":"无"},{"mapId":5,"mapName":"前往渊明城","elementId":512,"priority":3,"fixed":"否","x":"4-13","y":"4-16","count":"0-2","type":4,"textId":101,"icon":"map-icon6","initRate":0.5,"appearDay":"0-6","preTask":"无"},{"mapId":5,"mapName":"前往渊明城","elementId":513,"priority":4,"fixed":"否","x":"2-9","y":"2-22","count":"0-4","type":3,"textId":0,"icon":"map-icon4","initRate":1,"appearDay":"0-6","preTask":"无"},{"mapId":5,"mapName":"前往渊明城","elementId":514,"priority":3,"fixed":"否","x":"2-12","y":"23","count":"0-1","type":4,"textId":509,"icon":"map-npc-man","initRate":0.1,"appearDay":"0-6","preTask":"无"},{"mapId":5,"mapName":"前往渊明城","elementId":515,"priority":9,"fixed":"是","x":"13","y":"19","count":"1","type":6,"textId":0,"icon":"map-npc-man","initRate":1,"appearDay":"0-6","preTask":"任务(8,1)"},{"mapId":5,"mapName":"前往渊明城","elementId":516,"priority":10,"fixed":"是","x":"11","y":"19","count":"1","type":7,"textId":510,"icon":"map-icon5","initRate":1,"appearDay":"0-6","preTask":"无"},{"mapId":6,"mapName":"渊明城","elementId":1,"priority":0,"fixed":"是","x":"1-27","y":"1-27","count":"729","type":1,"textId":0,"icon":"map-icon1","initRate":1,"appearDay":"0-6","preTask":"无"},{"mapId":6,"mapName":"渊明城","elementId":601,"priority":1,"fixed":"否","x":"23-27","y":"23","count":"5","type":2,"textId":0,"icon":"map-icon2","initRate":1,"appearDay":"0-6","preTask":"无"},{"mapId":6,"mapName":"渊明城","elementId":602,"priority":1,"fixed":"否","x":"23","y":"25-27","count":"3","type":2,"textId":0,"icon":"map-icon2","initRate":1,"appearDay":"0-6","preTask":"无"},{"mapId":6,"mapName":"渊明城","elementId":603,"priority":1,"fixed":"否","x":"1-8","y":"24","count":"8","type":2,"textId":0,"icon":"map-icon2","initRate":1,"appearDay":"0-6","preTask":"无"},{"mapId":6,"mapName":"渊明城","elementId":604,"priority":1,"fixed":"否","x":"25","y":"1-3","count":"3","type":2,"textId":0,"icon":"map-icon2","initRate":1,"appearDay":"0-6","preTask":"无"},{"mapId":6,"mapName":"渊明城","elementId":605,"priority":1,"fixed":"否","x":"26-27","y":"3","count":"2","type":2,"textId":0,"icon":"map-icon2","initRate":1,"appearDay":"0-6","preTask":"无"},{"mapId":6,"mapName":"渊明城","elementId":606,"priority":1,"fixed":"否","x":"11-17","y":"2","count":"7","type":2,"textId":0,"icon":"map-icon2","initRate":1,"appearDay":"0-6","preTask":"无"},{"mapId":6,"mapName":"渊明城","elementId":607,"priority":1,"fixed":"否","x":"11","y":"3-6","count":"4","type":2,"textId":0,"icon":"map-icon2","initRate":1,"appearDay":"0-6","preTask":"无"},{"mapId":6,"mapName":"渊明城","elementId":608,"priority":1,"fixed":"否","x":"17","y":"3-6","count":"4","type":2,"textId":0,"icon":"map-icon2","initRate":1,"appearDay":"0-6","preTask":"无"},{"mapId":6,"mapName":"渊明城","elementId":609,"priority":1,"fixed":"否","x":"12-13","y":"6","count":"2","type":2,"textId":0,"icon":"map-icon2","initRate":1,"appearDay":"0-6","preTask":"无"},{"mapId":6,"mapName":"渊明城","elementId":610,"priority":1,"fixed":"否","x":"15-16","y":"6","count":"2","type":2,"textId":0,"icon":"map-icon2","initRate":1,"appearDay":"0-6","preTask":"无"},{"mapId":6,"mapName":"渊明城","elementId":611,"priority":1,"fixed":"否","x":"26","y":"11-16","count":"6","type":2,"textId":0,"icon":"map-icon2","initRate":1,"appearDay":"0-6","preTask":"无"},{"mapId":6,"mapName":"渊明城","elementId":612,"priority":1,"fixed":"否","x":"23-25","y":"11","count":"3","type":2,"textId":0,"icon":"map-icon2","initRate":1,"appearDay":"0-6","preTask":"无"},{"mapId":6,"mapName":"渊明城","elementId":613,"priority":1,"fixed":"否","x":"23-25","y":"16","count":"3","type":2,"textId":0,"icon":"map-icon2","initRate":1,"appearDay":"0-6","preTask":"无"},{"mapId":6,"mapName":"渊明城","elementId":614,"priority":1,"fixed":"是","x":"23","y":"12","count":"1","type":2,"textId":0,"icon":"map-icon2","initRate":1,"appearDay":"0-6","preTask":"无"},{"mapId":6,"mapName":"渊明城","elementId":615,"priority":1,"fixed":"否","x":"23","y":"14-15","count":"2","type":2,"textId":0,"icon":"map-icon2","initRate":1,"appearDay":"0-6","preTask":"无"},{"mapId":6,"mapName":"渊明城","elementId":616,"priority":1,"fixed":"否","x":"4-21","y":"8-22","count":"30-50","type":2,"textId":0,"icon":"map-icon2","initRate":1,"appearDay":"0-6","preTask":"无"},{"mapId":6,"mapName":"渊明城","elementId":617,"priority":1,"fixed":"否","x":"2-9","y":"2-6","count":"4-8","type":2,"textId":0,"icon":"map-icon2","initRate":1,"appearDay":"0-6","preTask":"无"},{"mapId":6,"mapName":"渊明城","elementId":618,"priority":1,"fixed":"否","x":"10-21","y":"24-26","count":"3-5","type":2,"textId":0,"icon":"map-icon2","initRate":1,"appearDay":"0-6","preTask":"无"},{"mapId":6,"mapName":"渊明城","elementId":619,"priority":1,"fixed":"否","x":"19-23","y":"2-6","count":"1-4","type":2,"textId":0,"icon":"map-icon2","initRate":1,"appearDay":"0-6","preTask":"无"},{"mapId":6,"mapName":"渊明城","elementId":620,"priority":1,"fixed":"否","x":"23-27","y":"18-21","count":"1-3","type":2,"textId":0,"icon":"map-icon2","initRate":1,"appearDay":"0-6","preTask":"无"},{"mapId":6,"mapName":"渊明城","elementId":621,"priority":2,"fixed":"否","x":"2-22","y":"7-23","count":"4-8","type":9,"textId":600,"icon":"map-icon1","initRate":0.6,"appearDay":"0-6","preTask":"无"},{"mapId":6,"mapName":"渊明城","elementId":622,"priority":2,"fixed":"否","x":"2-8","y":"25-27","count":"0-2","type":9,"textId":600,"icon":"map-icon1","initRate":0.7,"appearDay":"0-6","preTask":"无"},{"mapId":6,"mapName":"渊明城","elementId":623,"priority":2,"fixed":"否","x":"24-27","y":"5-10","count":"0-2","type":9,"textId":600,"icon":"map-icon1","initRate":0.7,"appearDay":"0-6","preTask":"无"},{"mapId":6,"mapName":"渊明城","elementId":624,"priority":3,"fixed":"否","x":"2-9","y":"7-12","count":"0-3","type":4,"textId":603,"icon":"map-npc-man","initRate":0.4,"appearDay":"0-6","preTask":"无"},{"mapId":6,"mapName":"渊明城","elementId":625,"priority":3,"fixed":"否","x":"19-24","y":"1-6","count":"0-3","type":4,"textId":605,"icon":"map-npc-man","initRate":0.4,"appearDay":"0-6","preTask":"无"},{"mapId":6,"mapName":"渊明城","elementId":626,"priority":3,"fixed":"否","x":"16-22","y":"21-27","count":"0-3","type":4,"textId":606,"icon":"map-npc-man","initRate":0.4,"appearDay":"0-6","preTask":"无"},{"mapId":6,"mapName":"渊明城","elementId":627,"priority":3,"fixed":"否","x":"8-14","y":"15-20","count":"0-3","type":4,"textId":607,"icon":"map-npc-man","initRate":0.4,"appearDay":"0-6","preTask":"无"},{"mapId":6,"mapName":"渊明城","elementId":628,"priority":3,"fixed":"否","x":"23-27","y":"17-20","count":"1","type":4,"textId":608,"icon":"map-npc-man","initRate":0.8,"appearDay":"0-6","preTask":"无"},{"mapId":6,"mapName":"渊明城","elementId":629,"priority":4,"fixed":"是","x":"1","y":"26","count":"1","type":8,"textId":609,"icon":"map-npc-man","initRate":1,"appearDay":"0-6","preTask":"无"},{"mapId":6,"mapName":"渊明城","elementId":630,"priority":4,"fixed":"是","x":"5","y":"1","count":"1","type":8,"textId":610,"icon":"map-npc-man","initRate":1,"appearDay":"0-6","preTask":"无"},{"mapId":6,"mapName":"渊明城","elementId":631,"priority":4,"fixed":"否","x":"27","y":"5-16","count":"1","type":8,"textId":611,"icon":"map-npc-man","initRate":0.1,"appearDay":"0-6","preTask":"无"},{"mapId":6,"mapName":"渊明城","elementId":632,"priority":3,"fixed":"是","x":"14","y":"6","count":"1","type":4,"textId":612,"icon":"map-npc-man","initRate":1,"appearDay":"0-6","preTask":"无"},{"mapId":6,"mapName":"渊明城","elementId":633,"priority":3,"fixed":"是","x":"23","y":"13","count":"1","type":4,"textId":614,"icon":"map-npc-man","initRate":1,"appearDay":"0-6","preTask":"无"},{"mapId":6,"mapName":"渊明城","elementId":634,"priority":3,"fixed":"是","x":"25","y":"15","count":"1","type":4,"textId":616,"icon":"map-icon1","initRate":0.15,"appearDay":"0-6","preTask":"无"},{"mapId":6,"mapName":"渊明城","elementId":635,"priority":9,"fixed":"是","x":"25","y":"12","count":"1","type":6,"textId":0,"icon":"map-npc-man","initRate":1,"appearDay":"0-6","preTask":"任务(9,1)"},{"mapId":6,"mapName":"渊明城","elementId":636,"priority":9,"fixed":"是","x":"14","y":"4","count":"1","type":6,"textId":0,"icon":"map-npc-man","initRate":1,"appearDay":"0-6","preTask":"任务(9,2)"},{"mapId":6,"mapName":"渊明城","elementId":637,"priority":9,"fixed":"是","x":"23","y":"24","count":"1","type":6,"textId":0,"icon":"map-npc-man","initRate":1,"appearDay":"0-6","preTask":"任务(10,1)"},{"mapId":6,"mapName":"渊明城","elementId":638,"priority":9,"fixed":"否","x":"17-21","y":"7-12","count":"1","type":6,"textId":0,"icon":"map-npc-man","initRate":0.5,"appearDay":"2-4","preTask":"任务(10,2)"},{"mapId":6,"mapName":"渊明城","elementId":639,"priority":10,"fixed":"是","x":"27","y":"27","count":"1","type":7,"textId":620,"icon":"map-npc-man","initRate":1,"appearDay":"0-6","preTask":"无"},{"mapId":7,"mapName":"古渊黑市","elementId":1,"priority":0,"fixed":"是","x":"1-11","y":"1-13","count":"143","type":1,"textId":0,"icon":"map-icon1","initRate":1,"appearDay":"0-6","preTask":"无"},{"mapId":7,"mapName":"古渊黑市","elementId":701,"priority":1,"fixed":"否","x":"2-10","y":"2-12","count":"10","type":2,"textId":0,"icon":"map-icon2","initRate":1,"appearDay":"0-6","preTask":"无"},{"mapId":7,"mapName":"古渊黑市","elementId":702,"priority":4,"fixed":"否","x":"9-11","y":"1-3","count":"0-2","type":3,"textId":0,"icon":"map-icon4","initRate":0.5,"appearDay":"0-6","preTask":"无"},{"mapId":7,"mapName":"古渊黑市","elementId":703,"priority":4,"fixed":"否","x":"4-6","y":"9-11","count":"0-2","type":3,"textId":0,"icon":"map-icon4","initRate":0.5,"appearDay":"0-6","preTask":"无"},{"mapId":7,"mapName":"古渊黑市","elementId":704,"priority":3,"fixed":"否","x":"8-11","y":"5-9","count":"1","type":4,"textId":700,"icon":"map-npc-man","initRate":0.25,"appearDay":"0-6","preTask":"无"},{"mapId":7,"mapName":"古渊黑市","elementId":705,"priority":10,"fixed":"是","x":"11","y":"13","count":"1","type":7,"textId":705,"icon":"map-npc-man","initRate":1,"appearDay":"0-6","preTask":"无"},{"mapId":8,"mapName":"城中激战","elementId":1,"priority":0,"fixed":"是","x":"1-27","y":"1-27","count":"729","type":1,"textId":0,"icon":"map-icon1","initRate":1,"appearDay":"0-6","preTask":"无"},{"mapId":8,"mapName":"城中激战","elementId":801,"priority":1,"fixed":"否","x":"23","y":"25-27","count":"3","type":2,"textId":0,"icon":"map-icon2","initRate":1,"appearDay":"0-6","preTask":"无"},{"mapId":8,"mapName":"城中激战","elementId":802,"priority":1,"fixed":"否","x":"23-27","y":"23","count":"5","type":2,"textId":0,"icon":"map-icon2","initRate":1,"appearDay":"0-6","preTask":"无"},{"mapId":8,"mapName":"城中激战","elementId":803,"priority":1,"fixed":"否","x":"11-17","y":"2","count":"7","type":2,"textId":0,"icon":"map-icon2","initRate":1,"appearDay":"0-6","preTask":"无"},{"mapId":8,"mapName":"城中激战","elementId":804,"priority":1,"fixed":"否","x":"11","y":"3-6","count":"4","type":2,"textId":0,"icon":"map-icon2","initRate":1,"appearDay":"0-6","preTask":"无"},{"mapId":8,"mapName":"城中激战","elementId":805,"priority":1,"fixed":"否","x":"17","y":"3-6","count":"4","type":2,"textId":0,"icon":"map-icon2","initRate":1,"appearDay":"0-6","preTask":"无"},{"mapId":8,"mapName":"城中激战","elementId":806,"priority":1,"fixed":"否","x":"12-13","y":"6","count":"2","type":2,"textId":0,"icon":"map-icon2","initRate":1,"appearDay":"0-6","preTask":"无"},{"mapId":8,"mapName":"城中激战","elementId":807,"priority":1,"fixed":"否","x":"15-16","y":"6","count":"2","type":2,"textId":0,"icon":"map-icon2","initRate":1,"appearDay":"0-6","preTask":"无"},{"mapId":8,"mapName":"城中激战","elementId":808,"priority":1,"fixed":"否","x":"26","y":"11-16","count":"6","type":2,"textId":0,"icon":"map-icon2","initRate":1,"appearDay":"0-6","preTask":"无"},{"mapId":8,"mapName":"城中激战","elementId":809,"priority":1,"fixed":"否","x":"23-25","y":"11","count":"3","type":2,"textId":0,"icon":"map-icon2","initRate":1,"appearDay":"0-6","preTask":"无"},{"mapId":8,"mapName":"城中激战","elementId":810,"priority":1,"fixed":"否","x":"23-25","y":"16","count":"3","type":2,"textId":0,"icon":"map-icon2","initRate":1,"appearDay":"0-6","preTask":"无"},{"mapId":8,"mapName":"城中激战","elementId":811,"priority":1,"fixed":"是","x":"23","y":"12","count":"1","type":2,"textId":0,"icon":"map-icon2","initRate":1,"appearDay":"0-6","preTask":"无"},{"mapId":8,"mapName":"城中激战","elementId":812,"priority":1,"fixed":"否","x":"23","y":"14-15","count":"2","type":2,"textId":0,"icon":"map-icon2","initRate":1,"appearDay":"0-6","preTask":"无"},{"mapId":8,"mapName":"城中激战","elementId":813,"priority":4,"fixed":"否","x":"4-8","y":"19-23","count":"0-2","type":3,"textId":0,"icon":"map-icon4","initRate":0.6,"appearDay":"0-6","preTask":"无"},{"mapId":8,"mapName":"城中激战","elementId":814,"priority":4,"fixed":"否","x":"22-26","y":"5-9","count":"0-2","type":3,"textId":0,"icon":"map-icon4","initRate":0.6,"appearDay":"0-6","preTask":"无"},{"mapId":8,"mapName":"城中激战","elementId":815,"priority":4,"fixed":"否","x":"4-8","y":"8-12","count":"0-2","type":3,"textId":0,"icon":"map-icon4","initRate":0.6,"appearDay":"0-6","preTask":"无"},{"mapId":8,"mapName":"城中激战","elementId":816,"priority":4,"fixed":"否","x":"12-16","y":"15-19","count":"0-2","type":3,"textId":0,"icon":"map-icon4","initRate":0.6,"appearDay":"0-6","preTask":"无"},{"mapId":8,"mapName":"城中激战","elementId":817,"priority":4,"fixed":"否","x":"14-18","y":"23-27","count":"0-2","type":3,"textId":0,"icon":"map-icon4","initRate":0.6,"appearDay":"0-6","preTask":"无"},{"mapId":8,"mapName":"城中激战","elementId":818,"priority":9,"fixed":"否","x":"14-18","y":"8-11","count":"1","type":6,"textId":0,"icon":"map-npc-man","initRate":0.3,"appearDay":"0-6","preTask":"任务(11,1)"},{"mapId":8,"mapName":"城中激战","elementId":819,"priority":9,"fixed":"是","x":"25","y":"2","count":"1","type":6,"textId":0,"icon":"map-npc-man","initRate":1,"appearDay":"0-6","preTask":"任务(12,1)"},{"mapId":8,"mapName":"城中激战","elementId":820,"priority":1,"fixed":"是","x":"25","y":"1","count":"1","type":2,"textId":0,"icon":"map-icon2","initRate":1,"appearDay":"0-6","preTask":"无"},{"mapId":8,"mapName":"城中激战","elementId":821,"priority":1,"fixed":"是","x":"25-27","y":"3","count":"3","type":2,"textId":0,"icon":"map-icon2","initRate":1,"appearDay":"0-6","preTask":"无"},{"mapId":8,"mapName":"城中激战","elementId":822,"priority":10,"fixed":"是","x":"27","y":"1","count":"1","type":7,"textId":800,"icon":"map-npc-man","initRate":1,"appearDay":"0-6","preTask":"无"},{"mapId":8,"mapName":"城中激战","elementId":823,"priority":9,"fixed":"是","x":"22","y":"14","count":"1","type":6,"textId":0,"icon":"map-npc-woman","initRate":0.25,"appearDay":"0-6","preTask":"任务(12,2)"},{"mapId":8,"mapName":"城中激战","elementId":824,"priority":1,"fixed":"否","x":"2-20","y":"7-24","count":"4-9","type":2,"textId":0,"icon":"map-icon2","initRate":1,"appearDay":"0-6","preTask":"无"},{"mapId":9,"mapName":"千里追杀","elementId":1,"priority":0,"fixed":"是","x":"1-27","y":"1-35","count":"945","type":1,"textId":0,"icon":"map-icon1","initRate":1,"appearDay":"0-6","preTask":"无"},{"mapId":9,"mapName":"千里追杀","elementId":901,"priority":1,"fixed":"否","x":"5","y":"3-22","count":"8-13","type":2,"textId":0,"icon":"map-icon2","initRate":1,"appearDay":"0-6","preTask":"无"},{"mapId":9,"mapName":"千里追杀","elementId":902,"priority":1,"fixed":"否","x":"6-24","y":"10","count":"7-13","type":2,"textId":0,"icon":"map-icon2","initRate":1,"appearDay":"0-6","preTask":"无"},{"mapId":9,"mapName":"千里追杀","elementId":903,"priority":1,"fixed":"否","x":"18","y":"14-21","count":"7","type":2,"textId":0,"icon":"map-icon2","initRate":1,"appearDay":"0-6","preTask":"无"},{"mapId":9,"mapName":"千里追杀","elementId":904,"priority":1,"fixed":"否","x":"3-19","y":"25","count":"8-13","type":2,"textId":0,"icon":"map-icon2","initRate":1,"appearDay":"0-6","preTask":"无"},{"mapId":9,"mapName":"千里追杀","elementId":905,"priority":1,"fixed":"否","x":"6-17","y":"34","count":"4-7","type":2,"textId":0,"icon":"map-icon2","initRate":1,"appearDay":"0-6","preTask":"无"},{"mapId":9,"mapName":"千里追杀","elementId":906,"priority":1,"fixed":"是","x":"24-27","y":"33","count":"4","type":2,"textId":0,"icon":"map-icon2","initRate":1,"appearDay":"0-6","preTask":"无"},{"mapId":9,"mapName":"千里追杀","elementId":907,"priority":1,"fixed":"是","x":"24","y":"35","count":"1","type":2,"textId":0,"icon":"map-icon2","initRate":1,"appearDay":"0-6","preTask":"无"},{"mapId":9,"mapName":"千里追杀","elementId":908,"priority":1,"fixed":"是","x":"2-25","y":"2-31","count":"12-20","type":2,"textId":0,"icon":"map-icon3","initRate":1,"appearDay":"0-6","preTask":"无"},{"mapId":9,"mapName":"千里追杀","elementId":909,"priority":4,"fixed":"否","x":"22-26","y":"2-6","count":"0-2","type":3,"textId":0,"icon":"map-icon4","initRate":0.45,"appearDay":"0-6","preTask":"无"},{"mapId":9,"mapName":"千里追杀","elementId":910,"priority":4,"fixed":"否","x":"21-25","y":"14-18","count":"0-2","type":3,"textId":0,"icon":"map-icon4","initRate":0.45,"appearDay":"0-6","preTask":"无"},{"mapId":9,"mapName":"千里追杀","elementId":911,"priority":4,"fixed":"否","x":"8-12","y":"26-30","count":"0-2","type":3,"textId":0,"icon":"map-icon4","initRate":0.45,"appearDay":"0-6","preTask":"无"},{"mapId":9,"mapName":"千里追杀","elementId":912,"priority":4,"fixed":"否","x":"7-10","y":"6-9","count":"0-2","type":3,"textId":0,"icon":"map-icon4","initRate":0.45,"appearDay":"0-6","preTask":"无"},{"mapId":9,"mapName":"千里追杀","elementId":913,"priority":4,"fixed":"否","x":"20-24","y":"23-27","count":"0-2","type":3,"textId":0,"icon":"map-icon4","initRate":0.45,"appearDay":"0-6","preTask":"无"},{"mapId":9,"mapName":"千里追杀","elementId":914,"priority":3,"fixed":"是","x":"9-12","y":"19-22","count":"1","type":4,"textId":101,"icon":"map-icon6","initRate":0.5,"appearDay":"0-6","preTask":"无"},{"mapId":9,"mapName":"千里追杀","elementId":915,"priority":3,"fixed":"是","x":"1-4","y":"32-35","count":"1","type":4,"textId":900,"icon":"map-icon6","initRate":0.5,"appearDay":"0-6","preTask":"无"},{"mapId":9,"mapName":"千里追杀","elementId":916,"priority":3,"fixed":"是","x":"14-17","y":"3-6","count":"1","type":4,"textId":901,"icon":"map-icon3","initRate":0.5,"appearDay":"0-6","preTask":"无"},{"mapId":9,"mapName":"千里追杀","elementId":917,"priority":3,"fixed":"是","x":"16-19","y":"9-12","count":"1","type":4,"textId":108,"icon":"map-icon6","initRate":0.2,"appearDay":"0-6","preTask":"无"},{"mapId":9,"mapName":"千里追杀","elementId":918,"priority":9,"fixed":"是","x":"24","y":"34","count":"1","type":6,"textId":0,"icon":"map-npc-man","initRate":1,"appearDay":"0-6","preTask":"任务(13,1)"},{"mapId":9,"mapName":"千里追杀","elementId":919,"priority":10,"fixed":"是","x":"27","y":"35","count":"1","type":7,"textId":924,"icon":"map-icon5","initRate":1,"appearDay":"0-6","preTask":"无"},{"mapId":9,"mapName":"千里追杀","elementId":920,"priority":9,"fixed":"是","x":"27","y":"16-22","count":"1","type":6,"textId":0,"icon":"map-npc-man","initRate":0.35,"appearDay":"0-6","preTask":"任务(14,1)"},{"mapId":9,"mapName":"千里追杀","elementId":921,"priority":9,"fixed":"是","x":"9-13","y":"13-17","count":"1","type":6,"textId":0,"icon":"map-npc-man","initRate":0.4,"appearDay":"0-6","preTask":"任务(15,1)"}]