[{"mapId":4,"mapName":"狐栖谷","elementId":408,"name":"铁矿","type":"锻造材料","price":"灵石*50","count":"6-14","rate":1,"title":"小狐狸摊位"},{"mapId":4,"mapName":"狐栖谷","elementId":408,"name":"硬皮毛","type":"锻造材料","price":"灵石*150","count":"6-14","rate":1,"title":"小狐狸摊位"},{"mapId":4,"mapName":"狐栖谷","elementId":408,"name":"野狼兽齿","type":"锻造材料","price":"灵石*400","count":"2-5","rate":0.15,"title":"小狐狸摊位"},{"mapId":4,"mapName":"狐栖谷","elementId":408,"name":"残魂晶石","type":"锻造材料","price":"灵石*400","count":"2-5","rate":0.15,"title":"小狐狸摊位"},{"mapId":4,"mapName":"狐栖谷","elementId":408,"name":"硬灵木","type":"锻造材料","price":"灵石*400","count":"2-5","rate":0.15,"title":"小狐狸摊位"},{"mapId":4,"mapName":"狐栖谷","elementId":408,"name":"灵丝","type":"锻造材料","price":"灵石*400","count":"2-5","rate":0.15,"title":"小狐狸摊位"},{"mapId":4,"mapName":"狐栖谷","elementId":408,"name":"火云母","type":"锻造材料","price":"灵石*600","count":"2-3","rate":0.1,"title":"小狐狸摊位"},{"mapId":4,"mapName":"狐栖谷","elementId":408,"name":"催灵粉","type":"锻造材料","price":"灵石*600","count":"2-3","rate":0.12,"title":"小狐狸摊位"},{"mapId":4,"mapName":"狐栖谷","elementId":408,"name":"百锻钢","type":"锻造材料","price":"灵石*600","count":"2-3","rate":0.12,"title":"小狐狸摊位"},{"mapId":6,"mapName":"渊明城","elementId":629,"name":"煞灵剑","type":"装备","price":"灵石*18000","count":"1","rate":1,"title":"天武阁"},{"mapId":6,"mapName":"渊明城","elementId":629,"name":"罡星剑","type":"装备","price":"灵石*18000","count":"1","rate":1,"title":"天武阁"},{"mapId":6,"mapName":"渊明城","elementId":629,"name":"虎阳手套","type":"装备","price":"灵石*18000","count":"1","rate":1,"title":"天武阁"},{"mapId":6,"mapName":"渊明城","elementId":629,"name":"断流斧","type":"装备","price":"灵石*18000","count":"1","rate":1,"title":"天武阁"},{"mapId":6,"mapName":"渊明城","elementId":629,"name":"血元葫芦","type":"装备","price":"灵石*18000","count":"1","rate":1,"title":"天武阁"},{"mapId":6,"mapName":"渊明城","elementId":629,"name":"土灵杖","type":"装备","price":"灵石*18000","count":"1","rate":1,"title":"天武阁"},{"mapId":6,"mapName":"渊明城","elementId":629,"name":"百魂珠","type":"装备","price":"灵石*18000","count":"1","rate":1,"title":"天武阁"},{"mapId":6,"mapName":"渊明城","elementId":629,"name":"黑乌杖","type":"装备","price":"灵石*18000","count":"1","rate":1,"title":"天武阁"},{"mapId":6,"mapName":"渊明城","elementId":629,"name":"秋水剑","type":"装备","price":"灵石*35000","count":"1","rate":0.01,"title":"天武阁"},{"mapId":6,"mapName":"渊明城","elementId":629,"name":"魔水剑","type":"装备","price":"灵石*35000","count":"1","rate":0.01,"title":"天武阁"},{"mapId":6,"mapName":"渊明城","elementId":629,"name":"黑元手套","type":"装备","price":"灵石*35000","count":"1","rate":0.01,"title":"天武阁"},{"mapId":6,"mapName":"渊明城","elementId":629,"name":"玄纹真灵盾","type":"装备","price":"灵石*35000","count":"1","rate":0.01,"title":"天武阁"},{"mapId":6,"mapName":"渊明城","elementId":629,"name":"小阴阳壶","type":"装备","price":"灵石*35000","count":"1","rate":0.01,"title":"天武阁"},{"mapId":6,"mapName":"渊明城","elementId":629,"name":"炼心壶","type":"装备","price":"灵石*35000","count":"1","rate":0.01,"title":"天武阁"},{"mapId":6,"mapName":"渊明城","elementId":629,"name":"鬼邪子母环","type":"装备","price":"灵石*35000","count":"1","rate":0.01,"title":"天武阁"},{"mapId":6,"mapName":"渊明城","elementId":629,"name":"魔念爪","type":"装备","price":"灵石*35000","count":"1","rate":0.01,"title":"天武阁"},{"mapId":6,"mapName":"渊明城","elementId":630,"name":"灵丝布衣","type":"装备","price":"灵石*5000","count":"1","rate":1,"title":"天工楼"},{"mapId":6,"mapName":"渊明城","elementId":630,"name":"铁母火灵甲","type":"装备","price":"灵石*8000","count":"1","rate":1,"title":"天工楼"},{"mapId":6,"mapName":"渊明城","elementId":630,"name":"回春甲","type":"装备","price":"灵石*8000","count":"1","rate":1,"title":"天工楼"},{"mapId":6,"mapName":"渊明城","elementId":630,"name":"流纱注灵衣","type":"装备","price":"灵石*8000","count":"1","rate":1,"title":"天工楼"},{"mapId":6,"mapName":"渊明城","elementId":630,"name":"金阳甲","type":"装备","price":"灵石*18000","count":"1","rate":0.02,"title":"天工楼"},{"mapId":6,"mapName":"渊明城","elementId":630,"name":"灵玉佩","type":"装备","price":"灵石*5000","count":"1","rate":1,"title":"天工楼"},{"mapId":6,"mapName":"渊明城","elementId":630,"name":"灵光佩","type":"装备","price":"灵石*8000","count":"1","rate":1,"title":"天工楼"},{"mapId":6,"mapName":"渊明城","elementId":630,"name":"煞念手镯","type":"装备","price":"灵石*8000","count":"1","rate":1,"title":"天工楼"},{"mapId":6,"mapName":"渊明城","elementId":630,"name":"护灵指环","type":"装备","price":"灵石*8000","count":"1","rate":1,"title":"天工楼"},{"mapId":6,"mapName":"渊明城","elementId":630,"name":"清灵手镯","type":"装备","price":"灵石*18000","count":"1","rate":0.02,"title":"天工楼"},{"mapId":6,"mapName":"渊明城","elementId":630,"name":"逍遥云纹靴","type":"装备","price":"灵石*18000","count":"1","rate":0.02,"title":"天工楼"},{"mapId":6,"mapName":"渊明城","elementId":630,"name":"赤焰靴","type":"装备","price":"灵石*22000","count":"1","rate":0.02,"title":"天工楼"},{"mapId":6,"mapName":"渊明城","elementId":631,"name":"精铁矿","type":"锻造材料","price":"灵石*250","count":"6-10","rate":1,"title":"流浪商人"},{"mapId":6,"mapName":"渊明城","elementId":631,"name":"灵元晶","type":"锻造材料","price":"灵石*1800","count":"2-7","rate":1,"title":"流浪商人"},{"mapId":6,"mapName":"渊明城","elementId":631,"name":"魔元晶","type":"锻造材料","price":"灵石*1800","count":"2-7","rate":1,"title":"流浪商人"},{"mapId":6,"mapName":"渊明城","elementId":631,"name":"霸王剑","type":"装备","price":"灵石*60000","count":"1","rate":0.02,"title":"流浪商人"},{"mapId":6,"mapName":"渊明城","elementId":631,"name":"雾晨剑","type":"装备","price":"灵石*60000","count":"1","rate":0.02,"title":"流浪商人"},{"mapId":6,"mapName":"渊明城","elementId":631,"name":"青阳斧","type":"装备","price":"灵石*60000","count":"1","rate":0.02,"title":"流浪商人"},{"mapId":6,"mapName":"渊明城","elementId":631,"name":"裂地锤","type":"装备","price":"灵石*60000","count":"1","rate":0.02,"title":"流浪商人"},{"mapId":6,"mapName":"渊明城","elementId":631,"name":"百晓壶","type":"装备","price":"灵石*60000","count":"1","rate":0.02,"title":"流浪商人"},{"mapId":6,"mapName":"渊明城","elementId":631,"name":"清神壶","type":"装备","price":"灵石*60000","count":"1","rate":0.02,"title":"流浪商人"},{"mapId":6,"mapName":"渊明城","elementId":631,"name":"炼魂塔","type":"装备","price":"灵石*60000","count":"1","rate":0.02,"title":"流浪商人"},{"mapId":6,"mapName":"渊明城","elementId":631,"name":"缠心珠","type":"装备","price":"灵石*60000","count":"1","rate":0.02,"title":"流浪商人"}]