[{"mapId":1,"mapName":"宗门山下","eventId":10001,"operate":"战斗","rate":1,"result":"战斗(1:10008#2:10008#3:10008)","passBonus":"","finishTextId":103,"continueId":10002,"newButton":["探索","离开"]},{"mapId":1,"mapName":"宗门山下","eventId":10001,"operate":"观察","rate":1,"result":"信息(1:10008#2:10008#3:10008)","passBonus":"","finishTextId":0,"continueId":0,"newButton":[]},{"mapId":1,"mapName":"宗门山下","eventId":10001,"operate":"离开","rate":1,"result":"关闭弹窗","passBonus":"","finishTextId":0,"continueId":0,"newButton":[]},{"mapId":1,"mapName":"宗门山下","eventId":10002,"operate":"探索","rate":0.5,"result":"文本(104)","passBonus":"","finishTextId":0,"continueId":10003,"newButton":["拾取","离开"]},{"mapId":1,"mapName":"宗门山下","eventId":10002,"operate":"探索","rate":0.5,"result":"文本(106)","passBonus":"","finishTextId":0,"continueId":10004,"newButton":["离开"]},{"mapId":1,"mapName":"宗门山下","eventId":10002,"operate":"离开","rate":1,"result":"关闭弹窗","passBonus":"","finishTextId":0,"continueId":0,"newButton":[]},{"mapId":1,"mapName":"宗门山下","eventId":10003,"operate":"拾取","rate":1,"result":"物品(10000)","passBonus":"","finishTextId":105,"continueId":10005,"newButton":["探索","离开"]},{"mapId":1,"mapName":"宗门山下","eventId":10003,"operate":"离开","rate":1,"result":"关闭弹窗","passBonus":"","finishTextId":0,"continueId":0,"newButton":[]},{"mapId":1,"mapName":"宗门山下","eventId":10004,"operate":"离开","rate":1,"result":"关闭弹窗","passBonus":"","finishTextId":0,"continueId":0,"newButton":[]},{"mapId":1,"mapName":"宗门山下","eventId":10005,"operate":"探索","rate":1,"result":"文本(107)","passBonus":"","finishTextId":0,"continueId":10004,"newButton":["离开"]},{"mapId":1,"mapName":"宗门山下","eventId":10005,"operate":"离开","rate":1,"result":"关闭弹窗","passBonus":"","finishTextId":0,"continueId":0,"newButton":[]},{"mapId":1,"mapName":"宗门山下","eventId":10007,"operate":"探索","rate":1,"result":"文本(110)","passBonus":"","finishTextId":0,"continueId":10008,"newButton":["战斗","观察","离开"]},{"mapId":1,"mapName":"宗门山下","eventId":10008,"operate":"战斗","rate":1,"result":"战斗(1:10009#2:10009#3:10009)","passBonus":"","finishTextId":111,"continueId":10009,"newButton":["探索","离开"]},{"mapId":1,"mapName":"宗门山下","eventId":10008,"operate":"观察","rate":1,"result":"信息(1:10009#2:10009#3:10009)","passBonus":"","finishTextId":0,"continueId":0,"newButton":[]},{"mapId":1,"mapName":"宗门山下","eventId":10008,"operate":"离开","rate":1,"result":"关闭弹窗","passBonus":"","finishTextId":0,"continueId":0,"newButton":[]},{"mapId":1,"mapName":"宗门山下","eventId":10009,"operate":"探索","rate":0.5,"result":"文本(112)","passBonus":"","finishTextId":0,"continueId":10010,"newButton":["战斗","观察","离开"]},{"mapId":1,"mapName":"宗门山下","eventId":10009,"operate":"探索","rate":0.5,"result":"文本(113)","passBonus":"","finishTextId":0,"continueId":10011,"newButton":["离开"]},{"mapId":1,"mapName":"宗门山下","eventId":10009,"operate":"离开","rate":1,"result":"关闭弹窗","passBonus":"","finishTextId":0,"continueId":0,"newButton":[]},{"mapId":1,"mapName":"宗门山下","eventId":10010,"operate":"战斗","rate":1,"result":"战斗(1:10002)","passBonus":"物品(10001)","finishTextId":114,"continueId":10011,"newButton":["离开"]},{"mapId":1,"mapName":"宗门山下","eventId":10010,"operate":"观察","rate":1,"result":"信息(1:10002)","passBonus":"","finishTextId":0,"continueId":0,"newButton":[]},{"mapId":1,"mapName":"宗门山下","eventId":10010,"operate":"离开","rate":1,"result":"关闭弹窗","passBonus":"","finishTextId":0,"continueId":0,"newButton":[]},{"mapId":1,"mapName":"宗门山下","eventId":10011,"operate":"离开","rate":1,"result":"关闭弹窗","passBonus":"","finishTextId":0,"continueId":0,"newButton":[]},{"mapId":2,"mapName":"森林小镇","eventId":10100,"operate":"给他颜色瞧瞧","rate":0.4,"result":"战斗(1:10102)","passBonus":"","finishTextId":203,"continueId":10101,"newButton":["离开"]},{"mapId":2,"mapName":"森林小镇","eventId":10100,"operate":"给他颜色瞧瞧","rate":0.25,"result":"战斗(1:10103)","passBonus":"","finishTextId":203,"continueId":10101,"newButton":["离开"]},{"mapId":2,"mapName":"森林小镇","eventId":10100,"operate":"给他颜色瞧瞧","rate":0.2,"result":"战斗(1:10104)","passBonus":"","finishTextId":203,"continueId":10101,"newButton":["离开"]},{"mapId":2,"mapName":"森林小镇","eventId":10100,"operate":"给他颜色瞧瞧","rate":0.15,"result":"战斗(1:10105)","passBonus":"","finishTextId":203,"continueId":10101,"newButton":["离开"]},{"mapId":2,"mapName":"森林小镇","eventId":10100,"operate":"离开","rate":1,"result":"关闭弹窗","passBonus":"","finishTextId":0,"continueId":0,"newButton":[]},{"mapId":2,"mapName":"森林小镇","eventId":10101,"operate":"离开","rate":1,"result":"关闭弹窗","passBonus":"","finishTextId":0,"continueId":0,"newButton":[]},{"mapId":2,"mapName":"森林小镇","eventId":10102,"operate":"一千灵石买了","rate":0.3,"result":"消耗(10101)","passBonus":"物品(10104)","finishTextId":205,"continueId":10101,"newButton":["离开"]},{"mapId":2,"mapName":"森林小镇","eventId":10102,"operate":"一千灵石买了","rate":0.25,"result":"消耗(10101)","passBonus":"物品(10105)","finishTextId":205,"continueId":10101,"newButton":["离开"]},{"mapId":2,"mapName":"森林小镇","eventId":10102,"operate":"一千灵石买了","rate":0.25,"result":"消耗(10101)","passBonus":"物品(10106)","finishTextId":206,"continueId":10101,"newButton":["离开"]},{"mapId":2,"mapName":"森林小镇","eventId":10102,"operate":"一千灵石买了","rate":0.2,"result":"消耗(10101)","passBonus":"物品(10107)","finishTextId":206,"continueId":10101,"newButton":["离开"]},{"mapId":2,"mapName":"森林小镇","eventId":10102,"operate":"离开","rate":1,"result":"关闭弹窗","passBonus":"","finishTextId":0,"continueId":0,"newButton":[]},{"mapId":2,"mapName":"森林小镇","eventId":10104,"operate":"继续询问","rate":1,"result":"文本(209)","passBonus":"","finishTextId":0,"continueId":10105,"newButton":["支付三千灵石","离开"]},{"mapId":2,"mapName":"森林小镇","eventId":10104,"operate":"离开","rate":1,"result":"关闭弹窗","passBonus":"","finishTextId":0,"continueId":0,"newButton":[]},{"mapId":2,"mapName":"森林小镇","eventId":10105,"operate":"支付三千灵石","rate":1,"result":"消耗(10103)","passBonus":"地图通关","finishTextId":210,"continueId":10106,"newButton":["离开"]},{"mapId":2,"mapName":"森林小镇","eventId":10105,"operate":"离开","rate":1,"result":"关闭弹窗","passBonus":"","finishTextId":0,"continueId":0,"newButton":[]},{"mapId":2,"mapName":"森林小镇","eventId":10106,"operate":"离开","rate":1,"result":"关闭弹窗","passBonus":"","finishTextId":0,"continueId":0,"newButton":[]},{"mapId":3,"mapName":"寂夜森林","eventId":10200,"operate":"战斗","rate":1,"result":"战斗(1:10204#2:10204#3:10204)","passBonus":"","finishTextId":302,"continueId":10201,"newButton":["拾取","离开"]},{"mapId":3,"mapName":"寂夜森林","eventId":10200,"operate":"观察","rate":1,"result":"信息(1:10204#2:10204#3:10204)","passBonus":"","finishTextId":0,"continueId":0,"newButton":[]},{"mapId":3,"mapName":"寂夜森林","eventId":10200,"operate":"离开","rate":1,"result":"关闭弹窗","passBonus":"","finishTextId":0,"continueId":0,"newButton":[]},{"mapId":3,"mapName":"寂夜森林","eventId":10201,"operate":"拾取","rate":0.5,"result":"战斗(1:10204#2:10204#3:10204)","passBonus":"物品(10200)","finishTextId":303,"continueId":10202,"newButton":["继续探索","离开"]},{"mapId":3,"mapName":"寂夜森林","eventId":10201,"operate":"拾取","rate":0.5,"result":"物品(10200)","passBonus":"","finishTextId":304,"continueId":10202,"newButton":["继续探索","离开"]},{"mapId":3,"mapName":"寂夜森林","eventId":10201,"operate":"离开","rate":1,"result":"关闭弹窗","passBonus":"","finishTextId":0,"continueId":0,"newButton":[]},{"mapId":3,"mapName":"寂夜森林","eventId":10202,"operate":"继续探索","rate":0.3,"result":"文本(306)","passBonus":"","finishTextId":0,"continueId":10204,"newButton":["战斗","离开"]},{"mapId":3,"mapName":"寂夜森林","eventId":10202,"operate":"继续探索","rate":0.7,"result":"文本(305)","passBonus":"","finishTextId":0,"continueId":10203,"newButton":["离开"]},{"mapId":3,"mapName":"寂夜森林","eventId":10202,"operate":"离开","rate":1,"result":"关闭弹窗","passBonus":"","finishTextId":0,"continueId":0,"newButton":[]},{"mapId":3,"mapName":"寂夜森林","eventId":10203,"operate":"离开","rate":1,"result":"关闭弹窗","passBonus":"","finishTextId":0,"continueId":0,"newButton":[]},{"mapId":3,"mapName":"寂夜森林","eventId":10204,"operate":"战斗","rate":1,"result":"战斗(1:10205)","passBonus":"物品(10200)","finishTextId":307,"continueId":10203,"newButton":["离开"]},{"mapId":3,"mapName":"寂夜森林","eventId":10204,"operate":"离开","rate":1,"result":"关闭弹窗","passBonus":"","finishTextId":0,"continueId":0,"newButton":[]},{"mapId":3,"mapName":"寂夜森林","eventId":10206,"operate":"战斗","rate":1,"result":"战斗(1:10206#2:10206#3:10206)","passBonus":"","finishTextId":310,"continueId":10207,"newButton":["拾取","离开"]},{"mapId":3,"mapName":"寂夜森林","eventId":10206,"operate":"观察","rate":1,"result":"信息(1:10206#2:10206#3:10206)","passBonus":"","finishTextId":0,"continueId":0,"newButton":[]},{"mapId":3,"mapName":"寂夜森林","eventId":10206,"operate":"离开","rate":1,"result":"关闭弹窗","passBonus":"","finishTextId":0,"continueId":0,"newButton":[]},{"mapId":3,"mapName":"寂夜森林","eventId":10207,"operate":"拾取","rate":0.5,"result":"战斗(1:10206#2:10206#3:10206)","passBonus":"物品(10200)","finishTextId":303,"continueId":10208,"newButton":["继续探索","离开"]},{"mapId":3,"mapName":"寂夜森林","eventId":10207,"operate":"拾取","rate":0.5,"result":"物品(10200)","passBonus":"","finishTextId":304,"continueId":10208,"newButton":["继续探索","离开"]},{"mapId":3,"mapName":"寂夜森林","eventId":10207,"operate":"离开","rate":1,"result":"关闭弹窗","passBonus":"","finishTextId":0,"continueId":0,"newButton":[]},{"mapId":3,"mapName":"寂夜森林","eventId":10208,"operate":"继续探索","rate":0.3,"result":"文本(312)","passBonus":"","finishTextId":0,"continueId":10210,"newButton":["战斗","离开"]},{"mapId":3,"mapName":"寂夜森林","eventId":10208,"operate":"继续探索","rate":0.7,"result":"文本(311)","passBonus":"","finishTextId":0,"continueId":10203,"newButton":["离开"]},{"mapId":3,"mapName":"寂夜森林","eventId":10208,"operate":"离开","rate":1,"result":"关闭弹窗","passBonus":"","finishTextId":0,"continueId":0,"newButton":[]},{"mapId":3,"mapName":"寂夜森林","eventId":10210,"operate":"战斗","rate":1,"result":"战斗(1:10207)","passBonus":"物品(10200)","finishTextId":313,"continueId":10203,"newButton":["离开"]},{"mapId":3,"mapName":"寂夜森林","eventId":10210,"operate":"离开","rate":1,"result":"关闭弹窗","passBonus":"","finishTextId":0,"continueId":0,"newButton":[]},{"mapId":3,"mapName":"寂夜森林","eventId":10212,"operate":"询问","rate":1,"result":"文本(320)","passBonus":"","finishTextId":0,"continueId":10213,"newButton":["决定"]},{"mapId":3,"mapName":"寂夜森林","eventId":10213,"operate":"决定","rate":1,"result":"文本(321)","passBonus":"","finishTextId":0,"continueId":10214,"newButton":["激战"]},{"mapId":3,"mapName":"寂夜森林","eventId":10214,"operate":"激战","rate":1,"result":"战斗(1:10214)","passBonus":"地图通关","finishTextId":322,"continueId":10203,"newButton":["离开"]},{"mapId":4,"mapName":"狐栖谷","eventId":10301,"operate":"离开","rate":1,"result":"关闭弹窗","passBonus":"","finishTextId":0,"continueId":0,"newButton":[]},{"mapId":5,"mapName":"前往渊明城","eventId":10401,"operate":"离开","rate":1,"result":"关闭弹窗","passBonus":"","finishTextId":0,"continueId":0,"newButton":[]},{"mapId":5,"mapName":"前往渊明城","eventId":10402,"operate":"继续向前","rate":1,"result":"文本(502)","passBonus":"","finishTextId":0,"continueId":10403,"newButton":["战斗","观察","离开"]},{"mapId":5,"mapName":"前往渊明城","eventId":10403,"operate":"战斗","rate":1,"result":"战斗(1:10403#2:10403#3:10403)","passBonus":"","finishTextId":503,"continueId":10404,"newButton":["继续向前"]},{"mapId":5,"mapName":"前往渊明城","eventId":10403,"operate":"观察","rate":1,"result":"信息(1:10403#2:10403#3:10403)","passBonus":"","finishTextId":0,"continueId":0,"newButton":[]},{"mapId":5,"mapName":"前往渊明城","eventId":10403,"operate":"离开","rate":1,"result":"关闭弹窗","passBonus":"","finishTextId":0,"continueId":0,"newButton":[]},{"mapId":5,"mapName":"前往渊明城","eventId":10404,"operate":"继续向前","rate":1,"result":"文本(504)","passBonus":"","finishTextId":0,"continueId":10405,"newButton":["向左","向右"]},{"mapId":5,"mapName":"前往渊明城","eventId":10405,"operate":"向左","rate":1,"result":"文本(506)","passBonus":"","finishTextId":0,"continueId":10407,"newButton":["战斗","观察","离开"]},{"mapId":5,"mapName":"前往渊明城","eventId":10405,"operate":"向右","rate":1,"result":"文本(505)","passBonus":"","finishTextId":0,"continueId":10401,"newButton":["离开"]},{"mapId":5,"mapName":"前往渊明城","eventId":10407,"operate":"战斗","rate":1,"result":"战斗(1:10403#2:10403#3:10403#4:10404)","passBonus":"","finishTextId":503,"continueId":10408,"newButton":["继续向前"]},{"mapId":5,"mapName":"前往渊明城","eventId":10407,"operate":"观察","rate":1,"result":"信息(1:10403#2:10403#3:10403#4:10404)","passBonus":"","finishTextId":0,"continueId":0,"newButton":[]},{"mapId":5,"mapName":"前往渊明城","eventId":10407,"operate":"离开","rate":1,"result":"关闭弹窗","passBonus":"","finishTextId":0,"continueId":0,"newButton":[]},{"mapId":5,"mapName":"前往渊明城","eventId":10408,"operate":"继续向前","rate":1,"result":"文本(504)","passBonus":"","finishTextId":0,"continueId":10409,"newButton":["向左","向右"]},{"mapId":5,"mapName":"前往渊明城","eventId":10409,"operate":"向左","rate":1,"result":"文本(506)","passBonus":"","finishTextId":0,"continueId":10410,"newButton":["战斗","观察","离开"]},{"mapId":5,"mapName":"前往渊明城","eventId":10409,"operate":"向右","rate":1,"result":"文本(505)","passBonus":"","finishTextId":0,"continueId":10401,"newButton":["离开"]},{"mapId":5,"mapName":"前往渊明城","eventId":10410,"operate":"战斗","rate":1,"result":"战斗(1:10405#2:10405#3:10405#4:10404#5:10404)","passBonus":"","finishTextId":503,"continueId":10411,"newButton":["继续向前"]},{"mapId":5,"mapName":"前往渊明城","eventId":10410,"operate":"观察","rate":1,"result":"信息(1:10405#2:10405#3:10405#4:10404#5:10404)","passBonus":"","finishTextId":0,"continueId":0,"newButton":[]},{"mapId":5,"mapName":"前往渊明城","eventId":10410,"operate":"离开","rate":1,"result":"关闭弹窗","passBonus":"","finishTextId":0,"continueId":0,"newButton":[]},{"mapId":5,"mapName":"前往渊明城","eventId":10411,"operate":"继续向前","rate":1,"result":"文本(507)","passBonus":"","finishTextId":0,"continueId":10412,"newButton":["打开"]},{"mapId":5,"mapName":"前往渊明城","eventId":10412,"operate":"打开","rate":0.01,"result":"物品(10400)","passBonus":"","finishTextId":0,"continueId":10401,"newButton":["离开"]},{"mapId":5,"mapName":"前往渊明城","eventId":10412,"operate":"打开","rate":0.01,"result":"物品(10401)","passBonus":"","finishTextId":0,"continueId":10401,"newButton":["离开"]},{"mapId":5,"mapName":"前往渊明城","eventId":10412,"operate":"打开","rate":0.01,"result":"物品(10402)","passBonus":"","finishTextId":0,"continueId":10401,"newButton":["离开"]},{"mapId":5,"mapName":"前往渊明城","eventId":10412,"operate":"打开","rate":0.01,"result":"物品(10403)","passBonus":"","finishTextId":0,"continueId":10401,"newButton":["离开"]},{"mapId":5,"mapName":"前往渊明城","eventId":10412,"operate":"打开","rate":0.76,"result":"物品(10404)","passBonus":"","finishTextId":0,"continueId":10401,"newButton":["离开"]},{"mapId":5,"mapName":"前往渊明城","eventId":10412,"operate":"打开","rate":0.2,"result":"文本(508)","passBonus":"","finishTextId":0,"continueId":10401,"newButton":["离开"]},{"mapId":5,"mapName":"前往渊明城","eventId":10413,"operate":"继续向前","rate":1,"result":"文本(502)","passBonus":"","finishTextId":0,"continueId":10414,"newButton":["战斗","观察","离开"]},{"mapId":5,"mapName":"前往渊明城","eventId":10414,"operate":"战斗","rate":1,"result":"战斗(1:10406#2:10406#3:10406)","passBonus":"","finishTextId":503,"continueId":10415,"newButton":["继续向前"]},{"mapId":5,"mapName":"前往渊明城","eventId":10414,"operate":"观察","rate":1,"result":"信息(1:10406#2:10406#3:10406)","passBonus":"","finishTextId":0,"continueId":0,"newButton":[]},{"mapId":5,"mapName":"前往渊明城","eventId":10414,"operate":"离开","rate":1,"result":"关闭弹窗","passBonus":"","finishTextId":0,"continueId":0,"newButton":[]},{"mapId":5,"mapName":"前往渊明城","eventId":10415,"operate":"继续向前","rate":1,"result":"文本(504)","passBonus":"","finishTextId":0,"continueId":10416,"newButton":["向右","向前"]},{"mapId":5,"mapName":"前往渊明城","eventId":10416,"operate":"向右","rate":1,"result":"文本(506)","passBonus":"","finishTextId":0,"continueId":10418,"newButton":["战斗","观察","离开"]},{"mapId":5,"mapName":"前往渊明城","eventId":10416,"operate":"向前","rate":1,"result":"文本(505)","passBonus":"","finishTextId":0,"continueId":10401,"newButton":["离开"]},{"mapId":5,"mapName":"前往渊明城","eventId":10418,"operate":"战斗","rate":1,"result":"战斗(1:10407#2:10406#3:10407#4:10407)","passBonus":"","finishTextId":503,"continueId":10419,"newButton":["继续向前"]},{"mapId":5,"mapName":"前往渊明城","eventId":10418,"operate":"观察","rate":1,"result":"信息(1:10407#2:10406#3:10407#4:10407)","passBonus":"","finishTextId":0,"continueId":0,"newButton":[]},{"mapId":5,"mapName":"前往渊明城","eventId":10418,"operate":"离开","rate":1,"result":"关闭弹窗","passBonus":"","finishTextId":0,"continueId":0,"newButton":[]},{"mapId":5,"mapName":"前往渊明城","eventId":10419,"operate":"继续向前","rate":1,"result":"文本(504)","passBonus":"","finishTextId":0,"continueId":10420,"newButton":["向前","向左"]},{"mapId":5,"mapName":"前往渊明城","eventId":10420,"operate":"向前","rate":1,"result":"文本(506)","passBonus":"","finishTextId":0,"continueId":10421,"newButton":["战斗","观察","离开"]},{"mapId":5,"mapName":"前往渊明城","eventId":10420,"operate":"向左","rate":1,"result":"文本(505)","passBonus":"","finishTextId":0,"continueId":10401,"newButton":["离开"]},{"mapId":5,"mapName":"前往渊明城","eventId":10421,"operate":"战斗","rate":1,"result":"战斗(1:10407#2:10407#3:10406#4:10406#5:10408)","passBonus":"","finishTextId":503,"continueId":10422,"newButton":["继续向前"]},{"mapId":5,"mapName":"前往渊明城","eventId":10421,"operate":"观察","rate":1,"result":"信息(1:10407#2:10407#3:10406#4:10406#5:10408)","passBonus":"","finishTextId":0,"continueId":0,"newButton":[]},{"mapId":5,"mapName":"前往渊明城","eventId":10421,"operate":"离开","rate":1,"result":"关闭弹窗","passBonus":"","finishTextId":0,"continueId":0,"newButton":[]},{"mapId":5,"mapName":"前往渊明城","eventId":10422,"operate":"继续向前","rate":1,"result":"文本(507)","passBonus":"","finishTextId":0,"continueId":10423,"newButton":["打开"]},{"mapId":5,"mapName":"前往渊明城","eventId":10423,"operate":"打开","rate":0.01,"result":"物品(10405)","passBonus":"","finishTextId":0,"continueId":10401,"newButton":["离开"]},{"mapId":5,"mapName":"前往渊明城","eventId":10423,"operate":"打开","rate":0.01,"result":"物品(10406)","passBonus":"","finishTextId":0,"continueId":10401,"newButton":["离开"]},{"mapId":5,"mapName":"前往渊明城","eventId":10423,"operate":"打开","rate":0.01,"result":"物品(10407)","passBonus":"","finishTextId":0,"continueId":10401,"newButton":["离开"]},{"mapId":5,"mapName":"前往渊明城","eventId":10423,"operate":"打开","rate":0.01,"result":"物品(10408)","passBonus":"","finishTextId":0,"continueId":10401,"newButton":["离开"]},{"mapId":5,"mapName":"前往渊明城","eventId":10423,"operate":"打开","rate":0.76,"result":"物品(10409)","passBonus":"","finishTextId":0,"continueId":10401,"newButton":["离开"]},{"mapId":5,"mapName":"前往渊明城","eventId":10423,"operate":"打开","rate":0.2,"result":"文本(508)","passBonus":"","finishTextId":0,"continueId":10401,"newButton":["离开"]},{"mapId":6,"mapName":"渊明城","eventId":10501,"operate":"离开","rate":1,"result":"关闭弹窗","passBonus":"","finishTextId":0,"continueId":0,"newButton":[]},{"mapId":6,"mapName":"渊明城","eventId":10502,"operate":"巽","rate":1,"result":"文本(618)","passBonus":"","finishTextId":0,"continueId":10501,"newButton":["离开"]},{"mapId":6,"mapName":"渊明城","eventId":10502,"operate":"兑","rate":1,"result":"文本(618)","passBonus":"","finishTextId":0,"continueId":10501,"newButton":["离开"]},{"mapId":6,"mapName":"渊明城","eventId":10502,"operate":"乾","rate":1,"result":"文本(617)","passBonus":"","finishTextId":0,"continueId":10503,"newButton":["离","乾","震","巽"]},{"mapId":6,"mapName":"渊明城","eventId":10502,"operate":"坎","rate":1,"result":"文本(618)","passBonus":"","finishTextId":0,"continueId":10501,"newButton":["离开"]},{"mapId":6,"mapName":"渊明城","eventId":10503,"operate":"离","rate":1,"result":"文本(618)","passBonus":"","finishTextId":0,"continueId":10501,"newButton":["离开"]},{"mapId":6,"mapName":"渊明城","eventId":10503,"operate":"乾","rate":1,"result":"文本(618)","passBonus":"","finishTextId":0,"continueId":10501,"newButton":["离开"]},{"mapId":6,"mapName":"渊明城","eventId":10503,"operate":"震","rate":1,"result":"文本(618)","passBonus":"","finishTextId":0,"continueId":10501,"newButton":["离开"]},{"mapId":6,"mapName":"渊明城","eventId":10503,"operate":"巽","rate":1,"result":"文本(617)","passBonus":"","finishTextId":0,"continueId":10504,"newButton":["坤","艮","离","兑"]},{"mapId":6,"mapName":"渊明城","eventId":10504,"operate":"坤","rate":1,"result":"文本(617)","passBonus":"","finishTextId":0,"continueId":10505,"newButton":["乾","坤","震","艮"]},{"mapId":6,"mapName":"渊明城","eventId":10504,"operate":"艮","rate":1,"result":"文本(618)","passBonus":"","finishTextId":0,"continueId":10501,"newButton":["离开"]},{"mapId":6,"mapName":"渊明城","eventId":10504,"operate":"离","rate":1,"result":"文本(618)","passBonus":"","finishTextId":0,"continueId":10501,"newButton":["离开"]},{"mapId":6,"mapName":"渊明城","eventId":10504,"operate":"兑","rate":1,"result":"文本(618)","passBonus":"","finishTextId":0,"continueId":10501,"newButton":["离开"]},{"mapId":6,"mapName":"渊明城","eventId":10505,"operate":"乾","rate":1,"result":"文本(618)","passBonus":"","finishTextId":0,"continueId":10501,"newButton":["离开"]},{"mapId":6,"mapName":"渊明城","eventId":10505,"operate":"坤","rate":1,"result":"文本(618)","passBonus":"","finishTextId":0,"continueId":10501,"newButton":["离开"]},{"mapId":6,"mapName":"渊明城","eventId":10505,"operate":"震","rate":1,"result":"文本(618)","passBonus":"","finishTextId":0,"continueId":10501,"newButton":["离开"]},{"mapId":6,"mapName":"渊明城","eventId":10505,"operate":"艮","rate":1,"result":"文本(619)","passBonus":"","finishTextId":0,"continueId":10506,"newButton":["拾取"]},{"mapId":6,"mapName":"渊明城","eventId":10506,"operate":"拾取","rate":1,"result":"物品(10513)","passBonus":"","finishTextId":0,"continueId":10501,"newButton":["离开"]},{"mapId":7,"mapName":"古渊黑市","eventId":10600,"operate":"离开","rate":1,"result":"关闭弹窗","passBonus":"","finishTextId":0,"continueId":0,"newButton":[]},{"mapId":7,"mapName":"古渊黑市","eventId":10601,"operate":"说出血诅十年咒","rate":1,"result":"文本(707)","passBonus":"","finishTextId":0,"continueId":10602,"newButton":["动手"]},{"mapId":7,"mapName":"古渊黑市","eventId":10602,"operate":"动手","rate":1,"result":"战斗(1:10607)","passBonus":"地图通关","finishTextId":708,"continueId":10600,"newButton":["离开"]},{"mapId":8,"mapName":"城中激战","eventId":10700,"operate":"离开","rate":1,"result":"关闭弹窗","passBonus":"","finishTextId":0,"continueId":0,"newButton":[]},{"mapId":9,"mapName":"千里追杀","eventId":10800,"operate":"离开","rate":1,"result":"关闭弹窗","passBonus":"","finishTextId":0,"continueId":0,"newButton":[]},{"mapId":9,"mapName":"千里追杀","eventId":10801,"operate":"战斗","rate":1,"result":"战斗(1:10805#2:10805#3:10805)","passBonus":"","finishTextId":903,"continueId":10802,"newButton":["探索"]},{"mapId":9,"mapName":"千里追杀","eventId":10801,"operate":"观察","rate":1,"result":"信息(1:10805#2:10805#3:10805)","passBonus":"","finishTextId":0,"continueId":0,"newButton":[]},{"mapId":9,"mapName":"千里追杀","eventId":10801,"operate":"离开","rate":1,"result":"关闭弹窗","passBonus":"","finishTextId":0,"continueId":0,"newButton":[]},{"mapId":9,"mapName":"千里追杀","eventId":10802,"operate":"探索","rate":0.5,"result":"文本(904)","passBonus":"","finishTextId":0,"continueId":10800,"newButton":["离开"]},{"mapId":9,"mapName":"千里追杀","eventId":10802,"operate":"探索","rate":0.5,"result":"文本(905)","passBonus":"","finishTextId":0,"continueId":10803,"newButton":["战斗"]},{"mapId":9,"mapName":"千里追杀","eventId":10803,"operate":"战斗","rate":0.6,"result":"战斗(1:10815)","passBonus":"","finishTextId":906,"continueId":10800,"newButton":["离开"]},{"mapId":9,"mapName":"千里追杀","eventId":10803,"operate":"战斗","rate":0.1,"result":"战斗(1:10815#2:10815)","passBonus":"","finishTextId":906,"continueId":10800,"newButton":["离开"]},{"mapId":9,"mapName":"千里追杀","eventId":10803,"operate":"战斗","rate":0.25,"result":"战斗(1:10815)","passBonus":"物品(10800)","finishTextId":907,"continueId":10800,"newButton":["离开"]},{"mapId":9,"mapName":"千里追杀","eventId":10803,"operate":"战斗","rate":0.05,"result":"战斗(1:10815)","passBonus":"物品(10804)","finishTextId":908,"continueId":10800,"newButton":["离开"]},{"mapId":9,"mapName":"千里追杀","eventId":10804,"operate":"战斗","rate":0.55,"result":"战斗(1:10809#2:10809#3:10809)","passBonus":"","finishTextId":910,"continueId":10805,"newButton":["继续向前"]},{"mapId":9,"mapName":"千里追杀","eventId":10804,"operate":"战斗","rate":0.45,"result":"战斗(1:10809#2:10809#3:10809)","passBonus":"物品(10801)","finishTextId":911,"continueId":10805,"newButton":["继续向前"]},{"mapId":9,"mapName":"千里追杀","eventId":10805,"operate":"继续向前","rate":0.5,"result":"文本(912)","passBonus":"物品(10801)","finishTextId":0,"continueId":10800,"newButton":["离开"]},{"mapId":9,"mapName":"千里追杀","eventId":10805,"operate":"继续向前","rate":0.5,"result":"战斗(1:10816)","passBonus":"物品(10805)","finishTextId":913,"continueId":10806,"newButton":["继续向前"]},{"mapId":9,"mapName":"千里追杀","eventId":10806,"operate":"继续向前","rate":0.65,"result":"文本(914)","passBonus":"物品(10801)","finishTextId":0,"continueId":10800,"newButton":["离开"]},{"mapId":9,"mapName":"千里追杀","eventId":10806,"operate":"继续向前","rate":0.35,"result":"文本(914)","passBonus":"物品(10806)","finishTextId":0,"continueId":10800,"newButton":["离开"]},{"mapId":9,"mapName":"千里追杀","eventId":10807,"operate":"战斗","rate":0.6,"result":"战斗(1:10807#2:10807#3:10807)","passBonus":"","finishTextId":917,"continueId":10808,"newButton":["上前查探"]},{"mapId":9,"mapName":"千里追杀","eventId":10807,"operate":"战斗","rate":0.4,"result":"战斗(1:10807#2:10807#3:10807)","passBonus":"物品(10802)","finishTextId":916,"continueId":10800,"newButton":["离开"]},{"mapId":9,"mapName":"千里追杀","eventId":10808,"operate":"上前查探","rate":0.25,"result":"战斗(1:10817)","passBonus":"物品(10807)","finishTextId":919,"continueId":10800,"newButton":["离开"]},{"mapId":9,"mapName":"千里追杀","eventId":10808,"operate":"上前查探","rate":0.75,"result":"文本(918)","passBonus":"物品(10800)","finishTextId":0,"continueId":10800,"newButton":["离开"]},{"mapId":9,"mapName":"千里追杀","eventId":10809,"operate":"战斗","rate":0.3,"result":"战斗(1:10818)","passBonus":"","finishTextId":922,"continueId":10810,"newButton":["拾取"]},{"mapId":9,"mapName":"千里追杀","eventId":10809,"operate":"战斗","rate":0.7,"result":"战斗(1:10818)","passBonus":"物品(10809)","finishTextId":921,"continueId":10800,"newButton":["离开"]},{"mapId":9,"mapName":"千里追杀","eventId":10809,"operate":"离开","rate":1,"result":"关闭弹窗","passBonus":"","finishTextId":0,"continueId":0,"newButton":[]},{"mapId":9,"mapName":"千里追杀","eventId":10810,"operate":"拾取","rate":0.05,"result":"物品(10810)","passBonus":"","finishTextId":923,"continueId":10800,"newButton":["离开"]},{"mapId":9,"mapName":"千里追杀","eventId":10810,"operate":"拾取","rate":0.32,"result":"物品(10811)","passBonus":"","finishTextId":923,"continueId":10800,"newButton":["离开"]},{"mapId":9,"mapName":"千里追杀","eventId":10810,"operate":"拾取","rate":0.25,"result":"物品(10812)","passBonus":"","finishTextId":923,"continueId":10800,"newButton":["离开"]},{"mapId":9,"mapName":"千里追杀","eventId":10810,"operate":"拾取","rate":0.15,"result":"物品(10813)","passBonus":"","finishTextId":923,"continueId":10800,"newButton":["离开"]},{"mapId":9,"mapName":"千里追杀","eventId":10810,"operate":"拾取","rate":0.1,"result":"物品(10814)","passBonus":"","finishTextId":923,"continueId":10800,"newButton":["离开"]},{"mapId":9,"mapName":"千里追杀","eventId":10810,"operate":"拾取","rate":0.08,"result":"物品(10815)","passBonus":"","finishTextId":923,"continueId":10800,"newButton":["离开"]},{"mapId":9,"mapName":"千里追杀","eventId":10810,"operate":"拾取","rate":0.05,"result":"物品(10816)","passBonus":"","finishTextId":923,"continueId":10800,"newButton":["离开"]}]