[{"id":1,"name":"战斗","color":"#CC0000"},{"id":2,"name":"观察","color":"#33FFFF"},{"id":3,"name":"离开","color":"#FFFFFF"},{"id":4,"name":"探索","color":"#FF9900"},{"id":5,"name":"拾取","color":"#FFFF00"},{"id":6,"name":"动手","color":"#CC0000"},{"id":7,"name":"询问","color":"#FF9900"},{"id":8,"name":"继续询问","color":"#FF9900"},{"id":9,"name":"给予铁矿*50","color":"#66FF00"},{"id":10,"name":"教训二柱子","color":"#CC0000"},{"id":11,"name":"看热闹","color":"#FF9900"},{"id":12,"name":"给他颜色瞧瞧","color":"#CC0000"},{"id":13,"name":"给一百灵石疗伤","color":"#66FF00"},{"id":14,"name":"一千灵石买了","color":"#99CCFF"},{"id":15,"name":"上前查探","color":"#FF9900"},{"id":16,"name":"帮忙","color":"#FF9900"},{"id":17,"name":"出手","color":"#CC0000"},{"id":18,"name":"给予两千灵石","color":"#66FF00"},{"id":19,"name":"探查","color":"#FF9900"},{"id":20,"name":"震惊","color":"#FF9900"},{"id":21,"name":"愤怒","color":"#FF9900"},{"id":22,"name":"支付三千灵石","color":"#66FF00"},{"id":23,"name":"继续探索","color":"#FF9900"},{"id":24,"name":"抢夺","color":"#CC0000"},{"id":25,"name":"对话","color":"#FF9900"},{"id":26,"name":"继续对话","color":"#FF9900"},{"id":27,"name":"极速赶过去","color":"#FF9900"},{"id":28,"name":"决定","color":"#FF9900"},{"id":29,"name":"激战","color":"#CC0000"},{"id":30,"name":"比划比划","color":"#CC0000"},{"id":31,"name":"交出相思玉","color":"#66FF00"},{"id":32,"name":"讲述","color":"#FF9900"},{"id":33,"name":"他是爱你的","color":"#FF6600"},{"id":34,"name":"这种人不值得","color":"#6666FF"},{"id":35,"name":"交谈","color":"#FF9900"},{"id":36,"name":"继续向前","color":"#FF9900"},{"id":37,"name":"向左","color":"#99FF00"},{"id":38,"name":"向右","color":"#33FFFF"},{"id":39,"name":"打开","color":"#FFFF00"},{"id":40,"name":"向前","color":"#FFCC99"},{"id":41,"name":"花三千灵石开袋子","color":"#99CCFF"},{"id":42,"name":"询问何事","color":"#FF9900"},{"id":43,"name":"继续对话","color":"#FF9900"},{"id":44,"name":"其他人为什么不用？","color":"#FF9900"},{"id":45,"name":"交五千灵石","color":"#66FF00"},{"id":46,"name":"不交","color":"#FF9900"},{"id":47,"name":"欺人太甚","color":"#CC0000"},{"id":48,"name":"动手","color":"#CC0000"},{"id":49,"name":"进入（通关此地图）","color":"#FFFF00"},{"id":50,"name":"这么嚣张？削他！","color":"#CC0000"},{"id":51,"name":"算了，不计较","color":"#FFFFFF"},{"id":52,"name":"鬼祟之人？削他！","color":"#CC0000"},{"id":53,"name":"算了，懒得管","color":"#FFFFFF"},{"id":54,"name":"猥琐之人？削他！","color":"#CC0000"},{"id":55,"name":"乾","color":"#FFFFCC"},{"id":56,"name":"坤","color":"#333300"},{"id":57,"name":"震","color":"#FFCC00"},{"id":58,"name":"巽","color":"#CCFFFF"},{"id":59,"name":"坎","color":"#0099FF"},{"id":60,"name":"离","color":"#FF3300"},{"id":61,"name":"艮","color":"#33CC00"},{"id":62,"name":"兑","color":"#0000FF"},{"id":63,"name":"告知原委","color":"#FF9900"},{"id":64,"name":"试试就试试","color":"#FFFFCC"},{"id":65,"name":"说出血诅十年咒","color":"#FF9900"},{"id":66,"name":"愤怒","color":"#FF6600"},{"id":67,"name":"杀戮","color":"#FF3300"}]