[{"greatRealm":1,"smallRealm":1,"successRate":0.95,"rCount":0,"consumeMaterial":"无","consumeXw":"53","consumeUpgrade":"50","p1":"60","p2":"60","p3":"60","p4":"60","p5":"60","p6":"60","p7":"0.2","p8":"0.1","p9":"0.1","p10":"0.1"},{"greatRealm":1,"smallRealm":2,"successRate":0.95,"rCount":0,"consumeMaterial":"无","consumeXw":"95","consumeUpgrade":"90","p1":"62","p2":"62","p3":"62","p4":"62","p5":"62","p6":"62","p7":"0.2","p8":"0.1","p9":"0.1","p10":"0.1"},{"greatRealm":1,"smallRealm":3,"successRate":0.95,"rCount":0,"consumeMaterial":"无","consumeXw":"137","consumeUpgrade":"130","p1":"64","p2":"64","p3":"64","p4":"64","p5":"64","p6":"64","p7":"0.2","p8":"0.1","p9":"0.1","p10":"0.1"},{"greatRealm":1,"smallRealm":4,"successRate":0.95,"rCount":0,"consumeMaterial":"无","consumeXw":"179","consumeUpgrade":"170","p1":"66","p2":"66","p3":"66","p4":"66","p5":"66","p6":"66","p7":"0.2","p8":"0.1","p9":"0.1","p10":"0.1"},{"greatRealm":1,"smallRealm":5,"successRate":0.95,"rCount":0,"consumeMaterial":"无","consumeXw":"222","consumeUpgrade":"210","p1":"68","p2":"68","p3":"68","p4":"68","p5":"68","p6":"68","p7":"0.2","p8":"0.1","p9":"0.1","p10":"0.1"},{"greatRealm":1,"smallRealm":6,"successRate":0.95,"rCount":0,"consumeMaterial":"无","consumeXw":"264","consumeUpgrade":"250","p1":"70","p2":"70","p3":"70","p4":"70","p5":"70","p6":"70","p7":"0.2","p8":"0.1","p9":"0.1","p10":"0.1"},{"greatRealm":1,"smallRealm":7,"successRate":0.95,"rCount":0,"consumeMaterial":"无","consumeXw":"306","consumeUpgrade":"290","p1":"72","p2":"72","p3":"72","p4":"72","p5":"72","p6":"72","p7":"0.2","p8":"0.1","p9":"0.1","p10":"0.1"},{"greatRealm":1,"smallRealm":8,"successRate":0.95,"rCount":0,"consumeMaterial":"无","consumeXw":"348","consumeUpgrade":"330","p1":"74","p2":"74","p3":"74","p4":"74","p5":"74","p6":"74","p7":"0.2","p8":"0.1","p9":"0.1","p10":"0.1"},{"greatRealm":1,"smallRealm":9,"successRate":0.5,"rCount":0,"consumeMaterial":"筑基丹*1","consumeXw":"740","consumeUpgrade":"370","p1":"76","p2":"76","p3":"76","p4":"76","p5":"76","p6":"76","p7":"0.2","p8":"0.1","p9":"0.1","p10":"0.1"},{"greatRealm":2,"smallRealm":1,"successRate":0.9,"rCount":0,"consumeMaterial":"无","consumeXw":"523","consumeUpgrade":"470","p1":"110","p2":"110","p3":"110","p4":"110","p5":"110","p6":"110","p7":"0.2","p8":"0.1","p9":"0.1","p10":"0.1"},{"greatRealm":2,"smallRealm":2,"successRate":0.9,"rCount":0,"consumeMaterial":"无","consumeXw":"634","consumeUpgrade":"570","p1":"114","p2":"114","p3":"114","p4":"114","p5":"114","p6":"114","p7":"0.2","p8":"0.1","p9":"0.1","p10":"0.1"},{"greatRealm":2,"smallRealm":3,"successRate":0.9,"rCount":0,"consumeMaterial":"无","consumeXw":"745","consumeUpgrade":"670","p1":"118","p2":"118","p3":"118","p4":"118","p5":"118","p6":"118","p7":"0.2","p8":"0.1","p9":"0.1","p10":"0.1"},{"greatRealm":2,"smallRealm":4,"successRate":0.9,"rCount":0,"consumeMaterial":"无","consumeXw":"856","consumeUpgrade":"770","p1":"122","p2":"122","p3":"122","p4":"122","p5":"122","p6":"122","p7":"0.2","p8":"0.1","p9":"0.1","p10":"0.1"},{"greatRealm":2,"smallRealm":5,"successRate":0.9,"rCount":0,"consumeMaterial":"无","consumeXw":"967","consumeUpgrade":"870","p1":"126","p2":"126","p3":"126","p4":"126","p5":"126","p6":"126","p7":"0.2","p8":"0.1","p9":"0.1","p10":"0.1"},{"greatRealm":2,"smallRealm":6,"successRate":0.9,"rCount":0,"consumeMaterial":"无","consumeXw":"1078","consumeUpgrade":"970","p1":"130","p2":"130","p3":"130","p4":"130","p5":"130","p6":"130","p7":"0.2","p8":"0.1","p9":"0.1","p10":"0.1"},{"greatRealm":2,"smallRealm":7,"successRate":0.9,"rCount":0,"consumeMaterial":"筑基丹*1","consumeXw":"1189","consumeUpgrade":"1070","p1":"134","p2":"134","p3":"134","p4":"134","p5":"134","p6":"134","p7":"0.2","p8":"0.1","p9":"0.1","p10":"0.1"},{"greatRealm":2,"smallRealm":8,"successRate":0.9,"rCount":0,"consumeMaterial":"筑基丹*1","consumeXw":"1334","consumeUpgrade":"1200","p1":"138","p2":"138","p3":"138","p4":"138","p5":"138","p6":"138","p7":"0.2","p8":"0.1","p9":"0.1","p10":"0.1"},{"greatRealm":2,"smallRealm":9,"successRate":0.3,"rCount":0,"consumeMaterial":"凝金丹*1","consumeXw":"2667","consumeUpgrade":"800","p1":"142","p2":"142","p3":"142","p4":"142","p5":"142","p6":"142","p7":"0.2","p8":"0.1","p9":"0.1","p10":"0.1"},{"greatRealm":3,"smallRealm":1,"successRate":0.85,"rCount":0,"consumeMaterial":"无","consumeXw":"1530","consumeUpgrade":"1300","p1":"193","p2":"193","p3":"193","p4":"193","p5":"193","p6":"193","p7":"0.2","p8":"0.1","p9":"0.1","p10":"0.1"},{"greatRealm":3,"smallRealm":2,"successRate":0.85,"rCount":0,"consumeMaterial":"无","consumeXw":"1765","consumeUpgrade":"1500","p1":"199","p2":"199","p3":"199","p4":"199","p5":"199","p6":"199","p7":"0.2","p8":"0.1","p9":"0.1","p10":"0.1"},{"greatRealm":3,"smallRealm":3,"successRate":0.85,"rCount":0,"consumeMaterial":"无","consumeXw":"2000","consumeUpgrade":"1700","p1":"205","p2":"205","p3":"205","p4":"205","p5":"205","p6":"205","p7":"0.2","p8":"0.1","p9":"0.1","p10":"0.1"},{"greatRealm":3,"smallRealm":4,"successRate":0.85,"rCount":0,"consumeMaterial":"凝金丹*1","consumeXw":"2236","consumeUpgrade":"1900","p1":"211","p2":"211","p3":"211","p4":"211","p5":"211","p6":"211","p7":"0.2","p8":"0.1","p9":"0.1","p10":"0.1"},{"greatRealm":3,"smallRealm":5,"successRate":0.85,"rCount":0,"consumeMaterial":"凝金丹*1","consumeXw":"2471","consumeUpgrade":"2100","p1":"217","p2":"217","p3":"217","p4":"217","p5":"217","p6":"217","p7":"0.2","p8":"0.1","p9":"0.1","p10":"0.1"},{"greatRealm":3,"smallRealm":6,"successRate":0.85,"rCount":0,"consumeMaterial":"凝金丹*1","consumeXw":"2706","consumeUpgrade":"2300","p1":"223","p2":"223","p3":"223","p4":"223","p5":"223","p6":"223","p7":"0.2","p8":"0.1","p9":"0.1","p10":"0.1"},{"greatRealm":3,"smallRealm":7,"successRate":0.25,"rCount":0,"consumeMaterial":"元婴丹*1","consumeXw":"6000","consumeUpgrade":"1500","p1":"229","p2":"229","p3":"229","p4":"229","p5":"229","p6":"229","p7":"0.2","p8":"0.1","p9":"0.1","p10":"0.1"},{"greatRealm":4,"smallRealm":1,"successRate":0.8,"rCount":0,"consumeMaterial":"无","consumeXw":"3125","consumeUpgrade":"2500","p1":"297","p2":"297","p3":"297","p4":"297","p5":"297","p6":"297","p7":"0.2","p8":"0.1","p9":"0.1","p10":"0.1"},{"greatRealm":4,"smallRealm":2,"successRate":0.8,"rCount":0,"consumeMaterial":"无","consumeXw":"3625","consumeUpgrade":"2900","p1":"305","p2":"305","p3":"305","p4":"305","p5":"305","p6":"305","p7":"0.2","p8":"0.1","p9":"0.1","p10":"0.1"},{"greatRealm":4,"smallRealm":3,"successRate":0.8,"rCount":0,"consumeMaterial":"无","consumeXw":"4125","consumeUpgrade":"3300","p1":"313","p2":"313","p3":"313","p4":"313","p5":"313","p6":"313","p7":"0.2","p8":"0.1","p9":"0.1","p10":"0.1"},{"greatRealm":4,"smallRealm":4,"successRate":0.8,"rCount":0,"consumeMaterial":"元婴丹*1","consumeXw":"4625","consumeUpgrade":"3700","p1":"321","p2":"321","p3":"321","p4":"321","p5":"321","p6":"321","p7":"0.2","p8":"0.1","p9":"0.1","p10":"0.1"},{"greatRealm":4,"smallRealm":5,"successRate":0.8,"rCount":0,"consumeMaterial":"元婴丹*1","consumeXw":"5125","consumeUpgrade":"4100","p1":"329","p2":"329","p3":"329","p4":"329","p5":"329","p6":"329","p7":"0.2","p8":"0.1","p9":"0.1","p10":"0.1"},{"greatRealm":4,"smallRealm":6,"successRate":0.8,"rCount":0,"consumeMaterial":"元婴丹*1","consumeXw":"5625","consumeUpgrade":"4500","p1":"337","p2":"337","p3":"337","p4":"337","p5":"337","p6":"337","p7":"0.2","p8":"0.1","p9":"0.1","p10":"0.1"},{"greatRealm":4,"smallRealm":7,"successRate":0.22,"rCount":0,"consumeMaterial":"化神丹*1","consumeXw":"13637","consumeUpgrade":"3000","p1":"345","p2":"345","p3":"345","p4":"345","p5":"345","p6":"345","p7":"0.2","p8":"0.1","p9":"0.1","p10":"0.1"},{"greatRealm":5,"smallRealm":1,"successRate":0.75,"rCount":0,"consumeMaterial":"无","consumeXw":"6667","consumeUpgrade":"5000","p1":"430","p2":"430","p3":"430","p4":"430","p5":"430","p6":"430","p7":"0.2","p8":"0.1","p9":"0.1","p10":"0.1"},{"greatRealm":5,"smallRealm":2,"successRate":0.75,"rCount":0,"consumeMaterial":"无","consumeXw":"7734","consumeUpgrade":"5800","p1":"440","p2":"440","p3":"440","p4":"440","p5":"440","p6":"440","p7":"0.2","p8":"0.1","p9":"0.1","p10":"0.1"},{"greatRealm":5,"smallRealm":3,"successRate":0.75,"rCount":0,"consumeMaterial":"化神丹*1","consumeXw":"8800","consumeUpgrade":"6600","p1":"450","p2":"450","p3":"450","p4":"450","p5":"450","p6":"450","p7":"0.2","p8":"0.1","p9":"0.1","p10":"0.1"},{"greatRealm":5,"smallRealm":4,"successRate":0.75,"rCount":0,"consumeMaterial":"化神丹*1","consumeXw":"9867","consumeUpgrade":"7400","p1":"460","p2":"460","p3":"460","p4":"460","p5":"460","p6":"460","p7":"0.2","p8":"0.1","p9":"0.1","p10":"0.1"},{"greatRealm":5,"smallRealm":5,"successRate":0.75,"rCount":0,"consumeMaterial":"化神丹*1","consumeXw":"10934","consumeUpgrade":"8200","p1":"470","p2":"470","p3":"470","p4":"470","p5":"470","p6":"470","p7":"0.2","p8":"0.1","p9":"0.1","p10":"0.1"},{"greatRealm":5,"smallRealm":6,"successRate":0.75,"rCount":0,"consumeMaterial":"化神丹*1","consumeXw":"12000","consumeUpgrade":"9000","p1":"480","p2":"480","p3":"480","p4":"480","p5":"480","p6":"480","p7":"0.2","p8":"0.1","p9":"0.1","p10":"0.1"},{"greatRealm":5,"smallRealm":7,"successRate":0.2,"rCount":0,"consumeMaterial":"合体丹*1","consumeXw":"25000","consumeUpgrade":"5000","p1":"490","p2":"490","p3":"490","p4":"490","p5":"490","p6":"490","p7":"0.2","p8":"0.1","p9":"0.1","p10":"0.1"},{"greatRealm":6,"smallRealm":1,"successRate":0.7,"rCount":0,"consumeMaterial":"无","consumeXw":"15715","consumeUpgrade":"11000","p1":"592","p2":"592","p3":"592","p4":"592","p5":"592","p6":"592","p7":"0.2","p8":"0.1","p9":"0.1","p10":"0.1"},{"greatRealm":6,"smallRealm":2,"successRate":0.7,"rCount":0,"consumeMaterial":"无","consumeXw":"17143","consumeUpgrade":"12000","p1":"604","p2":"604","p3":"604","p4":"604","p5":"604","p6":"604","p7":"0.2","p8":"0.1","p9":"0.1","p10":"0.1"},{"greatRealm":6,"smallRealm":3,"successRate":0.7,"rCount":0,"consumeMaterial":"无","consumeXw":"18572","consumeUpgrade":"13000","p1":"616","p2":"616","p3":"616","p4":"616","p5":"616","p6":"616","p7":"0.2","p8":"0.1","p9":"0.1","p10":"0.1"},{"greatRealm":6,"smallRealm":4,"successRate":0.7,"rCount":0,"consumeMaterial":"无","consumeXw":"20000","consumeUpgrade":"14000","p1":"628","p2":"628","p3":"628","p4":"628","p5":"628","p6":"628","p7":"0.2","p8":"0.1","p9":"0.1","p10":"0.1"},{"greatRealm":6,"smallRealm":5,"successRate":0.7,"rCount":0,"consumeMaterial":"合体丹*1","consumeXw":"21429","consumeUpgrade":"15000","p1":"640","p2":"640","p3":"640","p4":"640","p5":"640","p6":"640","p7":"0.2","p8":"0.1","p9":"0.1","p10":"0.1"},{"greatRealm":6,"smallRealm":6,"successRate":0.7,"rCount":0,"consumeMaterial":"合体丹*1","consumeXw":"22858","consumeUpgrade":"16000","p1":"652","p2":"652","p3":"652","p4":"652","p5":"652","p6":"652","p7":"0.2","p8":"0.1","p9":"0.1","p10":"0.1"},{"greatRealm":6,"smallRealm":7,"successRate":0.7,"rCount":0,"consumeMaterial":"合体丹*1","consumeXw":"24286","consumeUpgrade":"17000","p1":"664","p2":"664","p3":"664","p4":"664","p5":"664","p6":"664","p7":"0.2","p8":"0.1","p9":"0.1","p10":"0.1"},{"greatRealm":6,"smallRealm":8,"successRate":0.7,"rCount":0,"consumeMaterial":"合体丹*1","consumeXw":"25715","consumeUpgrade":"18000","p1":"676","p2":"676","p3":"676","p4":"676","p5":"676","p6":"676","p7":"0.2","p8":"0.1","p9":"0.1","p10":"0.1"},{"greatRealm":6,"smallRealm":9,"successRate":0.7,"rCount":0,"consumeMaterial":"合体丹*1","consumeXw":"27143","consumeUpgrade":"19000","p1":"688","p2":"688","p3":"688","p4":"688","p5":"688","p6":"688","p7":"0.2","p8":"0.1","p9":"0.1","p10":"0.1"},{"greatRealm":6,"smallRealm":10,"successRate":0.7,"rCount":0,"consumeMaterial":"合体丹*1","consumeXw":"28572","consumeUpgrade":"20000","p1":"700","p2":"700","p3":"700","p4":"700","p5":"700","p6":"700","p7":"0.2","p8":"0.1","p9":"0.1","p10":"0.1"},{"greatRealm":6,"smallRealm":11,"successRate":0.7,"rCount":0,"consumeMaterial":"合体丹*1","consumeXw":"30000","consumeUpgrade":"21000","p1":"712","p2":"712","p3":"712","p4":"712","p5":"712","p6":"712","p7":"0.2","p8":"0.1","p9":"0.1","p10":"0.1"},{"greatRealm":6,"smallRealm":12,"successRate":null,"rCount":0,"consumeMaterial":"不可升级","consumeUpgrade":"不可升级","p1":"724","p2":"724","p3":"724","p4":"724","p5":"724","p6":"724","p7":"0.2","p8":"0.1","p9":"0.1","p10":"0.1"},{"greatRealm":1,"smallRealm":1,"successRate":0.95,"rCount":1,"consumeMaterial":"无","consumeXw":"64","consumeUpgrade":"60","p1":"93","p2":"93","p3":"93","p4":"93","p5":"93","p6":"93","p7":"0.2","p8":"0.1","p9":"0.1","p10":"0.1"},{"greatRealm":1,"smallRealm":2,"successRate":0.95,"rCount":1,"consumeMaterial":"无","consumeXw":"106","consumeUpgrade":"100","p1":"96","p2":"96","p3":"96","p4":"96","p5":"96","p6":"96","p7":"0.2","p8":"0.1","p9":"0.1","p10":"0.1"},{"greatRealm":1,"smallRealm":3,"successRate":0.95,"rCount":1,"consumeMaterial":"无","consumeXw":"148","consumeUpgrade":"140","p1":"99","p2":"99","p3":"99","p4":"99","p5":"99","p6":"99","p7":"0.2","p8":"0.1","p9":"0.1","p10":"0.1"},{"greatRealm":1,"smallRealm":4,"successRate":0.95,"rCount":1,"consumeMaterial":"无","consumeXw":"190","consumeUpgrade":"180","p1":"102","p2":"102","p3":"102","p4":"102","p5":"102","p6":"102","p7":"0.2","p8":"0.1","p9":"0.1","p10":"0.1"},{"greatRealm":1,"smallRealm":5,"successRate":0.95,"rCount":1,"consumeMaterial":"无","consumeXw":"243","consumeUpgrade":"230","p1":"105","p2":"105","p3":"105","p4":"105","p5":"105","p6":"105","p7":"0.2","p8":"0.1","p9":"0.1","p10":"0.1"},{"greatRealm":1,"smallRealm":6,"successRate":0.95,"rCount":1,"consumeMaterial":"无","consumeXw":"285","consumeUpgrade":"270","p1":"108","p2":"108","p3":"108","p4":"108","p5":"108","p6":"108","p7":"0.2","p8":"0.1","p9":"0.1","p10":"0.1"},{"greatRealm":1,"smallRealm":7,"successRate":0.95,"rCount":1,"consumeMaterial":"无","consumeXw":"327","consumeUpgrade":"310","p1":"111","p2":"111","p3":"111","p4":"111","p5":"111","p6":"111","p7":"0.2","p8":"0.1","p9":"0.1","p10":"0.1"},{"greatRealm":1,"smallRealm":8,"successRate":0.95,"rCount":1,"consumeMaterial":"无","consumeXw":"369","consumeUpgrade":"350","p1":"114","p2":"114","p3":"114","p4":"114","p5":"114","p6":"114","p7":"0.2","p8":"0.1","p9":"0.1","p10":"0.1"},{"greatRealm":1,"smallRealm":9,"successRate":0.5,"rCount":1,"consumeMaterial":"筑基丹*1","consumeXw":"780","consumeUpgrade":"390","p1":"117","p2":"117","p3":"117","p4":"117","p5":"117","p6":"117","p7":"0.2","p8":"0.1","p9":"0.1","p10":"0.1"},{"greatRealm":2,"smallRealm":1,"successRate":0.9,"rCount":1,"consumeMaterial":"无","consumeXw":"556","consumeUpgrade":"500","p1":"163","p2":"163","p3":"163","p4":"163","p5":"163","p6":"163","p7":"0.2","p8":"0.1","p9":"0.1","p10":"0.1"},{"greatRealm":2,"smallRealm":2,"successRate":0.9,"rCount":1,"consumeMaterial":"无","consumeXw":"667","consumeUpgrade":"600","p1":"169","p2":"169","p3":"169","p4":"169","p5":"169","p6":"169","p7":"0.2","p8":"0.1","p9":"0.1","p10":"0.1"},{"greatRealm":2,"smallRealm":3,"successRate":0.9,"rCount":1,"consumeMaterial":"无","consumeXw":"789","consumeUpgrade":"710","p1":"175","p2":"175","p3":"175","p4":"175","p5":"175","p6":"175","p7":"0.2","p8":"0.1","p9":"0.1","p10":"0.1"},{"greatRealm":2,"smallRealm":4,"successRate":0.9,"rCount":1,"consumeMaterial":"无","consumeXw":"900","consumeUpgrade":"810","p1":"181","p2":"181","p3":"181","p4":"181","p5":"181","p6":"181","p7":"0.2","p8":"0.1","p9":"0.1","p10":"0.1"},{"greatRealm":2,"smallRealm":5,"successRate":0.9,"rCount":1,"consumeMaterial":"无","consumeXw":"1023","consumeUpgrade":"920","p1":"187","p2":"187","p3":"187","p4":"187","p5":"187","p6":"187","p7":"0.2","p8":"0.1","p9":"0.1","p10":"0.1"},{"greatRealm":2,"smallRealm":6,"successRate":0.9,"rCount":1,"consumeMaterial":"无","consumeXw":"1223","consumeUpgrade":"1100","p1":"193","p2":"193","p3":"193","p4":"193","p5":"193","p6":"193","p7":"0.2","p8":"0.1","p9":"0.1","p10":"0.1"},{"greatRealm":2,"smallRealm":7,"successRate":0.9,"rCount":1,"consumeMaterial":"筑基丹*1","consumeXw":"1334","consumeUpgrade":"1200","p1":"199","p2":"199","p3":"199","p4":"199","p5":"199","p6":"199","p7":"0.2","p8":"0.1","p9":"0.1","p10":"0.1"},{"greatRealm":2,"smallRealm":8,"successRate":0.9,"rCount":1,"consumeMaterial":"筑基丹*1","consumeXw":"1445","consumeUpgrade":"1300","p1":"205","p2":"205","p3":"205","p4":"205","p5":"205","p6":"205","p7":"0.2","p8":"0.1","p9":"0.1","p10":"0.1"},{"greatRealm":2,"smallRealm":9,"successRate":0.3,"rCount":1,"consumeMaterial":"凝金丹*1","consumeXw":"3000","consumeUpgrade":"900","p1":"211","p2":"211","p3":"211","p4":"211","p5":"211","p6":"211","p7":"0.2","p8":"0.1","p9":"0.1","p10":"0.1"},{"greatRealm":3,"smallRealm":1,"successRate":0.85,"rCount":1,"consumeMaterial":"无","consumeXw":"1648","consumeUpgrade":"1400","p1":"280","p2":"280","p3":"280","p4":"280","p5":"280","p6":"280","p7":"0.2","p8":"0.1","p9":"0.1","p10":"0.1"},{"greatRealm":3,"smallRealm":2,"successRate":0.85,"rCount":1,"consumeMaterial":"无","consumeXw":"1883","consumeUpgrade":"1600","p1":"289","p2":"289","p3":"289","p4":"289","p5":"289","p6":"289","p7":"0.2","p8":"0.1","p9":"0.1","p10":"0.1"},{"greatRealm":3,"smallRealm":3,"successRate":0.85,"rCount":1,"consumeMaterial":"无","consumeXw":"2118","consumeUpgrade":"1800","p1":"298","p2":"298","p3":"298","p4":"298","p5":"298","p6":"298","p7":"0.2","p8":"0.1","p9":"0.1","p10":"0.1"},{"greatRealm":3,"smallRealm":4,"successRate":0.85,"rCount":1,"consumeMaterial":"凝金丹*1","consumeXw":"2353","consumeUpgrade":"2000","p1":"307","p2":"307","p3":"307","p4":"307","p5":"307","p6":"307","p7":"0.2","p8":"0.1","p9":"0.1","p10":"0.1"},{"greatRealm":3,"smallRealm":5,"successRate":0.85,"rCount":1,"consumeMaterial":"凝金丹*1","consumeXw":"2706","consumeUpgrade":"2300","p1":"316","p2":"316","p3":"316","p4":"316","p5":"316","p6":"316","p7":"0.2","p8":"0.1","p9":"0.1","p10":"0.1"},{"greatRealm":3,"smallRealm":6,"successRate":0.85,"rCount":1,"consumeMaterial":"凝金丹*1","consumeXw":"2942","consumeUpgrade":"2500","p1":"325","p2":"325","p3":"325","p4":"325","p5":"325","p6":"325","p7":"0.2","p8":"0.1","p9":"0.1","p10":"0.1"},{"greatRealm":3,"smallRealm":7,"successRate":0.25,"rCount":1,"consumeMaterial":"元婴丹*1","consumeXw":"6400","consumeUpgrade":"1600","p1":"334","p2":"334","p3":"334","p4":"334","p5":"334","p6":"334","p7":"0.2","p8":"0.1","p9":"0.1","p10":"0.1"},{"greatRealm":4,"smallRealm":1,"successRate":0.8,"rCount":1,"consumeMaterial":"无","consumeXw":"3375","consumeUpgrade":"2700","p1":"426","p2":"426","p3":"426","p4":"426","p5":"426","p6":"426","p7":"0.2","p8":"0.1","p9":"0.1","p10":"0.1"},{"greatRealm":4,"smallRealm":2,"successRate":0.8,"rCount":1,"consumeMaterial":"无","consumeXw":"3875","consumeUpgrade":"3100","p1":"438","p2":"438","p3":"438","p4":"438","p5":"438","p6":"438","p7":"0.2","p8":"0.1","p9":"0.1","p10":"0.1"},{"greatRealm":4,"smallRealm":3,"successRate":0.8,"rCount":1,"consumeMaterial":"无","consumeXw":"4375","consumeUpgrade":"3500","p1":"450","p2":"450","p3":"450","p4":"450","p5":"450","p6":"450","p7":"0.2","p8":"0.1","p9":"0.1","p10":"0.1"},{"greatRealm":4,"smallRealm":4,"successRate":0.8,"rCount":1,"consumeMaterial":"元婴丹*1","consumeXw":"4875","consumeUpgrade":"3900","p1":"462","p2":"462","p3":"462","p4":"462","p5":"462","p6":"462","p7":"0.2","p8":"0.1","p9":"0.1","p10":"0.1"},{"greatRealm":4,"smallRealm":5,"successRate":0.8,"rCount":1,"consumeMaterial":"元婴丹*1","consumeXw":"5500","consumeUpgrade":"4400","p1":"474","p2":"474","p3":"474","p4":"474","p5":"474","p6":"474","p7":"0.2","p8":"0.1","p9":"0.1","p10":"0.1"},{"greatRealm":4,"smallRealm":6,"successRate":0.8,"rCount":1,"consumeMaterial":"元婴丹*1","consumeXw":"6000","consumeUpgrade":"4800","p1":"486","p2":"486","p3":"486","p4":"486","p5":"486","p6":"486","p7":"0.2","p8":"0.1","p9":"0.1","p10":"0.1"},{"greatRealm":4,"smallRealm":7,"successRate":0.22,"rCount":1,"consumeMaterial":"化神丹*1","consumeXw":"14546","consumeUpgrade":"3200","p1":"498","p2":"498","p3":"498","p4":"498","p5":"498","p6":"498","p7":"0.2","p8":"0.1","p9":"0.1","p10":"0.1"},{"greatRealm":5,"smallRealm":1,"successRate":0.75,"rCount":1,"consumeMaterial":"无","consumeXw":"7067","consumeUpgrade":"5300","p1":"613","p2":"613","p3":"613","p4":"613","p5":"613","p6":"613","p7":"0.2","p8":"0.1","p9":"0.1","p10":"0.1"},{"greatRealm":5,"smallRealm":2,"successRate":0.75,"rCount":1,"consumeMaterial":"无","consumeXw":"8134","consumeUpgrade":"6100","p1":"628","p2":"628","p3":"628","p4":"628","p5":"628","p6":"628","p7":"0.2","p8":"0.1","p9":"0.1","p10":"0.1"},{"greatRealm":5,"smallRealm":3,"successRate":0.75,"rCount":1,"consumeMaterial":"化神丹*1","consumeXw":"9334","consumeUpgrade":"7000","p1":"643","p2":"643","p3":"643","p4":"643","p5":"643","p6":"643","p7":"0.2","p8":"0.1","p9":"0.1","p10":"0.1"},{"greatRealm":5,"smallRealm":4,"successRate":0.75,"rCount":1,"consumeMaterial":"化神丹*1","consumeXw":"10400","consumeUpgrade":"7800","p1":"658","p2":"658","p3":"658","p4":"658","p5":"658","p6":"658","p7":"0.2","p8":"0.1","p9":"0.1","p10":"0.1"},{"greatRealm":5,"smallRealm":5,"successRate":0.75,"rCount":1,"consumeMaterial":"化神丹*1","consumeXw":"11600","consumeUpgrade":"8700","p1":"673","p2":"673","p3":"673","p4":"673","p5":"673","p6":"673","p7":"0.2","p8":"0.1","p9":"0.1","p10":"0.1"},{"greatRealm":5,"smallRealm":6,"successRate":0.75,"rCount":1,"consumeMaterial":"化神丹*1","consumeXw":"12667","consumeUpgrade":"9500","p1":"688","p2":"688","p3":"688","p4":"688","p5":"688","p6":"688","p7":"0.2","p8":"0.1","p9":"0.1","p10":"0.1"},{"greatRealm":5,"smallRealm":7,"successRate":0.2,"rCount":1,"consumeMaterial":"合体丹*1","consumeXw":"26500","consumeUpgrade":"5300","p1":"703","p2":"703","p3":"703","p4":"703","p5":"703","p6":"703","p7":"0.2","p8":"0.1","p9":"0.1","p10":"0.1"},{"greatRealm":6,"smallRealm":1,"successRate":0.7,"rCount":1,"consumeMaterial":"无","consumeXw":"16572","consumeUpgrade":"11600","p1":"841","p2":"841","p3":"841","p4":"841","p5":"841","p6":"841","p7":"0.2","p8":"0.1","p9":"0.1","p10":"0.1"},{"greatRealm":6,"smallRealm":2,"successRate":0.7,"rCount":1,"consumeMaterial":"无","consumeXw":"18000","consumeUpgrade":"12600","p1":"859","p2":"859","p3":"859","p4":"859","p5":"859","p6":"859","p7":"0.2","p8":"0.1","p9":"0.1","p10":"0.1"},{"greatRealm":6,"smallRealm":3,"successRate":0.7,"rCount":1,"consumeMaterial":"无","consumeXw":"19572","consumeUpgrade":"13700","p1":"877","p2":"877","p3":"877","p4":"877","p5":"877","p6":"877","p7":"0.2","p8":"0.1","p9":"0.1","p10":"0.1"},{"greatRealm":6,"smallRealm":4,"successRate":0.7,"rCount":1,"consumeMaterial":"无","consumeXw":"21000","consumeUpgrade":"14700","p1":"895","p2":"895","p3":"895","p4":"895","p5":"895","p6":"895","p7":"0.2","p8":"0.1","p9":"0.1","p10":"0.1"},{"greatRealm":6,"smallRealm":5,"successRate":0.7,"rCount":1,"consumeMaterial":"合体丹*1","consumeXw":"22572","consumeUpgrade":"15800","p1":"913","p2":"913","p3":"913","p4":"913","p5":"913","p6":"913","p7":"0.2","p8":"0.1","p9":"0.1","p10":"0.1"},{"greatRealm":6,"smallRealm":6,"successRate":0.7,"rCount":1,"consumeMaterial":"合体丹*1","consumeXw":"24000","consumeUpgrade":"16800","p1":"931","p2":"931","p3":"931","p4":"931","p5":"931","p6":"931","p7":"0.2","p8":"0.1","p9":"0.1","p10":"0.1"},{"greatRealm":6,"smallRealm":7,"successRate":0.7,"rCount":1,"consumeMaterial":"合体丹*1","consumeXw":"25572","consumeUpgrade":"17900","p1":"949","p2":"949","p3":"949","p4":"949","p5":"949","p6":"949","p7":"0.2","p8":"0.1","p9":"0.1","p10":"0.1"},{"greatRealm":6,"smallRealm":8,"successRate":0.7,"rCount":1,"consumeMaterial":"合体丹*1","consumeXw":"27000","consumeUpgrade":"18900","p1":"967","p2":"967","p3":"967","p4":"967","p5":"967","p6":"967","p7":"0.2","p8":"0.1","p9":"0.1","p10":"0.1"},{"greatRealm":6,"smallRealm":9,"successRate":0.7,"rCount":1,"consumeMaterial":"合体丹*1","consumeXw":"28572","consumeUpgrade":"20000","p1":"985","p2":"985","p3":"985","p4":"985","p5":"985","p6":"985","p7":"0.2","p8":"0.1","p9":"0.1","p10":"0.1"},{"greatRealm":6,"smallRealm":10,"successRate":0.7,"rCount":1,"consumeMaterial":"合体丹*1","consumeXw":"30000","consumeUpgrade":"21000","p1":"1003","p2":"1003","p3":"1003","p4":"1003","p5":"1003","p6":"1003","p7":"0.2","p8":"0.1","p9":"0.1","p10":"0.1"},{"greatRealm":6,"smallRealm":11,"successRate":0.7,"rCount":1,"consumeMaterial":"合体丹*1","consumeXw":"31572","consumeUpgrade":"22100","p1":"1021","p2":"1021","p3":"1021","p4":"1021","p5":"1021","p6":"1021","p7":"0.2","p8":"0.1","p9":"0.1","p10":"0.1"},{"greatRealm":6,"smallRealm":12,"successRate":0.18,"rCount":1,"consumeMaterial":"渡劫丹*1","consumeXw":"44445","consumeUpgrade":"8000","p1":"1039","p2":"1039","p3":"1039","p4":"1039","p5":"1039","p6":"1039","p7":"0.2","p8":"0.1","p9":"0.1","p10":"0.1"},{"greatRealm":7,"smallRealm":1,"successRate":0.65,"rCount":1,"consumeMaterial":"无","consumeXw":"33847","consumeUpgrade":"22000","p1":"1200","p2":"1200","p3":"1200","p4":"1200","p5":"1200","p6":"1200","p7":"0.2","p8":"0.1","p9":"0.1","p10":"0.1"},{"greatRealm":7,"smallRealm":2,"successRate":0.65,"rCount":1,"consumeMaterial":"无","consumeXw":"36154","consumeUpgrade":"23500","p1":"1221","p2":"1221","p3":"1221","p4":"1221","p5":"1221","p6":"1221","p7":"0.2","p8":"0.1","p9":"0.1","p10":"0.1"},{"greatRealm":7,"smallRealm":3,"successRate":0.65,"rCount":1,"consumeMaterial":"渡劫丹*1","consumeXw":"38462","consumeUpgrade":"25000","p1":"1242","p2":"1242","p3":"1242","p4":"1242","p5":"1242","p6":"1242","p7":"0.2","p8":"0.1","p9":"0.1","p10":"0.1"},{"greatRealm":7,"smallRealm":4,"successRate":0.65,"rCount":1,"consumeMaterial":"渡劫丹*1","consumeXw":"40770","consumeUpgrade":"26500","p1":"1263","p2":"1263","p3":"1263","p4":"1263","p5":"1263","p6":"1263","p7":"0.2","p8":"0.1","p9":"0.1","p10":"0.1"},{"greatRealm":7,"smallRealm":5,"successRate":0.65,"rCount":1,"consumeMaterial":"渡劫丹*1","consumeXw":"43077","consumeUpgrade":"28000","p1":"1284","p2":"1284","p3":"1284","p4":"1284","p5":"1284","p6":"1284","p7":"0.2","p8":"0.1","p9":"0.1","p10":"0.1"},{"greatRealm":7,"smallRealm":6,"successRate":0.65,"rCount":1,"consumeMaterial":"渡劫丹*1","consumeXw":"45385","consumeUpgrade":"29500","p1":"1305","p2":"1305","p3":"1305","p4":"1305","p5":"1305","p6":"1305","p7":"0.2","p8":"0.1","p9":"0.1","p10":"0.1"},{"greatRealm":7,"smallRealm":7,"successRate":0.65,"rCount":1,"consumeMaterial":"渡劫丹*1","consumeXw":"47693","consumeUpgrade":"31000","p1":"1326","p2":"1326","p3":"1326","p4":"1326","p5":"1326","p6":"1326","p7":"0.2","p8":"0.1","p9":"0.1","p10":"0.1"},{"greatRealm":7,"smallRealm":8,"successRate":0.65,"rCount":1,"consumeMaterial":"渡劫丹*1","consumeXw":"50000","consumeUpgrade":"32500","p1":"1347","p2":"1347","p3":"1347","p4":"1347","p5":"1347","p6":"1347","p7":"0.2","p8":"0.1","p9":"0.1","p10":"0.1"},{"greatRealm":7,"smallRealm":9,"successRate":null,"rCount":1,"consumeMaterial":"不可升级","consumeXw":"总约2倍","consumeUpgrade":"不可升级","p1":"1368","p2":"1368","p3":"1368","p4":"1368","p5":"1368","p6":"1368","p7":"0.2","p8":"0.1","p9":"0.1","p10":"0.1"}]