[{"type":1,"id":10001,"name":"仙石","quality":3,"gainWay":"充值，每日签到，地图中","effectDescription":"各种玩法中消耗，下限为0","materialDescription":"充满仙灵之气的特殊石头，价值不菲"},{"type":1,"id":10002,"name":"灵石","quality":1,"gainWay":"地图中获得，出售物品，灵园产出","effectDescription":"各种玩法中消耗，下限为0","materialDescription":"蕴含灵气的石头，是修真界主要的货币之一"},{"type":1,"id":10003,"name":"木材","quality":1,"gainWay":"地图中获得，灵园产出","effectDescription":"各种玩法中消耗，下限为0","materialDescription":"用于建筑升级的木头，材质坚硬"},{"type":1,"id":10004,"name":"矿石","quality":1,"gainWay":"地图中获得，灵园产出","effectDescription":"各种玩法中消耗，下限为0","materialDescription":"用于辅助锻造的基础矿石，锻造时需要消耗"},{"type":1,"id":10005,"name":"灵草","quality":1,"gainWay":"地图中获得，灵园产出","effectDescription":"各种玩法中消耗，下限为0","materialDescription":"用于辅助炼丹的基础灵草，炼丹时需要消耗"},{"type":1,"id":10006,"name":"灵粮","quality":1,"gainWay":"地图中获得，灵园产出","effectDescription":"各种玩法中消耗，下限为0","materialDescription":"进行历练时需要消耗的食物，也是招收仆役必要的物品"},{"type":1,"id":10007,"name":"修为","quality":1,"gainWay":"战斗获胜获得，其他途径","effectDescription":"各种玩法中消耗，下限为0","materialDescription":"进行突破时需要消耗的物品"},{"type":1,"id":10008,"name":"天道积分","quality":3,"gainWay":"招募门人可以获得","effectDescription":"天道恩赐中消耗，下限为0","materialDescription":"进行天道恩赐时消耗的物品"},{"type":1,"id":10009,"name":"帝尊王气","quality":4,"gainWay":"跨服pk帝尊之战中获得","effectDescription":"帝尊古楼中消耗，下限为0","materialDescription":"在帝尊古楼中兑换物品时消耗"},{"type":1,"id":10010,"name":"圣阁残晶","quality":4,"gainWay":"本服世界boss排名获得","effectDescription":"古圣阁中消耗，下限为0","materialDescription":"在古圣阁中兑换物品时消耗"},{"type":2,"id":20001,"name":"铁矿","quality":1,"gainWay":"宗门山下，饿狼，野狗掉落，山洞拾取，森林小镇嚣张修真者，寂夜森林游地鼠掉落","effectDescription":"可以进行装备锻造","materialDescription":"蕴含精铁的矿石，很是普遍，可以用作法器品质武器的锻造"},{"type":2,"id":20002,"name":"野狼兽齿","quality":1,"gainWay":"宗门山下，野狼，寂夜森林草狼，腐食狼，黑狼掉落，商店购买","effectDescription":"可以进行装备锻造","materialDescription":"野狼的锋利牙齿，较为普遍，可以用作法器品质武器的锻造"},{"type":2,"id":20003,"name":"硬皮毛","quality":1,"gainWay":"宗门山下，狈，野狐，小魂狐掉落，商店购买","effectDescription":"可以进行装备锻造","materialDescription":"野兽的硬质皮毛，很是普遍，可以用作法器品质衣服的锻造"},{"type":2,"id":20004,"name":"硬灵木","quality":1,"gainWay":"森林小镇，暗雷怪物掉落，商店购买","effectDescription":"可以进行装备锻造","materialDescription":"质地坚硬的略带灵气的木头，很是普遍，可以用作法器品质武器的锻造"},{"type":2,"id":20005,"name":"残魂晶石","quality":1,"gainWay":"宗门山下，猛虎，寂夜森林移魂兽，噬魂貘掉落，商店购买","effectDescription":"可以进行装备锻造","materialDescription":"吸收了一丝残破灵魂的晶石，较为普遍，可以用作法器品质武器的锻造"},{"type":2,"id":20006,"name":"灵丝","quality":1,"gainWay":"森林小镇，嚣张修真者掉落，商店购买","effectDescription":"可以进行装备锻造","materialDescription":"白灵蚕所结的长丝，蕴含灵力，，较为普遍，可以用作法器品质衣服的锻造"},{"type":2,"id":20007,"name":"火云母","quality":1,"gainWay":"森林小镇，嚣张修真者掉落，商店购买","effectDescription":"可以进行装备锻造","materialDescription":"表面浮现出火云纹路的特别云母，较为少见，可以用作法器级别衣服的锻造"},{"type":2,"id":20008,"name":"血精碎","quality":1,"gainWay":"寂夜森林红蝎子，商店购买","effectDescription":"可以进行装备锻造","materialDescription":"修炼血魔道之人，体内凝聚血精的碎片，较为普遍，可以用作法器品质武器的锻造"},{"type":2,"id":20008,"name":"魂狐皮","quality":1,"gainWay":"寂夜森林三尾魂狐，前往渊明城，地图行脚商，商店购买","effectDescription":"可以进行装备锻造","materialDescription":"妖兽三尾魂狐身上的毛皮，是锻造法器级别衣服的一种较高价值材料"},{"type":2,"id":20009,"name":"锐金石","quality":1,"gainWay":"寂夜森林金光狼，前往渊明城，地图行脚商，商店购买","effectDescription":"可以进行装备锻造","materialDescription":"妖兽金光狼体内所凝结的晶石，是锻造法器级别武器的一种较高价值材料"},{"type":2,"id":20010,"name":"催灵粉","quality":1,"gainWay":"地图中获得，前往渊明城，地图行脚商，商店购买","effectDescription":"可以进行装备锻造","materialDescription":"一种特殊石头上弄下来的粉末，可以加速修真者体内灵力，是锻造法器级别武器的一种较高价值材料"},{"type":2,"id":20011,"name":"百锻钢","quality":1,"gainWay":"地图中获得，前往渊明城，地图行脚商，商店购买","effectDescription":"可以进行装备锻造","materialDescription":"经过百次地火锻打的上等钢，是锻造法器级别武器的一种较高价值材料"},{"type":2,"id":20100,"name":"精铁矿","quality":2,"gainWay":"前往渊明城，暗雷掉落，夜狼，岩穿山甲，小碧尾狐掉落商店购买","effectDescription":"可以进行装备锻造","materialDescription":"比一般铁矿品质更高的铁矿石，由于受到灵气长期蕴养，因此韧性跟可塑性更强，是锻造灵器级别武器的材料之一，价值不低"},{"type":2,"id":20101,"name":"灵元晶","quality":2,"gainWay":"前往渊明城，穿山甲王，碧火狐掉落，地图行脚商，商店购买","effectDescription":"可以进行装备锻造","materialDescription":"充满灵元之气的晶石，非常罕见，是锻造灵器级别武器跟装备的材料之一"},{"type":2,"id":20102,"name":"魔元晶","quality":2,"gainWay":"前往渊明城，夜狼王，碧火狐掉落，地图行脚商，商店购买","effectDescription":"可以进行装备锻造","materialDescription":"充满魔元之气的晶石，非常罕见，是锻造灵器级别武器跟装备的材料之一"},{"type":2,"id":20103,"name":"金曜石","quality":2,"gainWay":"狐栖谷，金锋狐，古渊黑市，黑市小弟掉落，商店购买","effectDescription":"可以进行装备锻造","materialDescription":"蕴含灵气的金相矿石，是锻造灵器级别武器跟装备的材料之一"},{"type":2,"id":20104,"name":"青曜石","quality":2,"gainWay":"狐栖谷，灵动狐，古渊黑市，黑市混混掉落，商店购买","effectDescription":"可以进行装备锻造","materialDescription":"蕴含灵气的木相矿石，是锻造灵器级别武器跟装备的材料之一"},{"type":2,"id":20105,"name":"水灵石","quality":2,"gainWay":"狐栖谷，魂生狐，前往渊明城，幽魂，阴灵，怨恨阴灵，商店购买","effectDescription":"可以进行装备锻造","materialDescription":"蕴含灵气的水相矿石，是锻造灵器级别武器跟装备的材料之一"},{"type":2,"id":20106,"name":"炙炎石","quality":2,"gainWay":"狐栖谷，紫火狐，古渊黑市，黑市混混掉落，商店购买","effectDescription":"可以进行装备锻造","materialDescription":"蕴含灵气的火相矿石，是锻造灵器级别武器跟装备的材料之一"},{"type":2,"id":20107,"name":"黑曜石","quality":2,"gainWay":"狐栖谷，地灵狐，前往渊明城，土灵蛇，石化蝎，利爪龟掉落，古渊黑市，黑市小弟掉落，商店购买","effectDescription":"可以进行装备锻造","materialDescription":"蕴含灵气的土相矿石，是锻造灵器级别武器跟装备的材料之一"},{"type":2,"id":20108,"name":"风结丝","quality":2,"gainWay":"古渊黑市，黑市流氓掉落，商店购买","effectDescription":"可以进行装备锻造","materialDescription":"蕴含灵气的风相柔丝，是锻造灵器级别武器跟装备的材料之一"},{"type":2,"id":20109,"name":"小雷石","quality":2,"gainWay":"古渊黑市，黑市恶霸掉落，商店购买","effectDescription":"可以进行装备锻造","materialDescription":"蕴含灵气的雷相矿石，是锻造灵器级别武器跟装备的材料之一"},{"type":2,"id":20110,"name":"生息果","quality":2,"gainWay":"地图中获得，商店购买","effectDescription":"可以进行装备锻造","materialDescription":"一种神奇的果子，蕴含生相，非常少见，是锻造灵器级别武器跟装备的材料之一"},{"type":2,"id":20111,"name":"死冥土","quality":2,"gainWay":"地图中获得，商店购买","effectDescription":"可以进行装备锻造","materialDescription":"充满了死亡气息的泥土，蕴含死相，非常少见，是锻造灵器级别武器跟装备的材料之一"},{"type":2,"id":20112,"name":"小宇石","quality":2,"gainWay":"地图中获得，商店购买","effectDescription":"可以进行装备锻造","materialDescription":"带有一丝宇相气息的石头，非常少见，是锻造灵器级别武器跟装备的材料之一"},{"type":2,"id":20113,"name":"宙息粉","quality":2,"gainWay":"地图中获得，商店购买","effectDescription":"可以进行装备锻造","materialDescription":"带有一丝宙相气息的粉末，非常少见，是锻造灵器级别武器跟装备的材料之一"},{"type":2,"id":20114,"name":"灵铁矿","quality":3,"gainWay":"地图中获得，商店购买","effectDescription":"可以进行装备锻造","materialDescription":"铁矿中蕴含大量灵气，已经彻底改变了原本铁的属性，是锻造法宝级武器跟装备的基础材料"},{"type":2,"id":20115,"name":"灵炼金曜石","quality":3,"gainWay":"地图中获得，商店购买","effectDescription":"可以进行装备锻造","materialDescription":"将金曜石通过灵炼手法提纯后的材料，金相属性较为突出，是锻造法宝级别武器跟装备的材料之一"},{"type":2,"id":20116,"name":"灵炼青曜石","quality":3,"gainWay":"地图中获得，商店购买","effectDescription":"可以进行装备锻造","materialDescription":"将青曜石通过灵炼手法提纯后的材料，木相属性较为突出，是锻造法宝级别武器跟装备的材料之一"},{"type":2,"id":20117,"name":"灵炼水灵石","quality":3,"gainWay":"地图中获得，商店购买","effectDescription":"可以进行装备锻造","materialDescription":"将水灵石通过灵炼手法提纯后的材料，水相属性较为突出，是锻造法宝级别武器跟装备的材料之一"},{"type":2,"id":20118,"name":"灵炼炙炎石","quality":3,"gainWay":"地图中获得，商店购买","effectDescription":"可以进行装备锻造","materialDescription":"将炙炎石通过灵炼手法提纯后的材料，火相属性较为突出，是锻造法宝级别武器跟装备的材料之一"},{"type":2,"id":20119,"name":"灵炼黑曜石","quality":3,"gainWay":"地图中获得，商店购买","effectDescription":"可以进行装备锻造","materialDescription":"将黑曜石通过灵炼手法提纯后的材料，土相属性较为突出，是锻造法宝级别武器跟装备的材料之一"},{"type":2,"id":20120,"name":"凝风丝","quality":3,"gainWay":"地图中获得，商店购买","effectDescription":"可以进行装备锻造","materialDescription":"将风结丝通过灵炼手法提纯后的材料，风相属性较为突出，是锻造法宝级别武器跟装备的材料之一"},{"type":2,"id":20121,"name":"灵炼小雷石","quality":3,"gainWay":"地图中获得，商店购买","effectDescription":"可以进行装备锻造","materialDescription":"将小雷石通过灵炼手法提纯后的材料，雷相属性较为突出，是锻造法宝级别武器跟装备的材料之一"},{"type":2,"id":20122,"name":"生机果","quality":3,"gainWay":"地图中获得，商店购买","effectDescription":"可以进行装备锻造","materialDescription":"一种神奇的果子，蕴含较强的生相属性，极其罕见，是锻造法宝级别武器跟装备的材料之一"},{"type":2,"id":20123,"name":"灵炼死冥土","quality":3,"gainWay":"地图中获得，商店购买","effectDescription":"可以进行装备锻造","materialDescription":"将死冥土通过灵炼手法提纯后的材料，死相属性较为突出，极其罕见，是锻造法宝级别武器跟装备的材料之一"},{"type":2,"id":20124,"name":"灵炼小宇石","quality":3,"gainWay":"地图中获得，商店购买","effectDescription":"可以进行装备锻造","materialDescription":"将小宇石通过灵炼手法提纯后的材料，宇相属性较为突出，极其罕见，是锻造法宝级别武器跟装备的材料之一"},{"type":2,"id":20125,"name":"灵炼宙息粉","quality":3,"gainWay":"地图中获得，商店购买","effectDescription":"可以进行装备锻造","materialDescription":"将宙息粉通过灵炼手法提纯后的材料，宙相属性较为突出，极其罕见，是锻造法宝级别武器跟装备的材料之一"},{"type":2,"id":20126,"name":"灵炼灵元晶","quality":3,"gainWay":"地图中获得，商店购买","effectDescription":"可以进行装备锻造","materialDescription":"将灵元晶通过灵炼手法提纯后的材料，极其罕见，是锻造法宝级别武器跟装备的材料之一"},{"type":2,"id":20127,"name":"灵炼魔元晶","quality":3,"gainWay":"地图中获得，商店购买","effectDescription":"可以进行装备锻造","materialDescription":"将魔元净通过灵炼手法提纯后的材料，极其罕见，是锻造法宝级别武器跟装备的材料之一"},{"type":2,"id":20128,"name":"极灵铁矿","quality":4,"gainWay":"地图中获得，商店购买","effectDescription":"可以进行装备锻造","materialDescription":"铁矿中的灵力已经达到了极致，此时的铁矿，是锻造灵宝级别武器装备的绝佳材料"},{"type":2,"id":20129,"name":"金曜石•极灵","quality":4,"gainWay":"地图中获得，商店购买","effectDescription":"可以进行装备锻造","materialDescription":"将灵炼过的金曜石以特殊手法再次炼制，使得其性质发生巨大变化，是锻造灵宝级别武器装备的绝佳材料"},{"type":2,"id":20130,"name":"青曜石•极灵","quality":4,"gainWay":"地图中获得，商店购买","effectDescription":"可以进行装备锻造","materialDescription":"将灵炼过的青曜石以特殊手法再次炼制，使得其性质发生巨大变化，是锻造灵宝级别武器装备的绝佳材料"},{"type":2,"id":20131,"name":"水灵石•极灵","quality":4,"gainWay":"地图中获得，商店购买","effectDescription":"可以进行装备锻造","materialDescription":"将灵炼过的水灵石以特殊手法再次炼制，使得其性质发生巨大变化，是锻造灵宝级别武器装备的绝佳材料"},{"type":2,"id":20132,"name":"炙炎石•极灵","quality":4,"gainWay":"地图中获得，商店购买","effectDescription":"可以进行装备锻造","materialDescription":"将灵炼过的炙炎石以特殊手法再次炼制，使得其性质发生巨大变化，是锻造灵宝级别武器装备的绝佳材料"},{"type":2,"id":20133,"name":"黑曜石•极灵","quality":4,"gainWay":"地图中获得，商店购买","effectDescription":"可以进行装备锻造","materialDescription":"将灵炼过的黑曜石以特殊手法再次炼制，使得其性质发生巨大变化，是锻造灵宝级别武器装备的绝佳材料"},{"type":2,"id":20134,"name":"风结丝•极灵","quality":4,"gainWay":"地图中获得，商店购买","effectDescription":"可以进行装备锻造","materialDescription":"将灵炼过的风结丝以特殊手法再次炼制，使得其性质发生巨大变化，是锻造灵宝级别武器装备的绝佳材料"},{"type":2,"id":20135,"name":"小雷石•极灵","quality":4,"gainWay":"地图中获得，商店购买","effectDescription":"可以进行装备锻造","materialDescription":"将灵炼过的小雷石以特殊手法再次炼制，使得其性质发生巨大变化，是锻造灵宝级别武器装备的绝佳材料"},{"type":2,"id":20136,"name":"生息果•极灵","quality":4,"gainWay":"地图中获得，商店购买","effectDescription":"可以进行装备锻造","materialDescription":"将灵炼过的生息果以特殊手法再次炼制，使得其性质发生巨大变化，是锻造灵宝级别武器装备的绝佳材料"},{"type":2,"id":20137,"name":"死冥土•极灵","quality":4,"gainWay":"地图中获得，商店购买","effectDescription":"可以进行装备锻造","materialDescription":"将灵炼过的死冥土以特殊手法再次炼制，使得其性质发生巨大变化，是锻造灵宝级别武器装备的绝佳材料"},{"type":2,"id":20138,"name":"小宇石•极灵","quality":4,"gainWay":"地图中获得，商店购买","effectDescription":"可以进行装备锻造","materialDescription":"将灵炼过的小宇石以特殊手法再次炼制，使得其性质发生巨大变化，是锻造灵宝级别武器装备的绝佳材料"},{"type":2,"id":20139,"name":"宙息粉•极灵","quality":4,"gainWay":"地图中获得，商店购买","effectDescription":"可以进行装备锻造","materialDescription":"将灵炼过的宙息粉以特殊手法再次炼制，使得其性质发生巨大变化，是锻造灵宝级别武器装备的绝佳材料"},{"type":2,"id":20140,"name":"灵元晶•极灵","quality":4,"gainWay":"地图中获得，商店购买","effectDescription":"可以进行装备锻造","materialDescription":"将灵炼过的灵元晶以特殊手法再次炼制，使得其性质发生巨大变化，是锻造灵宝级别武器装备的绝佳材料"},{"type":2,"id":20141,"name":"魔元晶•极灵","quality":4,"gainWay":"地图中获得，商店购买","effectDescription":"可以进行装备锻造","materialDescription":"将灵炼过的魔元晶以特殊手法再次炼制，使得其性质发生巨大变化，是锻造灵宝级别武器装备的绝佳材料"},{"type":2,"id":20142,"name":"仙灵铁矿","quality":5,"gainWay":"地图中获得，商店购买","effectDescription":"可以进行装备合成","materialDescription":"铁矿中的灵力已经转换成了仙灵力，此时的铁矿，是锻造仙器级别武器装备的绝佳材料"},{"type":2,"id":20143,"name":"金曜石•仙灵","quality":5,"gainWay":"地图中获得，商店购买","effectDescription":"可以进行装备合成","materialDescription":"内部蕴含大量仙灵力的金曜石，这种品质的材料，才有可能打造出仙器级别的武器装备"},{"type":2,"id":20144,"name":"青曜石•仙灵","quality":5,"gainWay":"地图中获得，商店购买","effectDescription":"可以进行装备合成","materialDescription":"内部蕴含大量仙灵力的青曜石，这种品质的材料，才有可能打造出仙器级别的武器装备"},{"type":2,"id":20145,"name":"水灵石•仙灵","quality":5,"gainWay":"地图中获得，商店购买","effectDescription":"可以进行装备合成","materialDescription":"内部蕴含大量仙灵力的水灵石，这种品质的材料，才有可能打造出仙器级别的武器装备"},{"type":2,"id":20146,"name":"炙炎石•仙灵","quality":5,"gainWay":"地图中获得，商店购买","effectDescription":"可以进行装备合成","materialDescription":"内部蕴含大量仙灵力的炙炎石，这种品质的材料，才有可能打造出仙器级别的武器装备"},{"type":2,"id":20147,"name":"黑曜石•仙灵","quality":5,"gainWay":"地图中获得，商店购买","effectDescription":"可以进行装备合成","materialDescription":"内部蕴含大量仙灵力的黑曜石，这种品质的材料，才有可能打造出仙器级别的武器装备"},{"type":2,"id":20148,"name":"风结丝•仙灵","quality":5,"gainWay":"地图中获得，商店购买","effectDescription":"可以进行装备合成","materialDescription":"内部蕴含大量仙灵力的风结丝，这种品质的材料，才有可能打造出仙器级别的武器装备"},{"type":2,"id":20149,"name":"小雷石•仙灵","quality":5,"gainWay":"地图中获得，商店购买","effectDescription":"可以进行装备合成","materialDescription":"内部蕴含大量仙灵力的小雷石，这种品质的材料，才有可能打造出仙器级别的武器装备"},{"type":2,"id":20150,"name":"生息果•仙灵","quality":5,"gainWay":"地图中获得，商店购买","effectDescription":"可以进行装备合成","materialDescription":"内部蕴含大量仙灵力的生息果，这种品质的材料，才有可能打造出仙器级别的武器装备"},{"type":2,"id":20151,"name":"死冥土•仙灵","quality":5,"gainWay":"地图中获得，商店购买","effectDescription":"可以进行装备合成","materialDescription":"内部蕴含大量仙灵力的死冥土，这种品质的材料，才有可能打造出仙器级别的武器装备"},{"type":2,"id":20152,"name":"小宇石•仙灵","quality":5,"gainWay":"地图中获得，商店购买","effectDescription":"可以进行装备合成","materialDescription":"内部蕴含大量仙灵力的小宇石，这种品质的材料，才有可能打造出仙器级别的武器装备"},{"type":2,"id":20153,"name":"宙息粉•仙灵","quality":5,"gainWay":"地图中获得，商店购买","effectDescription":"可以进行装备合成","materialDescription":"内部蕴含大量仙灵力的宙息粉，这种品质的材料，才有可能打造出仙器级别的武器装备"},{"type":2,"id":20154,"name":"灵元晶•仙灵","quality":5,"gainWay":"地图中获得，商店购买","effectDescription":"可以进行装备合成","materialDescription":"内部蕴含大量仙灵力的灵元晶，这种品质的材料，才有可能打造出仙器级别的武器装备"},{"type":2,"id":20155,"name":"魔元晶•仙灵","quality":5,"gainWay":"地图中获得，商店购买","effectDescription":"可以进行装备合成","materialDescription":"内部蕴含大量仙灵力的魔元晶，这种品质的材料，才有可能打造出仙器级别的武器装备"},{"type":3,"id":30001,"name":"蕴灵草","quality":1,"gainWay":"地图中获得，商店购买","effectDescription":"可以进行丹药炼制","materialDescription":"蕴含灵气的药草，较为普遍，可用作炼制筑基丹的基础材料之一"},{"type":3,"id":30002,"name":"集气草","quality":1,"gainWay":"地图中获得，商店购买","effectDescription":"可以进行丹药炼制","materialDescription":"一种特别的药草，修真者服用后，可使得体内灵力极速运转，是炼制筑基丹的基础材料之一"},{"type":3,"id":30003,"name":"冲灵液","quality":2,"gainWay":"地图中获得，商店购买","effectDescription":"可以进行丹药炼制","materialDescription":"在灵脉之地，经数十年凝聚出来的特殊液体，可用做凝金丹炼制的基础材料之一"},{"type":3,"id":30004,"name":"凝灵草","quality":2,"gainWay":"地图中获得，商店购买","effectDescription":"可以进行丹药炼制","materialDescription":"修真者服用凝灵草后，可使得体内灵力变得凝实，当然了，炼制成凝金丹，效果更佳"},{"type":3,"id":30005,"name":"化婴草","quality":2,"gainWay":"地图中获得，商店购买","effectDescription":"可以进行丹药炼制","materialDescription":"三十年成熟的药草，一旦成熟，会化作婴儿状，颇为神奇，是炼制元婴丹的材料之一"},{"type":3,"id":30006,"name":"灵窍花","quality":2,"gainWay":"地图中获得，商店购买","effectDescription":"可以进行丹药炼制","materialDescription":"较为罕见的药草，共七块花瓣，服用对应的花瓣，可增强对应窍穴的感应能力，是炼制元婴丹的材料之一"},{"type":3,"id":30007,"name":"碎婴草","quality":3,"gainWay":"地图中获得，商店购买","effectDescription":"可以进行丹药炼制","materialDescription":"元婴修士服用此草药，元婴必然破碎，然而，却是炼制化神丹的主要材料之一"},{"type":3,"id":30008,"name":"凝魂果","quality":3,"gainWay":"地图中获得，商店购买","effectDescription":"可以进行丹药炼制","materialDescription":"可以凝实修真者神魂的神奇果子，是炼制化神丹的主要材料之一"},{"type":3,"id":30009,"name":"融魂果","quality":3,"gainWay":"地图中获得，商店购买","effectDescription":"可以进行丹药炼制","materialDescription":"使得合体境修真者神魂与肉身更为契合的神奇果子，是炼制合体丹的主要材料之一"},{"type":3,"id":30010,"name":"合魂花","quality":3,"gainWay":"地图中获得，商店购买","effectDescription":"可以进行丹药炼制","materialDescription":"服用后，可以加速融合修真者天地人三魂，是炼制合体丹的主要材料之一"},{"type":3,"id":30101,"name":"气灵花","quality":1,"gainWay":"地图中获得，商店购买","effectDescription":"可以进行丹药炼制","materialDescription":"一种特别的药草，外表跟一般花朵无二，然而一旦修士触碰，会当场气化，因此这种药草需要凡人采摘，是炼制初命丹的材料之一"},{"type":3,"id":30102,"name":"小道果","quality":1,"gainWay":"地图中获得，商店购买","effectDescription":"可以进行丹药炼制","materialDescription":"传闻中蕴含一丝道意的果子，虽然其中的道意可以忽略不计，对高等级修士几乎无用，却也非常罕见，是炼制初命丹的材料之一"},{"type":3,"id":30103,"name":"鬼骨","quality":2,"gainWay":"地图中获得，商店购买","effectDescription":"可以进行丹药炼制","materialDescription":"以三阴之日出生修士的尸骸为基础，用特定手法提取成的特殊材料，是炼制窥命丹的材料之一"},{"type":3,"id":30104,"name":"死灵晶","quality":2,"gainWay":"地图中获得，商店购买","effectDescription":"可以进行丹药炼制","materialDescription":"大型坟场或尸聚集之地，在阴魂特殊环境下，会形成这种罕见的晶体，是炼制窥命丹的材料之一"},{"type":3,"id":30105,"name":"功德花","quality":3,"gainWay":"地图中获得，商店购买","effectDescription":"可以进行丹药炼制"},{"type":3,"id":30106,"name":"金树粉","quality":3,"gainWay":"地图中获得，商店购买","effectDescription":"可以进行丹药炼制"},{"type":3,"id":30107,"name":"菩提汁","quality":4,"gainWay":"地图中获得，商店购买","effectDescription":"可以进行丹药炼制"},{"type":3,"id":30108,"name":"金刚果","quality":4,"gainWay":"地图中获得，商店购买","effectDescription":"可以进行丹药炼制"},{"type":4,"id":40001,"name":"小顿悟果","quality":2,"gainWay":"地图中获得，商店购买","effectDescription":"可以进行技能提升","materialDescription":"蕴含了天地道则碎片的奇特果子，可以辅助修真者感悟功法"},{"type":4,"id":40010,"name":"灵基石","quality":1,"gainWay":"地图中获得，商店购买","effectDescription":"进行建筑升级时必备材料","materialDescription":"充满灵气的石头，外表呈湛蓝色，仔细辨认下，可以看到，石头表面的淡绿色纹路，在每时每刻，以极其缓慢的速度转变着。这种灵基石，是用来提升门派建筑的基石，没有的话，想要将门派建筑提升到黄级品质，那就太难了"},{"type":4,"id":40011,"name":"镜月云萝木","quality":2,"gainWay":"地图中获得，商店购买","effectDescription":"进行建筑升级时必备材料","materialDescription":"云萝有木，月下无形。在月光的照射下，这种树木会由实转虚，看得见，摸不着，如镜花水月一般，因此得名。这种木材甚少见，栽种也没规律，只是在众多普通的云萝木中随机产生，因此在市面上价格不低。虽然用处不大，但是想要将门派建筑提升至玄级，此木头必不可少"},{"type":4,"id":40012,"name":"缺月灵陨木","quality":3,"gainWay":"地图中获得，商店购买","effectDescription":"进行建筑升级时必备材料","materialDescription":"月缺无形，灵木落泪。在天元大陆西北之地，有一种神奇的树木，一旦出现月缺，则整颗树都会枯萎，此时，树身会出现一块指甲般大小的晶体，此晶体蕴含月华之精，可用来炼制各种修真器具。当然了，这种神奇木头更大的作用，则是将门派建筑提升至地级，掺入此木头的门派建筑，会自动吸收月华之力，另有妙用"},{"type":4,"id":40013,"name":"玄阴天德土","quality":3,"gainWay":"地图中获得，商店购买","effectDescription":"进行建筑升级时必备材料","materialDescription":"有传言，在幽冥之地，玄阴天时，将拥有大功德之人击杀，使其鲜血流入阴土中，再以秘法鬼火祭炼七七四十九个小周天，就可形成玄阴天德土。此土甚是难得，加上获取方法过于残忍，因此市面上一直是有价无市。想要将门派建筑提升至天级，此土作为根基，非常合适"},{"type":4,"id":40014,"name":"辰火月明土","quality":4,"gainWay":"地图中获得，商店购买","effectDescription":"进行建筑升级时必备材料","materialDescription":"辰火为天地奇火之一，难得一见，需在三生炎中，以肉身抗衡煅烧之力十二周天才可获取，月明则是一种特殊现象，二十四年只会出现一个时辰，在月明之时，以辰火焚七十二头元婴妖兽至灰烬，将灰烬洒落到成羽土中，并以阵法封印，十年后开封，即可获得三两辰火月明土。想要把门派建筑提升至圣级，此土必不可少"},{"type":4,"id":40015,"name":"残阳天叶水","quality":4,"gainWay":"地图中获得，商店购买","effectDescription":"进行建筑升级时必备材料","materialDescription":"日落黄昏时，残阳一紫气，此紫气蕴含极阳之力，若有灵树恰巧吸收此紫气，则所有树叶皆化为水，悬浮在半空中，这些水，就是残阳天叶水。这残阳天叶水温度极高，需以特定器皿盛放，否则，即便元婴境修士触之，也会被焚烧殆尽。将门派建筑提升至仙级时，掺入残阳天叶水，可完美融合其他材料"},{"type":4,"id":40016,"name":"化意地无水","quality":5,"gainWay":"地图中获得，商店购买","effectDescription":"进行建筑升级时必备材料","materialDescription":"此水出现于幽冥修罗之地，修真者饮用后，意志坚定者可摒弃一切杂念，感悟天地的速度瞬间暴涨百倍，然而，意志不坚定者，意念化虚，从此成为无念无欲之活死人，一念仙界，一念幽冥，正是此水的作用。提升门派建筑至大罗级时，此材料必不可少"},{"type":4,"id":40017,"name":"净孽琉璃水","quality":5,"gainWay":"地图中获得，商店购买","effectDescription":"进行建筑升级时必备材料","materialDescription":"蜕凡地界的深处充满各种孽障污秽，然而，所谓物极必反，在汇聚了如此多负面能量的地方，却生长了一朵纯洁的琉璃花，每隔百年，花瓣上就会流出十三滴露珠，净化方圆千丈的孽障之力，此露珠，唤作净孽琉璃水。提升门派建筑至道级时，此材料必不可少"},{"type":4,"id":40018,"name":"光华骨璃竹","quality":6,"gainWay":"地图中获得，商店购买","effectDescription":"进行建筑升级时必备材料","materialDescription":"有一种竹子，浑身通透清澈，一根洁白如玉的骨头藏在竹子内部，随着竹子的生长一同生长。这种竹子唤作光华骨璃竹，整个修真界有历史以来，一共出现过七十三颗。想要把门派建筑提升至无源级，此材料必不可少"},{"type":4,"id":40021,"name":"五行灵结石","quality":1,"gainWay":"地图中获得，商店购买","effectDescription":"进行灵园升级时必备材料","materialDescription":"蕴含了圆润五行之力的灵结石，需在五行平衡之地，布下小周天五行阵法，再埋入数量庞大的各种属性灵结石，经过十八年的蕴养，每颗灵结石都有极低的几率蜕变成五行灵结石，是提升灵园生产效率的必备材料"},{"type":4,"id":40022,"name":"衡弥精母山","quality":2,"gainWay":"地图中获得，商店购买","effectDescription":"进行灵园升级时必备材料","materialDescription":"产于大陆极北之地，内蕴五行磁力，在其笼罩的范围内，一切五行灵力都将被自动调和到平衡的境地。将其融入到灵地当中，即可沟通门派灵地的五行属性，使其不断衍化，是提升灵园生产效率的必备材料"},{"type":4,"id":40023,"name":"洛元弥水","quality":3,"gainWay":"地图中获得，商店购买","effectDescription":"进行灵园升级时必备材料","materialDescription":"传闻中，海外之地有一条贯通海底的河流，叫洛元弥河，其中的河水非常奇特，蕴含浓郁的生命气息，是提升灵园生产效率的必备材料，极为难得"},{"type":4,"id":40024,"name":"冥界须弥河","quality":4,"gainWay":"地图中获得，商店购买","effectDescription":"进行灵园升级时必备材料","materialDescription":"九渊冥界，生人不可近，是一处极为凶险之地，而其中，拥有着海量的宝物，冥界须弥河就是其中之一。说是河，其实是河水的结晶，将一条须弥河经过百年提炼而得，是提升灵园生产效率的必备材料"},{"type":4,"id":40025,"name":"半绝息壤","quality":5,"gainWay":"地图中获得，商店购买","effectDescription":"进行灵园升级时必备材料","materialDescription":"真正的息壤堪称天地至宝，想要获得，实力跟运气必不可少。这半绝息壤，是上古大能仿照息壤而创造出来的，虽然比不上真正的息壤，但一小粒即可衍化出千丈肥沃土壤，其效果也是极其惊人。是提升灵园生产效率的必备材料"},{"type":4,"id":40026,"name":"后土一叶莲","quality":6,"gainWay":"地图中获得，商店购买","effectDescription":"进行灵园升级时必备材料","materialDescription":"传言生长在无涯境，后土之上，生长有奇特莲花，其茎上仅有一叶，可衍化出大道脉络。此莲万年长成，万年开花，万年结莲子，每次只结一颗莲子，珍稀程度，让所有通天大能趋之若鹜。将之融入灵园当中，可急剧提升灵园的生产效率"},{"type":4,"id":40027,"name":"息壤","quality":7,"gainWay":"地图中获得，商店购买","effectDescription":"进行灵园升级时必备材料","materialDescription":"真正的混沌至宝，一粒即可衍化出无尽土壤，堪称穷尽天地之奥妙。想要获得此宝，只有进入天墟，历经险阻方有机会，将其融入灵园当中，提升的生产效率，足以支撑宗门征战天墟"},{"type":4,"id":40028,"name":"残魂血佩","quality":3,"gainWay":"地图三，卜天志残魂获得","effectDescription":"特殊道具","materialDescription":"一块血红色的玉佩，似乎还能听到不甘心的咆哮声"},{"type":4,"id":40029,"name":"雷之虚相","quality":2,"gainWay":"地图四，击败雷兵获得","effectDescription":"特殊道具","materialDescription":"蕴含了一丝“雷”的气息，似乎可以通过它找到“雷”的所在"},{"type":4,"id":40030,"name":"黑天剑鞘（损）","quality":3,"gainWay":"地图四通关后，找狐暮寒可获得","effectDescription":"特殊道具","materialDescription":"方羽第一个弟子，黑天大帝的随身剑鞘，只不过如今已经破损"},{"type":4,"id":40031,"name":"王府令牌","quality":1,"gainWay":"暂无","effectDescription":"特殊道具","materialDescription":"古渊国王府的通行令牌"},{"type":4,"id":40032,"name":"灵秀玉佩","quality":1,"gainWay":"暂无","effectDescription":"特殊道具","materialDescription":"一块刻着“秀”字的玉佩，隐约记得古烈身上也有块一样的玉佩，只是上面刻的是“烈”字"},{"type":4,"id":40033,"name":"魔灵珠","quality":3,"gainWay":"渊明城，击败古渊国主可获得，其他途径","effectDescription":"特殊道具","materialDescription":"蕴含大量真魔气的珠子，魔人族特有物品"},{"type":4,"id":40034,"name":"帝源浆","quality":6,"gainWay":"挑战十天门后获得，其他活动，逐离弟子有一定几率获得，弟子资质越高，越容易获得","effectDescription":"特殊道具","materialDescription":"一种神奇的禁忌之物，可以从生命本源重塑生灵"},{"type":4,"id":40035,"name":"传承令","quality":3,"gainWay":"暂无","effectDescription":"特殊道具","materialDescription":"一种由修真联盟颁发的特殊令牌，三块就可以让修真者进行传承"},{"type":4,"id":40036,"name":"血符石•凡","quality":1,"gainWay":"地图中获得，商店出售","effectDescription":"装备镶嵌道具","materialDescription":"在特殊材料上，以芥子手法绘制阵法所形成的特殊物品，可提升修真装备威力"},{"type":4,"id":40037,"name":"血符石•黄","quality":2,"gainWay":"地图中获得，商店出售","effectDescription":"装备镶嵌道具","materialDescription":"在特殊材料上，以芥子手法绘制阵法所形成的特殊物品，可提升修真装备威力"},{"type":4,"id":40038,"name":"血符石•玄","quality":3,"gainWay":"地图中获得，商店出售","effectDescription":"装备镶嵌道具","materialDescription":"在特殊材料上，以芥子手法绘制阵法所形成的特殊物品，可提升修真装备威力"},{"type":4,"id":40039,"name":"血符石•地","quality":4,"gainWay":"地图中获得，商店出售","effectDescription":"装备镶嵌道具","materialDescription":"在特殊材料上，以芥子手法绘制阵法所形成的特殊物品，可提升修真装备威力"},{"type":4,"id":40040,"name":"血符石•天","quality":5,"gainWay":"地图中获得，商店出售","effectDescription":"装备镶嵌道具","materialDescription":"在特殊材料上，以芥子手法绘制阵法所形成的特殊物品，可提升修真装备威力"},{"type":4,"id":40041,"name":"血符石•圣","quality":6,"gainWay":"地图中获得，商店出售","effectDescription":"装备镶嵌道具","materialDescription":"在特殊材料上，以芥子手法绘制阵法所形成的特殊物品，可提升修真装备威力"},{"type":4,"id":40042,"name":"灵符石•凡","quality":1,"gainWay":"地图中获得，商店出售","effectDescription":"装备镶嵌道具","materialDescription":"在特殊材料上，以芥子手法绘制阵法所形成的特殊物品，可提升修真装备威力"},{"type":4,"id":40043,"name":"灵符石•黄","quality":2,"gainWay":"地图中获得，商店出售","effectDescription":"装备镶嵌道具","materialDescription":"在特殊材料上，以芥子手法绘制阵法所形成的特殊物品，可提升修真装备威力"},{"type":4,"id":40044,"name":"灵符石•玄","quality":3,"gainWay":"地图中获得，商店出售","effectDescription":"装备镶嵌道具","materialDescription":"在特殊材料上，以芥子手法绘制阵法所形成的特殊物品，可提升修真装备威力"},{"type":4,"id":40045,"name":"灵符石•地","quality":4,"gainWay":"地图中获得，商店出售","effectDescription":"装备镶嵌道具","materialDescription":"在特殊材料上，以芥子手法绘制阵法所形成的特殊物品，可提升修真装备威力"},{"type":4,"id":40046,"name":"灵符石•天","quality":5,"gainWay":"地图中获得，商店出售","effectDescription":"装备镶嵌道具","materialDescription":"在特殊材料上，以芥子手法绘制阵法所形成的特殊物品，可提升修真装备威力"},{"type":4,"id":40047,"name":"灵符石•圣","quality":6,"gainWay":"地图中获得，商店出售","effectDescription":"装备镶嵌道具","materialDescription":"在特殊材料上，以芥子手法绘制阵法所形成的特殊物品，可提升修真装备威力"},{"type":4,"id":40048,"name":"魂符石•凡","quality":1,"gainWay":"地图中获得，商店出售","effectDescription":"装备镶嵌道具","materialDescription":"在特殊材料上，以芥子手法绘制阵法所形成的特殊物品，可提升修真装备威力"},{"type":4,"id":40049,"name":"魂符石•黄","quality":2,"gainWay":"地图中获得，商店出售","effectDescription":"装备镶嵌道具","materialDescription":"在特殊材料上，以芥子手法绘制阵法所形成的特殊物品，可提升修真装备威力"},{"type":4,"id":40050,"name":"魂符石•玄","quality":3,"gainWay":"地图中获得，商店出售","effectDescription":"装备镶嵌道具","materialDescription":"在特殊材料上，以芥子手法绘制阵法所形成的特殊物品，可提升修真装备威力"},{"type":4,"id":40051,"name":"魂符石•地","quality":4,"gainWay":"地图中获得，商店出售","effectDescription":"装备镶嵌道具","materialDescription":"在特殊材料上，以芥子手法绘制阵法所形成的特殊物品，可提升修真装备威力"},{"type":4,"id":40052,"name":"魂符石•天","quality":5,"gainWay":"地图中获得，商店出售","effectDescription":"装备镶嵌道具","materialDescription":"在特殊材料上，以芥子手法绘制阵法所形成的特殊物品，可提升修真装备威力"},{"type":4,"id":40053,"name":"魂符石•圣","quality":6,"gainWay":"地图中获得，商店出售","effectDescription":"装备镶嵌道具","materialDescription":"在特殊材料上，以芥子手法绘制阵法所形成的特殊物品，可提升修真装备威力"},{"type":4,"id":40054,"name":"体符石•凡","quality":1,"gainWay":"地图中获得，商店出售","effectDescription":"装备镶嵌道具","materialDescription":"在特殊材料上，以芥子手法绘制阵法所形成的特殊物品，可提升修真装备威力"},{"type":4,"id":40055,"name":"体符石•黄","quality":2,"gainWay":"地图中获得，商店出售","effectDescription":"装备镶嵌道具","materialDescription":"在特殊材料上，以芥子手法绘制阵法所形成的特殊物品，可提升修真装备威力"},{"type":4,"id":40056,"name":"体符石•玄","quality":3,"gainWay":"地图中获得，商店出售","effectDescription":"装备镶嵌道具","materialDescription":"在特殊材料上，以芥子手法绘制阵法所形成的特殊物品，可提升修真装备威力"},{"type":4,"id":40057,"name":"体符石•地","quality":4,"gainWay":"地图中获得，商店出售","effectDescription":"装备镶嵌道具","materialDescription":"在特殊材料上，以芥子手法绘制阵法所形成的特殊物品，可提升修真装备威力"},{"type":4,"id":40058,"name":"体符石•天","quality":5,"gainWay":"地图中获得，商店出售","effectDescription":"装备镶嵌道具","materialDescription":"在特殊材料上，以芥子手法绘制阵法所形成的特殊物品，可提升修真装备威力"},{"type":4,"id":40059,"name":"体符石•圣","quality":6,"gainWay":"地图中获得，商店出售","effectDescription":"装备镶嵌道具","materialDescription":"在特殊材料上，以芥子手法绘制阵法所形成的特殊物品，可提升修真装备威力"},{"type":4,"id":40060,"name":"锐符石•凡","quality":1,"gainWay":"地图中获得，商店出售","effectDescription":"装备镶嵌道具","materialDescription":"在特殊材料上，以芥子手法绘制阵法所形成的特殊物品，可提升修真装备威力"},{"type":4,"id":40061,"name":"锐符石•黄","quality":2,"gainWay":"地图中获得，商店出售","effectDescription":"装备镶嵌道具","materialDescription":"在特殊材料上，以芥子手法绘制阵法所形成的特殊物品，可提升修真装备威力"},{"type":4,"id":40062,"name":"锐符石•玄","quality":3,"gainWay":"地图中获得，商店出售","effectDescription":"装备镶嵌道具","materialDescription":"在特殊材料上，以芥子手法绘制阵法所形成的特殊物品，可提升修真装备威力"},{"type":4,"id":40063,"name":"锐符石•地","quality":4,"gainWay":"地图中获得，商店出售","effectDescription":"装备镶嵌道具","materialDescription":"在特殊材料上，以芥子手法绘制阵法所形成的特殊物品，可提升修真装备威力"},{"type":4,"id":40064,"name":"锐符石•天","quality":5,"gainWay":"地图中获得，商店出售","effectDescription":"装备镶嵌道具","materialDescription":"在特殊材料上，以芥子手法绘制阵法所形成的特殊物品，可提升修真装备威力"},{"type":4,"id":40065,"name":"锐符石•圣","quality":6,"gainWay":"地图中获得，商店出售","effectDescription":"装备镶嵌道具","materialDescription":"在特殊材料上，以芥子手法绘制阵法所形成的特殊物品，可提升修真装备威力"},{"type":4,"id":40066,"name":"盾符石•凡","quality":1,"gainWay":"地图中获得，商店出售","effectDescription":"装备镶嵌道具","materialDescription":"在特殊材料上，以芥子手法绘制阵法所形成的特殊物品，可提升修真装备威力"},{"type":4,"id":40067,"name":"盾符石•黄","quality":2,"gainWay":"地图中获得，商店出售","effectDescription":"装备镶嵌道具","materialDescription":"在特殊材料上，以芥子手法绘制阵法所形成的特殊物品，可提升修真装备威力"},{"type":4,"id":40068,"name":"盾符石•玄","quality":3,"gainWay":"地图中获得，商店出售","effectDescription":"装备镶嵌道具","materialDescription":"在特殊材料上，以芥子手法绘制阵法所形成的特殊物品，可提升修真装备威力"},{"type":4,"id":40069,"name":"盾符石•地","quality":4,"gainWay":"地图中获得，商店出售","effectDescription":"装备镶嵌道具","materialDescription":"在特殊材料上，以芥子手法绘制阵法所形成的特殊物品，可提升修真装备威力"},{"type":4,"id":40070,"name":"盾符石•天","quality":5,"gainWay":"地图中获得，商店出售","effectDescription":"装备镶嵌道具","materialDescription":"在特殊材料上，以芥子手法绘制阵法所形成的特殊物品，可提升修真装备威力"},{"type":4,"id":40071,"name":"盾符石•圣","quality":6,"gainWay":"地图中获得，商店出售","effectDescription":"装备镶嵌道具","materialDescription":"在特殊材料上，以芥子手法绘制阵法所形成的特殊物品，可提升修真装备威力"},{"type":4,"id":40072,"name":"狂符石•凡","quality":1,"gainWay":"地图中获得，商店出售","effectDescription":"装备镶嵌道具","materialDescription":"在特殊材料上，以芥子手法绘制阵法所形成的特殊物品，可提升修真装备威力"},{"type":4,"id":40073,"name":"狂符石•黄","quality":2,"gainWay":"地图中获得，商店出售","effectDescription":"装备镶嵌道具","materialDescription":"在特殊材料上，以芥子手法绘制阵法所形成的特殊物品，可提升修真装备威力"},{"type":4,"id":40074,"name":"狂符石•玄","quality":3,"gainWay":"地图中获得，商店出售","effectDescription":"装备镶嵌道具","materialDescription":"在特殊材料上，以芥子手法绘制阵法所形成的特殊物品，可提升修真装备威力"},{"type":4,"id":40075,"name":"狂符石•地","quality":4,"gainWay":"地图中获得，商店出售","effectDescription":"装备镶嵌道具","materialDescription":"在特殊材料上，以芥子手法绘制阵法所形成的特殊物品，可提升修真装备威力"},{"type":4,"id":40076,"name":"狂符石•天","quality":5,"gainWay":"地图中获得，商店出售","effectDescription":"装备镶嵌道具","materialDescription":"在特殊材料上，以芥子手法绘制阵法所形成的特殊物品，可提升修真装备威力"},{"type":4,"id":40077,"name":"狂符石•圣","quality":6,"gainWay":"地图中获得，商店出售","effectDescription":"装备镶嵌道具","materialDescription":"在特殊材料上，以芥子手法绘制阵法所形成的特殊物品，可提升修真装备威力"},{"type":4,"id":40078,"name":"山符石•凡","quality":1,"gainWay":"地图中获得，商店出售","effectDescription":"装备镶嵌道具","materialDescription":"在特殊材料上，以芥子手法绘制阵法所形成的特殊物品，可提升修真装备威力"},{"type":4,"id":40079,"name":"山符石•黄","quality":2,"gainWay":"地图中获得，商店出售","effectDescription":"装备镶嵌道具","materialDescription":"在特殊材料上，以芥子手法绘制阵法所形成的特殊物品，可提升修真装备威力"},{"type":4,"id":40080,"name":"山符石•玄","quality":3,"gainWay":"地图中获得，商店出售","effectDescription":"装备镶嵌道具","materialDescription":"在特殊材料上，以芥子手法绘制阵法所形成的特殊物品，可提升修真装备威力"},{"type":4,"id":40081,"name":"山符石•地","quality":4,"gainWay":"地图中获得，商店出售","effectDescription":"装备镶嵌道具","materialDescription":"在特殊材料上，以芥子手法绘制阵法所形成的特殊物品，可提升修真装备威力"},{"type":4,"id":40082,"name":"山符石•天","quality":5,"gainWay":"地图中获得，商店出售","effectDescription":"装备镶嵌道具","materialDescription":"在特殊材料上，以芥子手法绘制阵法所形成的特殊物品，可提升修真装备威力"},{"type":4,"id":40083,"name":"山符石•圣","quality":6,"gainWay":"地图中获得，商店出售","effectDescription":"装备镶嵌道具","materialDescription":"在特殊材料上，以芥子手法绘制阵法所形成的特殊物品，可提升修真装备威力"},{"type":4,"id":40084,"name":"定符石•凡","quality":1,"gainWay":"地图中获得，商店出售","effectDescription":"装备镶嵌道具","materialDescription":"在特殊材料上，以芥子手法绘制阵法所形成的特殊物品，可提升修真装备威力"},{"type":4,"id":40085,"name":"定符石•黄","quality":2,"gainWay":"地图中获得，商店出售","effectDescription":"装备镶嵌道具","materialDescription":"在特殊材料上，以芥子手法绘制阵法所形成的特殊物品，可提升修真装备威力"},{"type":4,"id":40086,"name":"定符石•玄","quality":3,"gainWay":"地图中获得，商店出售","effectDescription":"装备镶嵌道具","materialDescription":"在特殊材料上，以芥子手法绘制阵法所形成的特殊物品，可提升修真装备威力"},{"type":4,"id":40087,"name":"定符石•地","quality":4,"gainWay":"地图中获得，商店出售","effectDescription":"装备镶嵌道具","materialDescription":"在特殊材料上，以芥子手法绘制阵法所形成的特殊物品，可提升修真装备威力"},{"type":4,"id":40088,"name":"定符石•天","quality":5,"gainWay":"地图中获得，商店出售","effectDescription":"装备镶嵌道具","materialDescription":"在特殊材料上，以芥子手法绘制阵法所形成的特殊物品，可提升修真装备威力"},{"type":4,"id":40089,"name":"定符石•圣","quality":6,"gainWay":"地图中获得，商店出售","effectDescription":"装备镶嵌道具","materialDescription":"在特殊材料上，以芥子手法绘制阵法所形成的特殊物品，可提升修真装备威力"},{"type":4,"id":40090,"name":"游符石•凡","quality":1,"gainWay":"地图中获得，商店出售","effectDescription":"装备镶嵌道具","materialDescription":"在特殊材料上，以芥子手法绘制阵法所形成的特殊物品，可提升修真装备威力"},{"type":4,"id":40091,"name":"游符石•黄","quality":2,"gainWay":"地图中获得，商店出售","effectDescription":"装备镶嵌道具","materialDescription":"在特殊材料上，以芥子手法绘制阵法所形成的特殊物品，可提升修真装备威力"},{"type":4,"id":40092,"name":"游符石•玄","quality":3,"gainWay":"地图中获得，商店出售","effectDescription":"装备镶嵌道具","materialDescription":"在特殊材料上，以芥子手法绘制阵法所形成的特殊物品，可提升修真装备威力"},{"type":4,"id":40093,"name":"游符石•地","quality":4,"gainWay":"地图中获得，商店出售","effectDescription":"装备镶嵌道具","materialDescription":"在特殊材料上，以芥子手法绘制阵法所形成的特殊物品，可提升修真装备威力"},{"type":4,"id":40094,"name":"游符石•天","quality":5,"gainWay":"地图中获得，商店出售","effectDescription":"装备镶嵌道具","materialDescription":"在特殊材料上，以芥子手法绘制阵法所形成的特殊物品，可提升修真装备威力"},{"type":4,"id":40095,"name":"游符石•圣","quality":6,"gainWay":"地图中获得，商店出售","effectDescription":"装备镶嵌道具","materialDescription":"在特殊材料上，以芥子手法绘制阵法所形成的特殊物品，可提升修真装备威力"},{"type":4,"id":40096,"name":"相思玉","quality":2,"gainWay":"地图中获得，商店出售","effectDescription":"特殊道具","materialDescription":"一块拥有特殊故事的玉，传闻中，两个相爱的人一起向这块玉许下承诺，就会永世不分离"},{"type":4,"id":41000,"name":"焚野器胚","quality":3,"gainWay":"地图中获得，商店出售","effectDescription":"特殊道具","materialDescription":"一种本命法宝的器胚，有一定几率可成为修真者的本命法宝"},{"type":4,"id":41001,"name":"罡灵器胚","quality":3,"gainWay":"击杀曹彬获得，出售","effectDescription":"特殊道具","materialDescription":"一种本命法宝的器胚，有一定几率可成为修真者的本命法宝"},{"type":4,"id":42000,"name":"流毒","quality":3,"gainWay":"无极战境中，击杀流毒之源获得","effectDescription":"特殊道具","materialDescription":"一种从奴兽身上提取的特殊毒素，似乎对神奴有特殊的克制作用"},{"type":5,"id":50001,"name":"筑基丹","quality":1,"gainWay":"坊市购买，炼制获得","effectDescription":"境界突破时需要消耗","materialDescription":"辅助修真者突破道筑基境的丹药，价值一般，炼制难度一般"},{"type":5,"id":50002,"name":"凝金丹","quality":2,"gainWay":"坊市购买，炼制获得","effectDescription":"境界突破时需要消耗","materialDescription":"辅助修真者突破到金丹境的丹药，价值不低，炼制难度一般"},{"type":5,"id":50003,"name":"元婴丹","quality":2,"gainWay":"坊市购买，炼制获得","effectDescription":"境界突破时需要消耗","materialDescription":"辅助修真者突破到元婴境的丹药，价值颇高，炼制难度较大"},{"type":5,"id":50004,"name":"化神丹","quality":3,"gainWay":"地图中获得，商店购买","effectDescription":"境界突破时需要消耗","materialDescription":"辅助修真者突破到化神境的丹药，价值很高，炼制难度较大"},{"type":5,"id":50005,"name":"合体丹","quality":3,"gainWay":"地图中获得，商店购买","effectDescription":"境界突破时需要消耗","materialDescription":"辅助修真者突破到合体境的丹药，价值很高，炼制难度较大"},{"type":5,"id":50006,"name":"渡劫丹","quality":4,"gainWay":"地图中获得，商店购买","effectDescription":"境界突破时需要消耗","materialDescription":"辅助修真者突破到渡劫境的丹药，价值极高，炼制难度很大"},{"type":5,"id":50101,"name":"初命丹","quality":1,"gainWay":"地图中获得，商店购买","effectDescription":"激活本源时消耗","materialDescription":"激活命魂前二十个本源所需丹药，品级虽然不高，炼制难度却不低"},{"type":5,"id":50102,"name":"窥命丹","quality":2},{"type":5,"id":50103,"name":"顺命丹","quality":3},{"type":5,"id":50104,"name":"奇命丹","quality":4},{"type":9,"id":1,"name":"累计充值总积分","quality":1,"gainWay":"充值获得","effectDescription":"不可消耗"},{"type":9,"id":100,"name":"累计充值积分","quality":1,"gainWay":"充值获得","effectDescription":"各类活动消耗"}]