[{"id":1,"type":"材料合成","origin":"铁矿*1","originName":"铁矿","originCount":1,"rate":0.2,"result":"精铁矿*1"},{"id":2,"type":"材料合成","origin":"铁矿*2","originName":"铁矿","originCount":2,"rate":0.4,"result":"精铁矿*1"},{"id":3,"type":"材料合成","origin":"铁矿*3","originName":"铁矿","originCount":3,"rate":0.6,"result":"精铁矿*1"},{"id":4,"type":"材料合成","origin":"铁矿*4","originName":"铁矿","originCount":4,"rate":0.8,"result":"精铁矿*1"},{"id":5,"type":"材料合成","origin":"铁矿*5","originName":"铁矿","originCount":5,"rate":1,"result":"精铁矿*1"},{"id":6,"type":"材料合成","origin":"精铁矿*1","originName":"精铁矿","originCount":1,"rate":0.2,"result":"灵铁矿* 1"},{"id":7,"type":"材料合成","origin":"金曜石*1","originName":"金曜石","originCount":1,"rate":0.2,"result":"灵炼金曜石* 1"},{"id":8,"type":"材料合成","origin":"青曜石*1","originName":"青曜石","originCount":1,"rate":0.2,"result":"灵炼青曜石* 1"},{"id":9,"type":"材料合成","origin":"水灵石*1","originName":"水灵石","originCount":1,"rate":0.2,"result":"灵炼水灵石* 1"},{"id":10,"type":"材料合成","origin":"炙炎石*1","originName":"炙炎石","originCount":1,"rate":0.2,"result":"灵炼炙炎石* 1"},{"id":11,"type":"材料合成","origin":"黑曜石*1","originName":"黑曜石","originCount":1,"rate":0.2,"result":"灵炼黑曜石* 1"},{"id":12,"type":"材料合成","origin":"风结丝*1","originName":"风结丝","originCount":1,"rate":0.2,"result":"凝风丝* 1"},{"id":13,"type":"材料合成","origin":"小雷石*1","originName":"小雷石","originCount":1,"rate":0.2,"result":"灵炼小雷石* 1"},{"id":14,"type":"材料合成","origin":"生息果*1","originName":"生息果","originCount":1,"rate":0.2,"result":"生机果* 1"},{"id":15,"type":"材料合成","origin":"死冥土*1","originName":"死冥土","originCount":1,"rate":0.2,"result":"灵炼死冥土* 1"},{"id":16,"type":"材料合成","origin":"小宇石*1","originName":"小宇石","originCount":1,"rate":0.2,"result":"灵炼小宇石* 1"},{"id":17,"type":"材料合成","origin":"宙息粉*1","originName":"宙息粉","originCount":1,"rate":0.2,"result":"灵炼宙息粉* 1"},{"id":18,"type":"材料合成","origin":"灵元晶*1","originName":"灵元晶","originCount":1,"rate":0.2,"result":"灵炼灵元晶* 1"},{"id":19,"type":"材料合成","origin":"魔元晶*1","originName":"魔元晶","originCount":1,"rate":0.2,"result":"灵炼魔元晶* 1"},{"id":20,"type":"材料合成","origin":"精铁矿*2","originName":"精铁矿","originCount":2,"rate":0.4,"result":"灵铁矿* 1"},{"id":21,"type":"材料合成","origin":"金曜石*2","originName":"金曜石","originCount":2,"rate":0.4,"result":"灵炼金曜石* 1"},{"id":22,"type":"材料合成","origin":"青曜石*2","originName":"青曜石","originCount":2,"rate":0.4,"result":"灵炼青曜石* 1"},{"id":23,"type":"材料合成","origin":"水灵石*2","originName":"水灵石","originCount":2,"rate":0.4,"result":"灵炼水灵石* 1"},{"id":24,"type":"材料合成","origin":"炙炎石*2","originName":"炙炎石","originCount":2,"rate":0.4,"result":"灵炼炙炎石* 1"},{"id":25,"type":"材料合成","origin":"黑曜石*2","originName":"黑曜石","originCount":2,"rate":0.4,"result":"灵炼黑曜石* 1"},{"id":26,"type":"材料合成","origin":"风结丝*2","originName":"风结丝","originCount":2,"rate":0.4,"result":"凝风丝* 1"},{"id":27,"type":"材料合成","origin":"小雷石*2","originName":"小雷石","originCount":2,"rate":0.4,"result":"灵炼小雷石* 1"},{"id":28,"type":"材料合成","origin":"生息果*2","originName":"生息果","originCount":2,"rate":0.4,"result":"生机果* 1"},{"id":29,"type":"材料合成","origin":"死冥土*2","originName":"死冥土","originCount":2,"rate":0.4,"result":"灵炼死冥土* 1"},{"id":30,"type":"材料合成","origin":"小宇石*2","originName":"小宇石","originCount":2,"rate":0.4,"result":"灵炼小宇石* 1"},{"id":31,"type":"材料合成","origin":"宙息粉*2","originName":"宙息粉","originCount":2,"rate":0.4,"result":"灵炼宙息粉* 1"},{"id":32,"type":"材料合成","origin":"灵元晶*2","originName":"灵元晶","originCount":2,"rate":0.4,"result":"灵炼灵元晶* 1"},{"id":33,"type":"材料合成","origin":"魔元晶*2","originName":"魔元晶","originCount":2,"rate":0.4,"result":"灵炼魔元晶* 1"},{"id":34,"type":"材料合成","origin":"精铁矿*3","originName":"精铁矿","originCount":3,"rate":0.6,"result":"灵铁矿* 1"},{"id":35,"type":"材料合成","origin":"金曜石*3","originName":"金曜石","originCount":3,"rate":0.6,"result":"灵炼金曜石* 1"},{"id":36,"type":"材料合成","origin":"青曜石*3","originName":"青曜石","originCount":3,"rate":0.6,"result":"灵炼青曜石* 1"},{"id":37,"type":"材料合成","origin":"水灵石*3","originName":"水灵石","originCount":3,"rate":0.6,"result":"灵炼水灵石* 1"},{"id":38,"type":"材料合成","origin":"炙炎石*3","originName":"炙炎石","originCount":3,"rate":0.6,"result":"灵炼炙炎石* 1"},{"id":39,"type":"材料合成","origin":"黑曜石*3","originName":"黑曜石","originCount":3,"rate":0.6,"result":"灵炼黑曜石* 1"},{"id":40,"type":"材料合成","origin":"风结丝*3","originName":"风结丝","originCount":3,"rate":0.6,"result":"凝风丝* 1"},{"id":41,"type":"材料合成","origin":"小雷石*3","originName":"小雷石","originCount":3,"rate":0.6,"result":"灵炼小雷石* 1"},{"id":42,"type":"材料合成","origin":"生息果*3","originName":"生息果","originCount":3,"rate":0.6,"result":"生机果* 1"},{"id":43,"type":"材料合成","origin":"死冥土*3","originName":"死冥土","originCount":3,"rate":0.6,"result":"灵炼死冥土* 1"},{"id":44,"type":"材料合成","origin":"小宇石*3","originName":"小宇石","originCount":3,"rate":0.6,"result":"灵炼小宇石* 1"},{"id":45,"type":"材料合成","origin":"宙息粉*3","originName":"宙息粉","originCount":3,"rate":0.6,"result":"灵炼宙息粉* 1"},{"id":46,"type":"材料合成","origin":"灵元晶*3","originName":"灵元晶","originCount":3,"rate":0.6,"result":"灵炼灵元晶* 1"},{"id":47,"type":"材料合成","origin":"魔元晶*3","originName":"魔元晶","originCount":3,"rate":0.6,"result":"灵炼魔元晶* 1"},{"id":48,"type":"材料合成","origin":"精铁矿*4","originName":"精铁矿","originCount":4,"rate":0.8,"result":"灵铁矿* 1"},{"id":49,"type":"材料合成","origin":"金曜石*4","originName":"金曜石","originCount":4,"rate":0.8,"result":"灵炼金曜石* 1"},{"id":50,"type":"材料合成","origin":"青曜石*4","originName":"青曜石","originCount":4,"rate":0.8,"result":"灵炼青曜石* 1"},{"id":51,"type":"材料合成","origin":"水灵石*4","originName":"水灵石","originCount":4,"rate":0.8,"result":"灵炼水灵石* 1"},{"id":52,"type":"材料合成","origin":"炙炎石*4","originName":"炙炎石","originCount":4,"rate":0.8,"result":"灵炼炙炎石* 1"},{"id":53,"type":"材料合成","origin":"黑曜石*4","originName":"黑曜石","originCount":4,"rate":0.8,"result":"灵炼黑曜石* 1"},{"id":54,"type":"材料合成","origin":"风结丝*4","originName":"风结丝","originCount":4,"rate":0.8,"result":"凝风丝* 1"},{"id":55,"type":"材料合成","origin":"小雷石*4","originName":"小雷石","originCount":4,"rate":0.8,"result":"灵炼小雷石* 1"},{"id":56,"type":"材料合成","origin":"生息果*4","originName":"生息果","originCount":4,"rate":0.8,"result":"生机果* 1"},{"id":57,"type":"材料合成","origin":"死冥土*4","originName":"死冥土","originCount":4,"rate":0.8,"result":"灵炼死冥土* 1"},{"id":58,"type":"材料合成","origin":"小宇石*4","originName":"小宇石","originCount":4,"rate":0.8,"result":"灵炼小宇石* 1"},{"id":59,"type":"材料合成","origin":"宙息粉*4","originName":"宙息粉","originCount":4,"rate":0.8,"result":"灵炼宙息粉* 1"},{"id":60,"type":"材料合成","origin":"灵元晶*4","originName":"灵元晶","originCount":4,"rate":0.8,"result":"灵炼灵元晶* 1"},{"id":61,"type":"材料合成","origin":"魔元晶*4","originName":"魔元晶","originCount":4,"rate":0.8,"result":"灵炼魔元晶* 1"},{"id":62,"type":"材料合成","origin":"精铁矿*5","originName":"精铁矿","originCount":5,"rate":1,"result":"灵铁矿* 1"},{"id":63,"type":"材料合成","origin":"金曜石*5","originName":"金曜石","originCount":5,"rate":1,"result":"灵炼金曜石* 1"},{"id":64,"type":"材料合成","origin":"青曜石*5","originName":"青曜石","originCount":5,"rate":1,"result":"灵炼青曜石* 1"},{"id":65,"type":"材料合成","origin":"水灵石*5","originName":"水灵石","originCount":5,"rate":1,"result":"灵炼水灵石* 1"},{"id":66,"type":"材料合成","origin":"炙炎石*5","originName":"炙炎石","originCount":5,"rate":1,"result":"灵炼炙炎石* 1"},{"id":67,"type":"材料合成","origin":"黑曜石*5","originName":"黑曜石","originCount":5,"rate":1,"result":"灵炼黑曜石* 1"},{"id":68,"type":"材料合成","origin":"风结丝*5","originName":"风结丝","originCount":5,"rate":1,"result":"凝风丝* 1"},{"id":69,"type":"材料合成","origin":"小雷石*5","originName":"小雷石","originCount":5,"rate":1,"result":"灵炼小雷石* 1"},{"id":70,"type":"材料合成","origin":"生息果*5","originName":"生息果","originCount":5,"rate":1,"result":"生机果* 1"},{"id":71,"type":"材料合成","origin":"死冥土*5","originName":"死冥土","originCount":5,"rate":1,"result":"灵炼死冥土* 1"},{"id":72,"type":"材料合成","origin":"小宇石*5","originName":"小宇石","originCount":5,"rate":1,"result":"灵炼小宇石* 1"},{"id":73,"type":"材料合成","origin":"宙息粉*5","originName":"宙息粉","originCount":5,"rate":1,"result":"灵炼宙息粉* 1"},{"id":74,"type":"材料合成","origin":"灵元晶*5","originName":"灵元晶","originCount":5,"rate":1,"result":"灵炼灵元晶* 1"},{"id":75,"type":"材料合成","origin":"魔元晶*5","originName":"魔元晶","originCount":5,"rate":1,"result":"灵炼魔元晶* 1"},{"id":76,"type":"材料合成","origin":"灵铁矿*1","originName":"灵铁矿","originCount":1,"rate":0.2,"result":"极灵铁矿* 1"},{"id":77,"type":"材料合成","origin":"灵炼金曜石*1","originName":"灵炼金曜石","originCount":1,"rate":0.2,"result":"金曜石•极灵* 1"},{"id":78,"type":"材料合成","origin":"灵炼青曜石*1","originName":"灵炼青曜石","originCount":1,"rate":0.2,"result":"青曜石•极灵* 1"},{"id":79,"type":"材料合成","origin":"灵炼水灵石*1","originName":"灵炼水灵石","originCount":1,"rate":0.2,"result":"水灵石•极灵* 1"},{"id":80,"type":"材料合成","origin":"灵炼炙炎石*1","originName":"灵炼炙炎石","originCount":1,"rate":0.2,"result":"炙炎石•极灵* 1"},{"id":81,"type":"材料合成","origin":"灵炼黑曜石*1","originName":"灵炼黑曜石","originCount":1,"rate":0.2,"result":"黑曜石•极灵* 1"},{"id":82,"type":"材料合成","origin":"凝风丝*1","originName":"凝风丝","originCount":1,"rate":0.2,"result":"风结丝•极灵* 1"},{"id":83,"type":"材料合成","origin":"灵炼小雷石*1","originName":"灵炼小雷石","originCount":1,"rate":0.2,"result":"小雷石•极灵* 1"},{"id":84,"type":"材料合成","origin":"生机果*1","originName":"生机果","originCount":1,"rate":0.2,"result":"生息果•极灵* 1"},{"id":85,"type":"材料合成","origin":"灵炼死冥土*1","originName":"灵炼死冥土","originCount":1,"rate":0.2,"result":"死冥土•极灵* 1"},{"id":86,"type":"材料合成","origin":"灵炼小宇石*1","originName":"灵炼小宇石","originCount":1,"rate":0.2,"result":"小宇石•极灵* 1"},{"id":87,"type":"材料合成","origin":"灵炼宙息粉*1","originName":"灵炼宙息粉","originCount":1,"rate":0.2,"result":"宙息粉•极灵* 1"},{"id":88,"type":"材料合成","origin":"灵炼灵元晶*1","originName":"灵炼灵元晶","originCount":1,"rate":0.2,"result":"灵元晶•极灵* 1"},{"id":89,"type":"材料合成","origin":"灵炼魔元晶*1","originName":"灵炼魔元晶","originCount":1,"rate":0.2,"result":"魔元晶•极灵* 1"},{"id":90,"type":"材料合成","origin":"灵铁矿*2","originName":"灵铁矿","originCount":2,"rate":0.4,"result":"极灵铁矿* 1"},{"id":91,"type":"材料合成","origin":"灵炼金曜石*2","originName":"灵炼金曜石","originCount":2,"rate":0.4,"result":"金曜石•极灵* 1"},{"id":92,"type":"材料合成","origin":"灵炼青曜石*2","originName":"灵炼青曜石","originCount":2,"rate":0.4,"result":"青曜石•极灵* 1"},{"id":93,"type":"材料合成","origin":"灵炼水灵石*2","originName":"灵炼水灵石","originCount":2,"rate":0.4,"result":"水灵石•极灵* 1"},{"id":94,"type":"材料合成","origin":"灵炼炙炎石*2","originName":"灵炼炙炎石","originCount":2,"rate":0.4,"result":"炙炎石•极灵* 1"},{"id":95,"type":"材料合成","origin":"灵炼黑曜石*2","originName":"灵炼黑曜石","originCount":2,"rate":0.4,"result":"黑曜石•极灵* 1"},{"id":96,"type":"材料合成","origin":"凝风丝*2","originName":"凝风丝","originCount":2,"rate":0.4,"result":"风结丝•极灵* 1"},{"id":97,"type":"材料合成","origin":"灵炼小雷石*2","originName":"灵炼小雷石","originCount":2,"rate":0.4,"result":"小雷石•极灵* 1"},{"id":98,"type":"材料合成","origin":"生机果*2","originName":"生机果","originCount":2,"rate":0.4,"result":"生息果•极灵* 1"},{"id":99,"type":"材料合成","origin":"灵炼死冥土*2","originName":"灵炼死冥土","originCount":2,"rate":0.4,"result":"死冥土•极灵* 1"},{"id":100,"type":"材料合成","origin":"灵炼小宇石*2","originName":"灵炼小宇石","originCount":2,"rate":0.4,"result":"小宇石•极灵* 1"},{"id":101,"type":"材料合成","origin":"灵炼宙息粉*2","originName":"灵炼宙息粉","originCount":2,"rate":0.4,"result":"宙息粉•极灵* 1"},{"id":102,"type":"材料合成","origin":"灵炼灵元晶*2","originName":"灵炼灵元晶","originCount":2,"rate":0.4,"result":"灵元晶•极灵* 1"},{"id":103,"type":"材料合成","origin":"灵炼魔元晶*2","originName":"灵炼魔元晶","originCount":2,"rate":0.4,"result":"魔元晶•极灵* 1"},{"id":104,"type":"材料合成","origin":"灵铁矿*3","originName":"灵铁矿","originCount":3,"rate":0.6,"result":"极灵铁矿* 1"},{"id":105,"type":"材料合成","origin":"灵炼金曜石*3","originName":"灵炼金曜石","originCount":3,"rate":0.6,"result":"金曜石•极灵* 1"},{"id":106,"type":"材料合成","origin":"灵炼青曜石*3","originName":"灵炼青曜石","originCount":3,"rate":0.6,"result":"青曜石•极灵* 1"},{"id":107,"type":"材料合成","origin":"灵炼水灵石*3","originName":"灵炼水灵石","originCount":3,"rate":0.6,"result":"水灵石•极灵* 1"},{"id":108,"type":"材料合成","origin":"灵炼炙炎石*3","originName":"灵炼炙炎石","originCount":3,"rate":0.6,"result":"炙炎石•极灵* 1"},{"id":109,"type":"材料合成","origin":"灵炼黑曜石*3","originName":"灵炼黑曜石","originCount":3,"rate":0.6,"result":"黑曜石•极灵* 1"},{"id":110,"type":"材料合成","origin":"凝风丝*3","originName":"凝风丝","originCount":3,"rate":0.6,"result":"风结丝•极灵* 1"},{"id":111,"type":"材料合成","origin":"灵炼小雷石*3","originName":"灵炼小雷石","originCount":3,"rate":0.6,"result":"小雷石•极灵* 1"},{"id":112,"type":"材料合成","origin":"生机果*3","originName":"生机果","originCount":3,"rate":0.6,"result":"生息果•极灵* 1"},{"id":113,"type":"材料合成","origin":"灵炼死冥土*3","originName":"灵炼死冥土","originCount":3,"rate":0.6,"result":"死冥土•极灵* 1"},{"id":114,"type":"材料合成","origin":"灵炼小宇石*3","originName":"灵炼小宇石","originCount":3,"rate":0.6,"result":"小宇石•极灵* 1"},{"id":115,"type":"材料合成","origin":"灵炼宙息粉*3","originName":"灵炼宙息粉","originCount":3,"rate":0.6,"result":"宙息粉•极灵* 1"},{"id":116,"type":"材料合成","origin":"灵炼灵元晶*3","originName":"灵炼灵元晶","originCount":3,"rate":0.6,"result":"灵元晶•极灵* 1"},{"id":117,"type":"材料合成","origin":"灵炼魔元晶*3","originName":"灵炼魔元晶","originCount":3,"rate":0.6,"result":"魔元晶•极灵* 1"},{"id":118,"type":"材料合成","origin":"灵铁矿*4","originName":"灵铁矿","originCount":4,"rate":0.8,"result":"极灵铁矿* 1"},{"id":119,"type":"材料合成","origin":"灵炼金曜石*4","originName":"灵炼金曜石","originCount":4,"rate":0.8,"result":"金曜石•极灵* 1"},{"id":120,"type":"材料合成","origin":"灵炼青曜石*4","originName":"灵炼青曜石","originCount":4,"rate":0.8,"result":"青曜石•极灵* 1"},{"id":121,"type":"材料合成","origin":"灵炼水灵石*4","originName":"灵炼水灵石","originCount":4,"rate":0.8,"result":"水灵石•极灵* 1"},{"id":122,"type":"材料合成","origin":"灵炼炙炎石*4","originName":"灵炼炙炎石","originCount":4,"rate":0.8,"result":"炙炎石•极灵* 1"},{"id":123,"type":"材料合成","origin":"灵炼黑曜石*4","originName":"灵炼黑曜石","originCount":4,"rate":0.8,"result":"黑曜石•极灵* 1"},{"id":124,"type":"材料合成","origin":"凝风丝*4","originName":"凝风丝","originCount":4,"rate":0.8,"result":"风结丝•极灵* 1"},{"id":125,"type":"材料合成","origin":"灵炼小雷石*4","originName":"灵炼小雷石","originCount":4,"rate":0.8,"result":"小雷石•极灵* 1"},{"id":126,"type":"材料合成","origin":"生机果*4","originName":"生机果","originCount":4,"rate":0.8,"result":"生息果•极灵* 1"},{"id":127,"type":"材料合成","origin":"灵炼死冥土*4","originName":"灵炼死冥土","originCount":4,"rate":0.8,"result":"死冥土•极灵* 1"},{"id":128,"type":"材料合成","origin":"灵炼小宇石*4","originName":"灵炼小宇石","originCount":4,"rate":0.8,"result":"小宇石•极灵* 1"},{"id":129,"type":"材料合成","origin":"灵炼宙息粉*4","originName":"灵炼宙息粉","originCount":4,"rate":0.8,"result":"宙息粉•极灵* 1"},{"id":130,"type":"材料合成","origin":"灵炼灵元晶*4","originName":"灵炼灵元晶","originCount":4,"rate":0.8,"result":"灵元晶•极灵* 1"},{"id":131,"type":"材料合成","origin":"灵炼魔元晶*4","originName":"灵炼魔元晶","originCount":4,"rate":0.8,"result":"魔元晶•极灵* 1"},{"id":132,"type":"材料合成","origin":"灵铁矿*5","originName":"灵铁矿","originCount":5,"rate":1,"result":"极灵铁矿* 1"},{"id":133,"type":"材料合成","origin":"灵炼金曜石*5","originName":"灵炼金曜石","originCount":5,"rate":1,"result":"金曜石•极灵* 1"},{"id":134,"type":"材料合成","origin":"灵炼青曜石*5","originName":"灵炼青曜石","originCount":5,"rate":1,"result":"青曜石•极灵* 1"},{"id":135,"type":"材料合成","origin":"灵炼水灵石*5","originName":"灵炼水灵石","originCount":5,"rate":1,"result":"水灵石•极灵* 1"},{"id":136,"type":"材料合成","origin":"灵炼炙炎石*5","originName":"灵炼炙炎石","originCount":5,"rate":1,"result":"炙炎石•极灵* 1"},{"id":137,"type":"材料合成","origin":"灵炼黑曜石*5","originName":"灵炼黑曜石","originCount":5,"rate":1,"result":"黑曜石•极灵* 1"},{"id":138,"type":"材料合成","origin":"凝风丝*5","originName":"凝风丝","originCount":5,"rate":1,"result":"风结丝•极灵* 1"},{"id":139,"type":"材料合成","origin":"灵炼小雷石*5","originName":"灵炼小雷石","originCount":5,"rate":1,"result":"小雷石•极灵* 1"},{"id":140,"type":"材料合成","origin":"生机果*5","originName":"生机果","originCount":5,"rate":1,"result":"生息果•极灵* 1"},{"id":141,"type":"材料合成","origin":"灵炼死冥土*5","originName":"灵炼死冥土","originCount":5,"rate":1,"result":"死冥土•极灵* 1"},{"id":142,"type":"材料合成","origin":"灵炼小宇石*5","originName":"灵炼小宇石","originCount":5,"rate":1,"result":"小宇石•极灵* 1"},{"id":143,"type":"材料合成","origin":"灵炼宙息粉*5","originName":"灵炼宙息粉","originCount":5,"rate":1,"result":"宙息粉•极灵* 1"},{"id":144,"type":"材料合成","origin":"灵炼灵元晶*5","originName":"灵炼灵元晶","originCount":5,"rate":1,"result":"灵元晶•极灵* 1"},{"id":145,"type":"材料合成","origin":"灵炼魔元晶*5","originName":"灵炼魔元晶","originCount":5,"rate":1,"result":"魔元晶•极灵* 1"},{"id":500,"type":"材料合成","origin":"血符石•凡*1","originName":"血符石•凡","originCount":1,"rate":0.2,"result":"血符石•黄* 1"},{"id":501,"type":"材料合成","origin":"血符石•黄*1","originName":"血符石•黄","originCount":1,"rate":0.2,"result":"血符石•玄* 1"},{"id":502,"type":"材料合成","origin":"血符石•玄*1","originName":"血符石•玄","originCount":1,"rate":0.2,"result":"血符石•地* 1"},{"id":503,"type":"材料合成","origin":"血符石•地*1","originName":"血符石•地","originCount":1,"rate":0.2,"result":"血符石•天* 1"},{"id":504,"type":"材料合成","origin":"血符石•天*1","originName":"血符石•天","originCount":1,"rate":0.2,"result":"血符石•圣* 1"},{"id":505,"type":"材料合成","origin":"血符石•凡*2","originName":"血符石•凡","originCount":2,"rate":0.4,"result":"血符石•黄* 1"},{"id":506,"type":"材料合成","origin":"血符石•黄*2","originName":"血符石•黄","originCount":2,"rate":0.4,"result":"血符石•玄* 1"},{"id":507,"type":"材料合成","origin":"血符石•玄*2","originName":"血符石•玄","originCount":2,"rate":0.4,"result":"血符石•地* 1"},{"id":508,"type":"材料合成","origin":"血符石•地*2","originName":"血符石•地","originCount":2,"rate":0.4,"result":"血符石•天* 1"},{"id":509,"type":"材料合成","origin":"血符石•天*2","originName":"血符石•天","originCount":2,"rate":0.4,"result":"血符石•圣* 1"},{"id":510,"type":"材料合成","origin":"血符石•凡*3","originName":"血符石•凡","originCount":3,"rate":0.6,"result":"血符石•黄* 1"},{"id":511,"type":"材料合成","origin":"血符石•黄*3","originName":"血符石•黄","originCount":3,"rate":0.6,"result":"血符石•玄* 1"},{"id":512,"type":"材料合成","origin":"血符石•玄*3","originName":"血符石•玄","originCount":3,"rate":0.6,"result":"血符石•地* 1"},{"id":513,"type":"材料合成","origin":"血符石•地*3","originName":"血符石•地","originCount":3,"rate":0.6,"result":"血符石•天* 1"},{"id":514,"type":"材料合成","origin":"血符石•天*3","originName":"血符石•天","originCount":3,"rate":0.6,"result":"血符石•圣* 1"},{"id":515,"type":"材料合成","origin":"血符石•凡*4","originName":"血符石•凡","originCount":4,"rate":0.8,"result":"血符石•黄* 1"},{"id":516,"type":"材料合成","origin":"血符石•黄*4","originName":"血符石•黄","originCount":4,"rate":0.8,"result":"血符石•玄* 1"},{"id":517,"type":"材料合成","origin":"血符石•玄*4","originName":"血符石•玄","originCount":4,"rate":0.8,"result":"血符石•地* 1"},{"id":518,"type":"材料合成","origin":"血符石•地*4","originName":"血符石•地","originCount":4,"rate":0.8,"result":"血符石•天* 1"},{"id":519,"type":"材料合成","origin":"血符石•天*4","originName":"血符石•天","originCount":4,"rate":0.8,"result":"血符石•圣* 1"},{"id":520,"type":"材料合成","origin":"血符石•凡*5","originName":"血符石•凡","originCount":5,"rate":1,"result":"血符石•黄* 1"},{"id":521,"type":"材料合成","origin":"血符石•黄*5","originName":"血符石•黄","originCount":5,"rate":1,"result":"血符石•玄* 1"},{"id":522,"type":"材料合成","origin":"血符石•玄*5","originName":"血符石•玄","originCount":5,"rate":1,"result":"血符石•地* 1"},{"id":523,"type":"材料合成","origin":"血符石•地*5","originName":"血符石•地","originCount":5,"rate":1,"result":"血符石•天* 1"},{"id":524,"type":"材料合成","origin":"血符石•天*5","originName":"血符石•天","originCount":5,"rate":1,"result":"血符石•圣* 1"},{"id":525,"type":"材料合成","origin":"灵符石•凡*1","originName":"灵符石•凡","originCount":1,"rate":0.2,"result":"灵符石•黄* 1"},{"id":526,"type":"材料合成","origin":"灵符石•黄*1","originName":"灵符石•黄","originCount":1,"rate":0.2,"result":"灵符石•玄* 1"},{"id":527,"type":"材料合成","origin":"灵符石•玄*1","originName":"灵符石•玄","originCount":1,"rate":0.2,"result":"灵符石•地* 1"},{"id":528,"type":"材料合成","origin":"灵符石•地*1","originName":"灵符石•地","originCount":1,"rate":0.2,"result":"灵符石•天* 1"},{"id":529,"type":"材料合成","origin":"灵符石•天*1","originName":"灵符石•天","originCount":1,"rate":0.2,"result":"灵符石•圣* 1"},{"id":530,"type":"材料合成","origin":"灵符石•凡*2","originName":"灵符石•凡","originCount":2,"rate":0.4,"result":"灵符石•黄* 1"},{"id":531,"type":"材料合成","origin":"灵符石•黄*2","originName":"灵符石•黄","originCount":2,"rate":0.4,"result":"灵符石•玄* 1"},{"id":532,"type":"材料合成","origin":"灵符石•玄*2","originName":"灵符石•玄","originCount":2,"rate":0.4,"result":"灵符石•地* 1"},{"id":533,"type":"材料合成","origin":"灵符石•地*2","originName":"灵符石•地","originCount":2,"rate":0.4,"result":"灵符石•天* 1"},{"id":534,"type":"材料合成","origin":"灵符石•天*2","originName":"灵符石•天","originCount":2,"rate":0.4,"result":"灵符石•圣* 1"},{"id":535,"type":"材料合成","origin":"灵符石•凡*3","originName":"灵符石•凡","originCount":3,"rate":0.6,"result":"灵符石•黄* 1"},{"id":536,"type":"材料合成","origin":"灵符石•黄*3","originName":"灵符石•黄","originCount":3,"rate":0.6,"result":"灵符石•玄* 1"},{"id":537,"type":"材料合成","origin":"灵符石•玄*3","originName":"灵符石•玄","originCount":3,"rate":0.6,"result":"灵符石•地* 1"},{"id":538,"type":"材料合成","origin":"灵符石•地*3","originName":"灵符石•地","originCount":3,"rate":0.6,"result":"灵符石•天* 1"},{"id":539,"type":"材料合成","origin":"灵符石•天*3","originName":"灵符石•天","originCount":3,"rate":0.6,"result":"灵符石•圣* 1"},{"id":540,"type":"材料合成","origin":"灵符石•凡*4","originName":"灵符石•凡","originCount":4,"rate":0.8,"result":"灵符石•黄* 1"},{"id":541,"type":"材料合成","origin":"灵符石•黄*4","originName":"灵符石•黄","originCount":4,"rate":0.8,"result":"灵符石•玄* 1"},{"id":542,"type":"材料合成","origin":"灵符石•玄*4","originName":"灵符石•玄","originCount":4,"rate":0.8,"result":"灵符石•地* 1"},{"id":543,"type":"材料合成","origin":"灵符石•地*4","originName":"灵符石•地","originCount":4,"rate":0.8,"result":"灵符石•天* 1"},{"id":544,"type":"材料合成","origin":"灵符石•天*4","originName":"灵符石•天","originCount":4,"rate":0.8,"result":"灵符石•圣* 1"},{"id":545,"type":"材料合成","origin":"灵符石•凡*5","originName":"灵符石•凡","originCount":5,"rate":1,"result":"灵符石•黄* 1"},{"id":546,"type":"材料合成","origin":"灵符石•黄*5","originName":"灵符石•黄","originCount":5,"rate":1,"result":"灵符石•玄* 1"},{"id":547,"type":"材料合成","origin":"灵符石•玄*5","originName":"灵符石•玄","originCount":5,"rate":1,"result":"灵符石•地* 1"},{"id":548,"type":"材料合成","origin":"灵符石•地*5","originName":"灵符石•地","originCount":5,"rate":1,"result":"灵符石•天* 1"},{"id":549,"type":"材料合成","origin":"灵符石•天*5","originName":"灵符石•天","originCount":5,"rate":1,"result":"灵符石•圣* 1"},{"id":550,"type":"材料合成","origin":"魂符石•凡*1","originName":"魂符石•凡","originCount":1,"rate":0.2,"result":"魂符石•黄* 1"},{"id":551,"type":"材料合成","origin":"魂符石•黄*1","originName":"魂符石•黄","originCount":1,"rate":0.2,"result":"魂符石•玄* 1"},{"id":552,"type":"材料合成","origin":"魂符石•玄*1","originName":"魂符石•玄","originCount":1,"rate":0.2,"result":"魂符石•地* 1"},{"id":553,"type":"材料合成","origin":"魂符石•地*1","originName":"魂符石•地","originCount":1,"rate":0.2,"result":"魂符石•天* 1"},{"id":554,"type":"材料合成","origin":"魂符石•天*1","originName":"魂符石•天","originCount":1,"rate":0.2,"result":"魂符石•圣* 1"},{"id":555,"type":"材料合成","origin":"魂符石•凡*2","originName":"魂符石•凡","originCount":2,"rate":0.4,"result":"魂符石•黄* 1"},{"id":556,"type":"材料合成","origin":"魂符石•黄*2","originName":"魂符石•黄","originCount":2,"rate":0.4,"result":"魂符石•玄* 1"},{"id":557,"type":"材料合成","origin":"魂符石•玄*2","originName":"魂符石•玄","originCount":2,"rate":0.4,"result":"魂符石•地* 1"},{"id":558,"type":"材料合成","origin":"魂符石•地*2","originName":"魂符石•地","originCount":2,"rate":0.4,"result":"魂符石•天* 1"},{"id":559,"type":"材料合成","origin":"魂符石•天*2","originName":"魂符石•天","originCount":2,"rate":0.4,"result":"魂符石•圣* 1"},{"id":560,"type":"材料合成","origin":"魂符石•凡*3","originName":"魂符石•凡","originCount":3,"rate":0.6,"result":"魂符石•黄* 1"},{"id":561,"type":"材料合成","origin":"魂符石•黄*3","originName":"魂符石•黄","originCount":3,"rate":0.6,"result":"魂符石•玄* 1"},{"id":562,"type":"材料合成","origin":"魂符石•玄*3","originName":"魂符石•玄","originCount":3,"rate":0.6,"result":"魂符石•地* 1"},{"id":563,"type":"材料合成","origin":"魂符石•地*3","originName":"魂符石•地","originCount":3,"rate":0.6,"result":"魂符石•天* 1"},{"id":564,"type":"材料合成","origin":"魂符石•天*3","originName":"魂符石•天","originCount":3,"rate":0.6,"result":"魂符石•圣* 1"},{"id":565,"type":"材料合成","origin":"魂符石•凡*4","originName":"魂符石•凡","originCount":4,"rate":0.8,"result":"魂符石•黄* 1"},{"id":566,"type":"材料合成","origin":"魂符石•黄*4","originName":"魂符石•黄","originCount":4,"rate":0.8,"result":"魂符石•玄* 1"},{"id":567,"type":"材料合成","origin":"魂符石•玄*4","originName":"魂符石•玄","originCount":4,"rate":0.8,"result":"魂符石•地* 1"},{"id":568,"type":"材料合成","origin":"魂符石•地*4","originName":"魂符石•地","originCount":4,"rate":0.8,"result":"魂符石•天* 1"},{"id":569,"type":"材料合成","origin":"魂符石•天*4","originName":"魂符石•天","originCount":4,"rate":0.8,"result":"魂符石•圣* 1"},{"id":570,"type":"材料合成","origin":"魂符石•凡*5","originName":"魂符石•凡","originCount":5,"rate":1,"result":"魂符石•黄* 1"},{"id":571,"type":"材料合成","origin":"魂符石•黄*5","originName":"魂符石•黄","originCount":5,"rate":1,"result":"魂符石•玄* 1"},{"id":572,"type":"材料合成","origin":"魂符石•玄*5","originName":"魂符石•玄","originCount":5,"rate":1,"result":"魂符石•地* 1"},{"id":573,"type":"材料合成","origin":"魂符石•地*5","originName":"魂符石•地","originCount":5,"rate":1,"result":"魂符石•天* 1"},{"id":574,"type":"材料合成","origin":"魂符石•天*5","originName":"魂符石•天","originCount":5,"rate":1,"result":"魂符石•圣* 1"},{"id":575,"type":"材料合成","origin":"体符石•凡*1","originName":"体符石•凡","originCount":1,"rate":0.2,"result":"体符石•黄* 1"},{"id":576,"type":"材料合成","origin":"体符石•黄*1","originName":"体符石•黄","originCount":1,"rate":0.2,"result":"体符石•玄* 1"},{"id":577,"type":"材料合成","origin":"体符石•玄*1","originName":"体符石•玄","originCount":1,"rate":0.2,"result":"体符石•地* 1"},{"id":578,"type":"材料合成","origin":"体符石•地*1","originName":"体符石•地","originCount":1,"rate":0.2,"result":"体符石•天* 1"},{"id":579,"type":"材料合成","origin":"体符石•天*1","originName":"体符石•天","originCount":1,"rate":0.2,"result":"体符石•圣* 1"},{"id":580,"type":"材料合成","origin":"体符石•凡*2","originName":"体符石•凡","originCount":2,"rate":0.4,"result":"体符石•黄* 1"},{"id":581,"type":"材料合成","origin":"体符石•黄*2","originName":"体符石•黄","originCount":2,"rate":0.4,"result":"体符石•玄* 1"},{"id":582,"type":"材料合成","origin":"体符石•玄*2","originName":"体符石•玄","originCount":2,"rate":0.4,"result":"体符石•地* 1"},{"id":583,"type":"材料合成","origin":"体符石•地*2","originName":"体符石•地","originCount":2,"rate":0.4,"result":"体符石•天* 1"},{"id":584,"type":"材料合成","origin":"体符石•天*2","originName":"体符石•天","originCount":2,"rate":0.4,"result":"体符石•圣* 1"},{"id":585,"type":"材料合成","origin":"体符石•凡*3","originName":"体符石•凡","originCount":3,"rate":0.6,"result":"体符石•黄* 1"},{"id":586,"type":"材料合成","origin":"体符石•黄*3","originName":"体符石•黄","originCount":3,"rate":0.6,"result":"体符石•玄* 1"},{"id":587,"type":"材料合成","origin":"体符石•玄*3","originName":"体符石•玄","originCount":3,"rate":0.6,"result":"体符石•地* 1"},{"id":588,"type":"材料合成","origin":"体符石•地*3","originName":"体符石•地","originCount":3,"rate":0.6,"result":"体符石•天* 1"},{"id":589,"type":"材料合成","origin":"体符石•天*3","originName":"体符石•天","originCount":3,"rate":0.6,"result":"体符石•圣* 1"},{"id":590,"type":"材料合成","origin":"体符石•凡*4","originName":"体符石•凡","originCount":4,"rate":0.8,"result":"体符石•黄* 1"},{"id":591,"type":"材料合成","origin":"体符石•黄*4","originName":"体符石•黄","originCount":4,"rate":0.8,"result":"体符石•玄* 1"},{"id":592,"type":"材料合成","origin":"体符石•玄*4","originName":"体符石•玄","originCount":4,"rate":0.8,"result":"体符石•地* 1"},{"id":593,"type":"材料合成","origin":"体符石•地*4","originName":"体符石•地","originCount":4,"rate":0.8,"result":"体符石•天* 1"},{"id":594,"type":"材料合成","origin":"体符石•天*4","originName":"体符石•天","originCount":4,"rate":0.8,"result":"体符石•圣* 1"},{"id":595,"type":"材料合成","origin":"体符石•凡*5","originName":"体符石•凡","originCount":5,"rate":1,"result":"体符石•黄* 1"},{"id":596,"type":"材料合成","origin":"体符石•黄*5","originName":"体符石•黄","originCount":5,"rate":1,"result":"体符石•玄* 1"},{"id":597,"type":"材料合成","origin":"体符石•玄*5","originName":"体符石•玄","originCount":5,"rate":1,"result":"体符石•地* 1"},{"id":598,"type":"材料合成","origin":"体符石•地*5","originName":"体符石•地","originCount":5,"rate":1,"result":"体符石•天* 1"},{"id":599,"type":"材料合成","origin":"体符石•天*5","originName":"体符石•天","originCount":5,"rate":1,"result":"体符石•圣* 1"},{"id":600,"type":"材料合成","origin":"锐符石•凡*1","originName":"锐符石•凡","originCount":1,"rate":0.2,"result":"锐符石•黄* 1"},{"id":601,"type":"材料合成","origin":"锐符石•黄*1","originName":"锐符石•黄","originCount":1,"rate":0.2,"result":"锐符石•玄* 1"},{"id":602,"type":"材料合成","origin":"锐符石•玄*1","originName":"锐符石•玄","originCount":1,"rate":0.2,"result":"锐符石•地* 1"},{"id":603,"type":"材料合成","origin":"锐符石•地*1","originName":"锐符石•地","originCount":1,"rate":0.2,"result":"锐符石•天* 1"},{"id":604,"type":"材料合成","origin":"锐符石•天*1","originName":"锐符石•天","originCount":1,"rate":0.2,"result":"锐符石•圣* 1"},{"id":605,"type":"材料合成","origin":"锐符石•凡*2","originName":"锐符石•凡","originCount":2,"rate":0.4,"result":"锐符石•黄* 1"},{"id":606,"type":"材料合成","origin":"锐符石•黄*2","originName":"锐符石•黄","originCount":2,"rate":0.4,"result":"锐符石•玄* 1"},{"id":607,"type":"材料合成","origin":"锐符石•玄*2","originName":"锐符石•玄","originCount":2,"rate":0.4,"result":"锐符石•地* 1"},{"id":608,"type":"材料合成","origin":"锐符石•地*2","originName":"锐符石•地","originCount":2,"rate":0.4,"result":"锐符石•天* 1"},{"id":609,"type":"材料合成","origin":"锐符石•天*2","originName":"锐符石•天","originCount":2,"rate":0.4,"result":"锐符石•圣* 1"},{"id":610,"type":"材料合成","origin":"锐符石•凡*3","originName":"锐符石•凡","originCount":3,"rate":0.6,"result":"锐符石•黄* 1"},{"id":611,"type":"材料合成","origin":"锐符石•黄*3","originName":"锐符石•黄","originCount":3,"rate":0.6,"result":"锐符石•玄* 1"},{"id":612,"type":"材料合成","origin":"锐符石•玄*3","originName":"锐符石•玄","originCount":3,"rate":0.6,"result":"锐符石•地* 1"},{"id":613,"type":"材料合成","origin":"锐符石•地*3","originName":"锐符石•地","originCount":3,"rate":0.6,"result":"锐符石•天* 1"},{"id":614,"type":"材料合成","origin":"锐符石•天*3","originName":"锐符石•天","originCount":3,"rate":0.6,"result":"锐符石•圣* 1"},{"id":615,"type":"材料合成","origin":"锐符石•凡*4","originName":"锐符石•凡","originCount":4,"rate":0.8,"result":"锐符石•黄* 1"},{"id":616,"type":"材料合成","origin":"锐符石•黄*4","originName":"锐符石•黄","originCount":4,"rate":0.8,"result":"锐符石•玄* 1"},{"id":617,"type":"材料合成","origin":"锐符石•玄*4","originName":"锐符石•玄","originCount":4,"rate":0.8,"result":"锐符石•地* 1"},{"id":618,"type":"材料合成","origin":"锐符石•地*4","originName":"锐符石•地","originCount":4,"rate":0.8,"result":"锐符石•天* 1"},{"id":619,"type":"材料合成","origin":"锐符石•天*4","originName":"锐符石•天","originCount":4,"rate":0.8,"result":"锐符石•圣* 1"},{"id":620,"type":"材料合成","origin":"锐符石•凡*5","originName":"锐符石•凡","originCount":5,"rate":1,"result":"锐符石•黄* 1"},{"id":621,"type":"材料合成","origin":"锐符石•黄*5","originName":"锐符石•黄","originCount":5,"rate":1,"result":"锐符石•玄* 1"},{"id":622,"type":"材料合成","origin":"锐符石•玄*5","originName":"锐符石•玄","originCount":5,"rate":1,"result":"锐符石•地* 1"},{"id":623,"type":"材料合成","origin":"锐符石•地*5","originName":"锐符石•地","originCount":5,"rate":1,"result":"锐符石•天* 1"},{"id":624,"type":"材料合成","origin":"锐符石•天*5","originName":"锐符石•天","originCount":5,"rate":1,"result":"锐符石•圣* 1"},{"id":625,"type":"材料合成","origin":"盾符石•凡*1","originName":"盾符石•凡","originCount":1,"rate":0.2,"result":"盾符石•黄* 1"},{"id":626,"type":"材料合成","origin":"盾符石•黄*1","originName":"盾符石•黄","originCount":1,"rate":0.2,"result":"盾符石•玄* 1"},{"id":627,"type":"材料合成","origin":"盾符石•玄*1","originName":"盾符石•玄","originCount":1,"rate":0.2,"result":"盾符石•地* 1"},{"id":628,"type":"材料合成","origin":"盾符石•地*1","originName":"盾符石•地","originCount":1,"rate":0.2,"result":"盾符石•天* 1"},{"id":629,"type":"材料合成","origin":"盾符石•天*1","originName":"盾符石•天","originCount":1,"rate":0.2,"result":"盾符石•圣* 1"},{"id":630,"type":"材料合成","origin":"盾符石•凡*2","originName":"盾符石•凡","originCount":2,"rate":0.4,"result":"盾符石•黄* 1"},{"id":631,"type":"材料合成","origin":"盾符石•黄*2","originName":"盾符石•黄","originCount":2,"rate":0.4,"result":"盾符石•玄* 1"},{"id":632,"type":"材料合成","origin":"盾符石•玄*2","originName":"盾符石•玄","originCount":2,"rate":0.4,"result":"盾符石•地* 1"},{"id":633,"type":"材料合成","origin":"盾符石•地*2","originName":"盾符石•地","originCount":2,"rate":0.4,"result":"盾符石•天* 1"},{"id":634,"type":"材料合成","origin":"盾符石•天*2","originName":"盾符石•天","originCount":2,"rate":0.4,"result":"盾符石•圣* 1"},{"id":635,"type":"材料合成","origin":"盾符石•凡*3","originName":"盾符石•凡","originCount":3,"rate":0.6,"result":"盾符石•黄* 1"},{"id":636,"type":"材料合成","origin":"盾符石•黄*3","originName":"盾符石•黄","originCount":3,"rate":0.6,"result":"盾符石•玄* 1"},{"id":637,"type":"材料合成","origin":"盾符石•玄*3","originName":"盾符石•玄","originCount":3,"rate":0.6,"result":"盾符石•地* 1"},{"id":638,"type":"材料合成","origin":"盾符石•地*3","originName":"盾符石•地","originCount":3,"rate":0.6,"result":"盾符石•天* 1"},{"id":639,"type":"材料合成","origin":"盾符石•天*3","originName":"盾符石•天","originCount":3,"rate":0.6,"result":"盾符石•圣* 1"},{"id":640,"type":"材料合成","origin":"盾符石•凡*4","originName":"盾符石•凡","originCount":4,"rate":0.8,"result":"盾符石•黄* 1"},{"id":641,"type":"材料合成","origin":"盾符石•黄*4","originName":"盾符石•黄","originCount":4,"rate":0.8,"result":"盾符石•玄* 1"},{"id":642,"type":"材料合成","origin":"盾符石•玄*4","originName":"盾符石•玄","originCount":4,"rate":0.8,"result":"盾符石•地* 1"},{"id":643,"type":"材料合成","origin":"盾符石•地*4","originName":"盾符石•地","originCount":4,"rate":0.8,"result":"盾符石•天* 1"},{"id":644,"type":"材料合成","origin":"盾符石•天*4","originName":"盾符石•天","originCount":4,"rate":0.8,"result":"盾符石•圣* 1"},{"id":645,"type":"材料合成","origin":"盾符石•凡*5","originName":"盾符石•凡","originCount":5,"rate":1,"result":"盾符石•黄* 1"},{"id":646,"type":"材料合成","origin":"盾符石•黄*5","originName":"盾符石•黄","originCount":5,"rate":1,"result":"盾符石•玄* 1"},{"id":647,"type":"材料合成","origin":"盾符石•玄*5","originName":"盾符石•玄","originCount":5,"rate":1,"result":"盾符石•地* 1"},{"id":648,"type":"材料合成","origin":"盾符石•地*5","originName":"盾符石•地","originCount":5,"rate":1,"result":"盾符石•天* 1"},{"id":649,"type":"材料合成","origin":"盾符石•天*5","originName":"盾符石•天","originCount":5,"rate":1,"result":"盾符石•圣* 1"},{"id":650,"type":"材料合成","origin":"狂符石•凡*1","originName":"狂符石•凡","originCount":1,"rate":0.2,"result":"狂符石•黄* 1"},{"id":651,"type":"材料合成","origin":"狂符石•黄*1","originName":"狂符石•黄","originCount":1,"rate":0.2,"result":"狂符石•玄* 1"},{"id":652,"type":"材料合成","origin":"狂符石•玄*1","originName":"狂符石•玄","originCount":1,"rate":0.2,"result":"狂符石•地* 1"},{"id":653,"type":"材料合成","origin":"狂符石•地*1","originName":"狂符石•地","originCount":1,"rate":0.2,"result":"狂符石•天* 1"},{"id":654,"type":"材料合成","origin":"狂符石•天*1","originName":"狂符石•天","originCount":1,"rate":0.2,"result":"狂符石•圣* 1"},{"id":655,"type":"材料合成","origin":"狂符石•凡*2","originName":"狂符石•凡","originCount":2,"rate":0.4,"result":"狂符石•黄* 1"},{"id":656,"type":"材料合成","origin":"狂符石•黄*2","originName":"狂符石•黄","originCount":2,"rate":0.4,"result":"狂符石•玄* 1"},{"id":657,"type":"材料合成","origin":"狂符石•玄*2","originName":"狂符石•玄","originCount":2,"rate":0.4,"result":"狂符石•地* 1"},{"id":658,"type":"材料合成","origin":"狂符石•地*2","originName":"狂符石•地","originCount":2,"rate":0.4,"result":"狂符石•天* 1"},{"id":659,"type":"材料合成","origin":"狂符石•天*2","originName":"狂符石•天","originCount":2,"rate":0.4,"result":"狂符石•圣* 1"},{"id":660,"type":"材料合成","origin":"狂符石•凡*3","originName":"狂符石•凡","originCount":3,"rate":0.6,"result":"狂符石•黄* 1"},{"id":661,"type":"材料合成","origin":"狂符石•黄*3","originName":"狂符石•黄","originCount":3,"rate":0.6,"result":"狂符石•玄* 1"},{"id":662,"type":"材料合成","origin":"狂符石•玄*3","originName":"狂符石•玄","originCount":3,"rate":0.6,"result":"狂符石•地* 1"},{"id":663,"type":"材料合成","origin":"狂符石•地*3","originName":"狂符石•地","originCount":3,"rate":0.6,"result":"狂符石•天* 1"},{"id":664,"type":"材料合成","origin":"狂符石•天*3","originName":"狂符石•天","originCount":3,"rate":0.6,"result":"狂符石•圣* 1"},{"id":665,"type":"材料合成","origin":"狂符石•凡*4","originName":"狂符石•凡","originCount":4,"rate":0.8,"result":"狂符石•黄* 1"},{"id":666,"type":"材料合成","origin":"狂符石•黄*4","originName":"狂符石•黄","originCount":4,"rate":0.8,"result":"狂符石•玄* 1"},{"id":667,"type":"材料合成","origin":"狂符石•玄*4","originName":"狂符石•玄","originCount":4,"rate":0.8,"result":"狂符石•地* 1"},{"id":668,"type":"材料合成","origin":"狂符石•地*4","originName":"狂符石•地","originCount":4,"rate":0.8,"result":"狂符石•天* 1"},{"id":669,"type":"材料合成","origin":"狂符石•天*4","originName":"狂符石•天","originCount":4,"rate":0.8,"result":"狂符石•圣* 1"},{"id":670,"type":"材料合成","origin":"狂符石•凡*5","originName":"狂符石•凡","originCount":5,"rate":1,"result":"狂符石•黄* 1"},{"id":671,"type":"材料合成","origin":"狂符石•黄*5","originName":"狂符石•黄","originCount":5,"rate":1,"result":"狂符石•玄* 1"},{"id":672,"type":"材料合成","origin":"狂符石•玄*5","originName":"狂符石•玄","originCount":5,"rate":1,"result":"狂符石•地* 1"},{"id":673,"type":"材料合成","origin":"狂符石•地*5","originName":"狂符石•地","originCount":5,"rate":1,"result":"狂符石•天* 1"},{"id":674,"type":"材料合成","origin":"狂符石•天*5","originName":"狂符石•天","originCount":5,"rate":1,"result":"狂符石•圣* 1"},{"id":675,"type":"材料合成","origin":"山符石•凡*1","originName":"山符石•凡","originCount":1,"rate":0.2,"result":"山符石•黄* 1"},{"id":676,"type":"材料合成","origin":"山符石•黄*1","originName":"山符石•黄","originCount":1,"rate":0.2,"result":"山符石•玄* 1"},{"id":677,"type":"材料合成","origin":"山符石•玄*1","originName":"山符石•玄","originCount":1,"rate":0.2,"result":"山符石•地* 1"},{"id":678,"type":"材料合成","origin":"山符石•地*1","originName":"山符石•地","originCount":1,"rate":0.2,"result":"山符石•天* 1"},{"id":679,"type":"材料合成","origin":"山符石•天*1","originName":"山符石•天","originCount":1,"rate":0.2,"result":"山符石•圣* 1"},{"id":680,"type":"材料合成","origin":"山符石•凡*2","originName":"山符石•凡","originCount":2,"rate":0.4,"result":"山符石•黄* 1"},{"id":681,"type":"材料合成","origin":"山符石•黄*2","originName":"山符石•黄","originCount":2,"rate":0.4,"result":"山符石•玄* 1"},{"id":682,"type":"材料合成","origin":"山符石•玄*2","originName":"山符石•玄","originCount":2,"rate":0.4,"result":"山符石•地* 1"},{"id":683,"type":"材料合成","origin":"山符石•地*2","originName":"山符石•地","originCount":2,"rate":0.4,"result":"山符石•天* 1"},{"id":684,"type":"材料合成","origin":"山符石•天*2","originName":"山符石•天","originCount":2,"rate":0.4,"result":"山符石•圣* 1"},{"id":685,"type":"材料合成","origin":"山符石•凡*3","originName":"山符石•凡","originCount":3,"rate":0.6,"result":"山符石•黄* 1"},{"id":686,"type":"材料合成","origin":"山符石•黄*3","originName":"山符石•黄","originCount":3,"rate":0.6,"result":"山符石•玄* 1"},{"id":687,"type":"材料合成","origin":"山符石•玄*3","originName":"山符石•玄","originCount":3,"rate":0.6,"result":"山符石•地* 1"},{"id":688,"type":"材料合成","origin":"山符石•地*3","originName":"山符石•地","originCount":3,"rate":0.6,"result":"山符石•天* 1"},{"id":689,"type":"材料合成","origin":"山符石•天*3","originName":"山符石•天","originCount":3,"rate":0.6,"result":"山符石•圣* 1"},{"id":690,"type":"材料合成","origin":"山符石•凡*4","originName":"山符石•凡","originCount":4,"rate":0.8,"result":"山符石•黄* 1"},{"id":691,"type":"材料合成","origin":"山符石•黄*4","originName":"山符石•黄","originCount":4,"rate":0.8,"result":"山符石•玄* 1"},{"id":692,"type":"材料合成","origin":"山符石•玄*4","originName":"山符石•玄","originCount":4,"rate":0.8,"result":"山符石•地* 1"},{"id":693,"type":"材料合成","origin":"山符石•地*4","originName":"山符石•地","originCount":4,"rate":0.8,"result":"山符石•天* 1"},{"id":694,"type":"材料合成","origin":"山符石•天*4","originName":"山符石•天","originCount":4,"rate":0.8,"result":"山符石•圣* 1"},{"id":695,"type":"材料合成","origin":"山符石•凡*5","originName":"山符石•凡","originCount":5,"rate":1,"result":"山符石•黄* 1"},{"id":696,"type":"材料合成","origin":"山符石•黄*5","originName":"山符石•黄","originCount":5,"rate":1,"result":"山符石•玄* 1"},{"id":697,"type":"材料合成","origin":"山符石•玄*5","originName":"山符石•玄","originCount":5,"rate":1,"result":"山符石•地* 1"},{"id":698,"type":"材料合成","origin":"山符石•地*5","originName":"山符石•地","originCount":5,"rate":1,"result":"山符石•天* 1"},{"id":699,"type":"材料合成","origin":"山符石•天*5","originName":"山符石•天","originCount":5,"rate":1,"result":"山符石•圣* 1"},{"id":700,"type":"材料合成","origin":"定符石•凡*1","originName":"定符石•凡","originCount":1,"rate":0.2,"result":"定符石•黄* 1"},{"id":701,"type":"材料合成","origin":"定符石•黄*1","originName":"定符石•黄","originCount":1,"rate":0.2,"result":"定符石•玄* 1"},{"id":702,"type":"材料合成","origin":"定符石•玄*1","originName":"定符石•玄","originCount":1,"rate":0.2,"result":"定符石•地* 1"},{"id":703,"type":"材料合成","origin":"定符石•地*1","originName":"定符石•地","originCount":1,"rate":0.2,"result":"定符石•天* 1"},{"id":704,"type":"材料合成","origin":"定符石•天*1","originName":"定符石•天","originCount":1,"rate":0.2,"result":"定符石•圣* 1"},{"id":705,"type":"材料合成","origin":"定符石•凡*2","originName":"定符石•凡","originCount":2,"rate":0.4,"result":"定符石•黄* 1"},{"id":706,"type":"材料合成","origin":"定符石•黄*2","originName":"定符石•黄","originCount":2,"rate":0.4,"result":"定符石•玄* 1"},{"id":707,"type":"材料合成","origin":"定符石•玄*2","originName":"定符石•玄","originCount":2,"rate":0.4,"result":"定符石•地* 1"},{"id":708,"type":"材料合成","origin":"定符石•地*2","originName":"定符石•地","originCount":2,"rate":0.4,"result":"定符石•天* 1"},{"id":709,"type":"材料合成","origin":"定符石•天*2","originName":"定符石•天","originCount":2,"rate":0.4,"result":"定符石•圣* 1"},{"id":710,"type":"材料合成","origin":"定符石•凡*3","originName":"定符石•凡","originCount":3,"rate":0.6,"result":"定符石•黄* 1"},{"id":711,"type":"材料合成","origin":"定符石•黄*3","originName":"定符石•黄","originCount":3,"rate":0.6,"result":"定符石•玄* 1"},{"id":712,"type":"材料合成","origin":"定符石•玄*3","originName":"定符石•玄","originCount":3,"rate":0.6,"result":"定符石•地* 1"},{"id":713,"type":"材料合成","origin":"定符石•地*3","originName":"定符石•地","originCount":3,"rate":0.6,"result":"定符石•天* 1"},{"id":714,"type":"材料合成","origin":"定符石•天*3","originName":"定符石•天","originCount":3,"rate":0.6,"result":"定符石•圣* 1"},{"id":715,"type":"材料合成","origin":"定符石•凡*4","originName":"定符石•凡","originCount":4,"rate":0.8,"result":"定符石•黄* 1"},{"id":716,"type":"材料合成","origin":"定符石•黄*4","originName":"定符石•黄","originCount":4,"rate":0.8,"result":"定符石•玄* 1"},{"id":717,"type":"材料合成","origin":"定符石•玄*4","originName":"定符石•玄","originCount":4,"rate":0.8,"result":"定符石•地* 1"},{"id":718,"type":"材料合成","origin":"定符石•地*4","originName":"定符石•地","originCount":4,"rate":0.8,"result":"定符石•天* 1"},{"id":719,"type":"材料合成","origin":"定符石•天*4","originName":"定符石•天","originCount":4,"rate":0.8,"result":"定符石•圣* 1"},{"id":720,"type":"材料合成","origin":"定符石•凡*5","originName":"定符石•凡","originCount":5,"rate":1,"result":"定符石•黄* 1"},{"id":721,"type":"材料合成","origin":"定符石•黄*5","originName":"定符石•黄","originCount":5,"rate":1,"result":"定符石•玄* 1"},{"id":722,"type":"材料合成","origin":"定符石•玄*5","originName":"定符石•玄","originCount":5,"rate":1,"result":"定符石•地* 1"},{"id":723,"type":"材料合成","origin":"定符石•地*5","originName":"定符石•地","originCount":5,"rate":1,"result":"定符石•天* 1"},{"id":724,"type":"材料合成","origin":"定符石•天*5","originName":"定符石•天","originCount":5,"rate":1,"result":"定符石•圣* 1"},{"id":725,"type":"材料合成","origin":"游符石•凡*1","originName":"游符石•凡","originCount":1,"rate":0.2,"result":"游符石•黄* 1"},{"id":726,"type":"材料合成","origin":"游符石•黄*1","originName":"游符石•黄","originCount":1,"rate":0.2,"result":"游符石•玄* 1"},{"id":727,"type":"材料合成","origin":"游符石•玄*1","originName":"游符石•玄","originCount":1,"rate":0.2,"result":"游符石•地* 1"},{"id":728,"type":"材料合成","origin":"游符石•地*1","originName":"游符石•地","originCount":1,"rate":0.2,"result":"游符石•天* 1"},{"id":729,"type":"材料合成","origin":"游符石•天*1","originName":"游符石•天","originCount":1,"rate":0.2,"result":"游符石•圣* 1"},{"id":730,"type":"材料合成","origin":"游符石•凡*2","originName":"游符石•凡","originCount":2,"rate":0.4,"result":"游符石•黄* 1"},{"id":731,"type":"材料合成","origin":"游符石•黄*2","originName":"游符石•黄","originCount":2,"rate":0.4,"result":"游符石•玄* 1"},{"id":732,"type":"材料合成","origin":"游符石•玄*2","originName":"游符石•玄","originCount":2,"rate":0.4,"result":"游符石•地* 1"},{"id":733,"type":"材料合成","origin":"游符石•地*2","originName":"游符石•地","originCount":2,"rate":0.4,"result":"游符石•天* 1"},{"id":734,"type":"材料合成","origin":"游符石•天*2","originName":"游符石•天","originCount":2,"rate":0.4,"result":"游符石•圣* 1"},{"id":735,"type":"材料合成","origin":"游符石•凡*3","originName":"游符石•凡","originCount":3,"rate":0.6,"result":"游符石•黄* 1"},{"id":736,"type":"材料合成","origin":"游符石•黄*3","originName":"游符石•黄","originCount":3,"rate":0.6,"result":"游符石•玄* 1"},{"id":737,"type":"材料合成","origin":"游符石•玄*3","originName":"游符石•玄","originCount":3,"rate":0.6,"result":"游符石•地* 1"},{"id":738,"type":"材料合成","origin":"游符石•地*3","originName":"游符石•地","originCount":3,"rate":0.6,"result":"游符石•天* 1"},{"id":739,"type":"材料合成","origin":"游符石•天*3","originName":"游符石•天","originCount":3,"rate":0.6,"result":"游符石•圣* 1"},{"id":740,"type":"材料合成","origin":"游符石•凡*4","originName":"游符石•凡","originCount":4,"rate":0.8,"result":"游符石•黄* 1"},{"id":741,"type":"材料合成","origin":"游符石•黄*4","originName":"游符石•黄","originCount":4,"rate":0.8,"result":"游符石•玄* 1"},{"id":742,"type":"材料合成","origin":"游符石•玄*4","originName":"游符石•玄","originCount":4,"rate":0.8,"result":"游符石•地* 1"},{"id":743,"type":"材料合成","origin":"游符石•地*4","originName":"游符石•地","originCount":4,"rate":0.8,"result":"游符石•天* 1"},{"id":744,"type":"材料合成","origin":"游符石•天*4","originName":"游符石•天","originCount":4,"rate":0.8,"result":"游符石•圣* 1"},{"id":745,"type":"材料合成","origin":"游符石•凡*5","originName":"游符石•凡","originCount":5,"rate":1,"result":"游符石•黄* 1"},{"id":746,"type":"材料合成","origin":"游符石•黄*5","originName":"游符石•黄","originCount":5,"rate":1,"result":"游符石•玄* 1"},{"id":747,"type":"材料合成","origin":"游符石•玄*5","originName":"游符石•玄","originCount":5,"rate":1,"result":"游符石•地* 1"},{"id":748,"type":"材料合成","origin":"游符石•地*5","originName":"游符石•地","originCount":5,"rate":1,"result":"游符石•天* 1"},{"id":749,"type":"材料合成","origin":"游符石•天*5","originName":"游符石•天","originCount":5,"rate":1,"result":"游符石•圣* 1"}]