[{"id":10000,"name":"野狼","skillId":30001,"p1":"60","p2":"50","p3":"40","p4":"50","p5":"90","p6":"20","p7":"0.3","p8":"0","p9":"0.2","p10":"0.1","dropRate":0.35,"material":"野狼兽齿*1#铁矿*1"},{"id":10001,"name":"猛虎","skillId":30002,"p1":"100","p2":"50","p3":"80","p4":"120","p5":"160","p6":"40","p7":"0.3","p8":"0","p9":"0.4","p10":"0.1","dropRate":0.35,"material":"残魂晶石*1#铁矿*1"},{"id":10002,"name":"钻土兽","skillId":30003,"p1":"200","p2":"130","p3":"120","p4":"160","p5":"120","p6":"50","p7":"0.3","p8":"0.05","p9":"0.4","p10":"0.1","dropRate":0.3,"material":"硬皮毛*2"},{"id":10003,"name":"野鹰","skillId":30004,"p1":"200","p2":"100","p3":"80","p4":"120","p5":"140","p6":"10","p7":"0.3","p8":"0.1","p9":"0.3","p10":"0.1","dropRate":0,"material":"无"},{"id":10004,"name":"银羽鹰","skillId":30005,"p1":"400","p2":"100","p3":"80","p4":"220","p5":"260","p6":"20","p7":"0.3","p8":"0.15","p9":"0.3","p10":"0.1","dropRate":0,"material":"无"},{"id":10005,"name":"二柱子","skillId":30006,"p1":"800","p2":"100","p3":"30","p4":"600","p5":"260","p6":"100","p7":"0.3","p8":"0.2","p9":"0.3","p10":"0.1","dropRate":0,"material":"无"},{"id":10006,"name":"狈","skillId":30001,"p1":"40","p2":"50","p3":"40","p4":"50","p5":"90","p6":"20","p7":"0.3","p8":"0.05","p9":"0.2","p10":"0.1","dropRate":0.3,"material":"硬皮毛*1#铁矿*1"},{"id":10007,"name":"野狐","skillId":30001,"p1":"50","p2":"50","p3":"60","p4":"50","p5":"100","p6":"20","p7":"0.3","p8":"0.05","p9":"0.2","p10":"0.1","dropRate":0.3,"material":"硬皮毛*1#铁矿*1"},{"id":10008,"name":"饿狼","skillId":30001,"p1":"100","p2":"50","p3":"70","p4":"100","p5":"120","p6":"30","p7":"0.3","p8":"0.05","p9":"0.2","p10":"0.1","dropRate":0.3,"material":"铁矿*4"},{"id":10009,"name":"野狗","skillId":30001,"p1":"80","p2":"50","p3":"60","p4":"90","p5":"110","p6":"28","p7":"0.3","p8":"0","p9":"0.2","p10":"0.1","dropRate":0.3,"material":"铁矿*3"},{"id":10100,"name":"惹事修真者","skillId":30007,"p1":"130","p2":"100","p3":"140","p4":"90","p5":"120","p6":"60","p7":"0.3","p8":"0","p9":"0.3","p10":"0.1","dropRate":0.3,"material":"硬灵木*1#仙石*1#铁矿*2"},{"id":10101,"name":"拦路修真者","skillId":30008,"p1":"160","p2":"100","p3":"90","p4":"140","p5":"120","p6":"60","p7":"0.3","p8":"0","p9":"0.3","p10":"0.1","dropRate":0.3,"material":"硬灵木*1#仙石*1#铁矿*2"},{"id":10102,"name":"嚣张修真者","skillId":30009,"p1":"280","p2":"100","p3":"180","p4":"180","p5":"170","p6":"70","p7":"0.3","p8":"0","p9":"0.3","p10":"0.1","dropRate":0.5,"material":"灵丝*1#铁矿*2"},{"id":10103,"name":"贼嚣张修真者","skillId":30009,"p1":"320","p2":"100","p3":"210","p4":"210","p5":"190","p6":"80","p7":"0.3","p8":"0","p9":"0.3","p10":"0.1","dropRate":0.4,"material":"火云母*1#灵丝*1#铁矿*1"},{"id":10104,"name":"真嚣张修真者","skillId":30009,"p1":"360","p2":"100","p3":"230","p4":"230","p5":"230","p6":"80","p7":"0.3","p8":"0","p9":"0.3","p10":"0.1","dropRate":0.35,"material":"火云母*1#灵丝*1#铁矿*2"},{"id":10105,"name":"有实力修真者","skillId":30009,"p1":"400","p2":"100","p3":"250","p4":"250","p5":"260","p6":"90","p7":"0.3","p8":"0.1","p9":"0.3","p10":"0.1","dropRate":0.3,"material":"火云母*2#灵丝*2#铁矿*3"},{"id":10106,"name":"喽啰","skillId":30010,"p1":"480","p2":"100","p3":"250","p4":"250","p5":"300","p6":"100","p7":"0.4","p8":"0.05","p9":"0.4","p10":"0.1","dropRate":0,"material":"无"},{"id":10107,"name":"小镇一霸","skillId":30011,"p1":"960","p2":"100","p3":"410","p4":"320","p5":"400","p6":"150","p7":"0.4","p8":"0.15","p9":"0.4","p10":"0.1","dropRate":0,"material":"无"},{"id":10108,"name":"小弟","skillId":30012,"p1":"400","p2":"100","p3":"200","p4":"200","p5":"200","p6":"80","p7":"0.3","p8":"0.05","p9":"0.3","p10":"0.1","dropRate":0,"material":"无"},{"id":10109,"name":"吴雄","skillId":30013,"p1":"700","p2":"100","p3":"280","p4":"320","p5":"260","p6":"80","p7":"0.3","p8":"0.05","p9":"0.3","p10":"0.1","dropRate":0,"material":"无"},{"id":10200,"name":"草狼","skillId":30014,"p1":"240","p2":"100","p3":"130","p4":"180","p5":"120","p6":"90","p7":"0.35","p8":"0.05","p9":"0.3","p10":"0.15","dropRate":0.3,"material":"野狼兽齿*1#仙石*1"},{"id":10201,"name":"红蝎子","skillId":30015,"p1":"220","p2":"100","p3":"170","p4":"90","p5":"120","p6":"110","p7":"0.35","p8":"0.05","p9":"0.3","p10":"0.15","dropRate":0.3,"material":"血精碎*1#仙石*1"},{"id":10202,"name":"小魂狐","skillId":30016,"p1":"200","p2":"100","p3":"160","p4":"80","p5":"120","p6":"70","p7":"0.35","p8":"0.05","p9":"0.3","p10":"0.15","dropRate":0.3,"material":"硬皮毛*1#仙石*1"},{"id":10203,"name":"游地鼠","skillId":30017,"p1":"180","p2":"100","p3":"140","p4":"180","p5":"120","p6":"80","p7":"0.35","p8":"0.05","p9":"0.3","p10":"0.15","dropRate":0.3,"material":"铁矿*2#仙石*1"},{"id":10204,"name":"腐食狼","skillId":30014,"p1":"300","p2":"100","p3":"140","p4":"230","p5":"180","p6":"110","p7":"0.35","p8":"0.1","p9":"0.3","p10":"0.15","dropRate":0.3,"material":"野狼兽齿*2#野狼兽齿*1"},{"id":10205,"name":"黑狼","skillId":30014,"p1":"1000","p2":"100","p3":"230","p4":"320","p5":"300","p6":"170","p7":"0.35","p8":"0.25","p9":"0.4","p10":"0.15","dropRate":0.3,"material":"野狼兽齿*2"},{"id":10206,"name":"移魂兽","skillId":30016,"p1":"250","p2":"100","p3":"240","p4":"90","p5":"196","p6":"120","p7":"0.35","p8":"0.15","p9":"0.1","p10":"0.15","dropRate":0.3,"material":"残魂晶石*2#残魂晶石*1"},{"id":10207,"name":"噬魂貘","skillId":30016,"p1":"800","p2":"100","p3":"320","p4":"180","p5":"240","p6":"140","p7":"0.35","p8":"0.15","p9":"0.3","p10":"0.15","dropRate":0.25,"material":"残魂晶石*2"},{"id":10208,"name":"三尾魂狐","skillId":30018,"p1":"500","p2":"100","p3":"290","p4":"180","p5":"300","p6":"170","p7":"0.35","p8":"0.15","p9":"0.3","p10":"0.1","dropRate":0.25,"material":"魂狐皮*1"},{"id":10209,"name":"金光狼","skillId":30019,"p1":"700","p2":"100","p3":"170","p4":"320","p5":"300","p6":"170","p7":"0.35","p8":"0.1","p9":"0.3","p10":"0.15","dropRate":0.25,"material":"锐金石*1"},{"id":10210,"name":"卜天志","skillId":30020,"p1":"9999","p2":"200","p3":"1350","p4":"1350","p5":"3000","p6":"1700","p7":"0.6","p8":"0.5","p9":"0.5","p10":"0.5","dropRate":1,"material":"三炎绝魔靴*1"},{"id":10211,"name":"修真者喽啰","skillId":30010,"p1":"400","p2":"100","p3":"180","p4":"270","p5":"270","p6":"110","p7":"0.35","p8":"0.15","p9":"0.3","p10":"0.15","dropRate":0.25,"material":"催灵粉*1"},{"id":10212,"name":"修真者大佬","skillId":30011,"p1":"600","p2":"200","p3":"230","p4":"320","p5":"270","p6":"110","p7":"0.35","p8":"0.15","p9":"0.3","p10":"0.15","dropRate":0.25,"material":"百锻钢*1#百锻钢*2"},{"id":10213,"name":"吴兵","skillId":30021,"p1":"1500","p2":"100","p3":"320","p4":"410","p5":"300","p6":"110","p7":"0.35","p8":"0.1","p9":"0.4","p10":"0.15","dropRate":1,"material":"五行灵结石*5"},{"id":10214,"name":"铁背蛮熊","skillId":30022,"p1":"2000","p2":"200","p3":"180","p4":"410","p5":"350","p6":"130","p7":"0.25","p8":"0","p9":"0.5","p10":"0.15","dropRate":0,"material":"无"},{"id":10300,"name":"地灵狐","skillId":30003,"p1":"350","p2":"100","p3":"230","p4":"270","p5":"226","p6":"170","p7":"0.35","p8":"0.05","p9":"0.2","p10":"0.25","dropRate":0.19,"material":"黑曜石*1#仙石*2"},{"id":10301,"name":"紫火狐","skillId":30023,"p1":"450","p2":"100","p3":"270","p4":"230","p5":"300","p6":"130","p7":"0.35","p8":"0.05","p9":"0.25","p10":"0.25","dropRate":0.19,"material":"炙炎石*1#仙石*2"},{"id":10302,"name":"魂生狐","skillId":30024,"p1":"300","p2":"100","p3":"320","p4":"180","p5":"240","p6":"140","p7":"0.35","p8":"0.05","p9":"0.25","p10":"0.25","dropRate":0.19,"material":"水灵石*1#仙石*2"},{"id":10303,"name":"金锋狐","skillId":30025,"p1":"450","p2":"100","p3":"180","p4":"320","p5":"300","p6":"130","p7":"0.35","p8":"0.05","p9":"0.3","p10":"0.25","dropRate":0.19,"material":"金曜石*1#仙石*2"},{"id":10304,"name":"灵动狐","skillId":30026,"p1":"400","p2":"100","p3":"230","p4":"230","p5":"226","p6":"130","p7":"0.35","p8":"0.2","p9":"0.25","p10":"0.25","dropRate":0.19,"material":"青曜石*1#仙石*2"},{"id":10305,"name":"劫雷傀儡","skillId":30027,"p1":"1000","p2":"200","p3":"220","p4":"160","p5":"330","p6":"140","p7":"0.4","p8":"0.05","p9":"0.3","p10":"0.2","dropRate":0,"material":"无"},{"id":10306,"name":"雷兵","skillId":30028,"p1":"3000","p2":"200","p3":"510","p4":"330","p5":"330","p6":"180","p7":"0.4","p8":"0.05","p9":"0.3","p10":"0.2","dropRate":1,"material":"雷之虚相*1"},{"id":null,"skillId":null,"p3":"0","p4":"0","dropRate":null},{"id":10400,"name":"拦路修真者","skillId":30030,"p1":"350","p2":"200","p3":"250","p4":"330","p5":"300","p6":"170","p7":"0.35","p8":"0.1","p9":"0.25","p10":"0.25","dropRate":0.19,"material":"精铁矿*2#仙石*1#精铁矿*1"},{"id":10401,"name":"强盗修真者","skillId":30029,"p1":"450","p2":"200","p3":"250","p4":"330","p5":"300","p6":"170","p7":"0.35","p8":"0.1","p9":"0.25","p10":"0.25","dropRate":0.19,"material":"精铁矿*2#仙石*1#精铁矿*1"},{"id":10402,"name":"魂道修真者","skillId":30011,"p1":"300","p2":"200","p3":"330","p4":"210","p5":"300","p6":"170","p7":"0.35","p8":"0.1","p9":"0.25","p10":"0.25","dropRate":0.19,"material":"精铁矿*2#仙石*1#精铁矿*1"},{"id":10403,"name":"土灵蛇","skillId":30003,"p1":"600","p2":"200","p3":"250","p4":"410","p5":"300","p6":"260","p7":"0.35","p8":"0.2","p9":"0.25","p10":"0.25","dropRate":0.15,"material":"黑曜石*1#黑曜石*2"},{"id":10404,"name":"石化蝎","skillId":30003,"p1":"700","p2":"200","p3":"250","p4":"410","p5":"300","p6":"260","p7":"0.35","p8":"0.1","p9":"0.2","p10":"0.25","dropRate":0.15,"material":"黑曜石*1#黑曜石*2"},{"id":10405,"name":"利爪龟","skillId":30014,"p1":"800","p2":"200","p3":"210","p4":"490","p5":"450","p6":"260","p7":"0.35","p8":"0.05","p9":"0.3","p10":"0.25","dropRate":0.15,"material":"黑曜石*1#黑曜石*2"},{"id":10406,"name":"幽魂","skillId":30031,"p1":"500","p2":"200","p3":"370","p4":"210","p5":"450","p6":"90","p7":"0.35","p8":"0.2","p9":"0.2","p10":"0.25","dropRate":0.15,"material":"水灵石*1#水灵石*2"},{"id":10407,"name":"阴灵","skillId":30032,"p1":"600","p2":"200","p3":"450","p4":"210","p5":"450","p6":"130","p7":"0.35","p8":"0.2","p9":"0.2","p10":"0.25","dropRate":0.15,"material":"水灵石*1#水灵石*2"},{"id":10408,"name":"怨恨阴灵","skillId":30032,"p1":"700","p2":"200","p3":"490","p4":"250","p5":"526","p6":"170","p7":"0.35","p8":"0.2","p9":"0.2","p10":"0.25","dropRate":0.15,"material":"水灵石*1#水灵石*2"},{"id":10409,"name":"夜狼","skillId":30033,"p1":"500","p2":"200","p3":"290","p4":"330","p5":"300","p6":"170","p7":"0.35","p8":"0.1","p9":"0.25","p10":"0.25","dropRate":0.18,"material":"精铁矿*2"},{"id":10410,"name":"夜狼王","skillId":30034,"p1":"800","p2":"200","p3":"370","p4":"450","p5":"450","p6":"220","p7":"0.35","p8":"0.1","p9":"0.25","p10":"0.25","dropRate":0.11,"material":"魔元晶*1"},{"id":10411,"name":"岩穿山甲","skillId":30035,"p1":"700","p2":"200","p3":"210","p4":"330","p5":"150","p6":"260","p7":"0.25","p8":"0.1","p9":"0.35","p10":"0.25","dropRate":0.18,"material":"精铁矿*2"},{"id":10412,"name":"穿山甲王","skillId":30036,"p1":"1000","p2":"200","p3":"290","p4":"410","p5":"300","p6":"340","p7":"0.25","p8":"0.1","p9":"0.35","p10":"0.25","dropRate":0.11,"material":"灵元晶*1"},{"id":10413,"name":"小碧尾狐","skillId":30037,"p1":"400","p2":"200","p3":"370","p4":"250","p5":"376","p6":"90","p7":"0.35","p8":"0.15","p9":"0.25","p10":"0.25","dropRate":0.18,"material":"精铁矿*2"},{"id":10414,"name":"碧火狐","skillId":30038,"p1":"700","p2":"200","p3":"450","p4":"330","p5":"526","p6":"170","p7":"0.35","p8":"0.15","p9":"0.25","p10":"0.25","dropRate":0.11,"material":"魔元晶*1#灵元晶*1"},{"id":10415,"name":"守卫（虚）","skillId":30039,"p1":"1000","p2":"200","p3":"310","p4":"300","p5":"400","p6":"150","p7":"0.3","p8":"0.05","p9":"0.2","p10":"0.2","dropRate":0,"material":"无"},{"id":10416,"name":"王利（虚）","skillId":30040,"p1":"3000","p2":"200","p3":"400","p4":"650","p5":"550","p6":"250","p7":"0.4","p8":"0.1","p9":"0.2","p10":"0.3","dropRate":0,"material":"无"},{"id":10417,"name":"守卫","skillId":30039,"p1":"1800","p2":"200","p3":"350","p4":"400","p5":"500","p6":"250","p7":"0.3","p8":"0.05","p9":"0.2","p10":"0.2","dropRate":0,"material":"无"},{"id":10418,"name":"王利","skillId":30040,"p1":"4500","p2":"200","p3":"500","p4":"800","p5":"650","p6":"350","p7":"0.4","p8":"0.1","p9":"0.2","p10":"0.3","dropRate":0,"material":"无"},{"id":null,"skillId":null,"p3":"0","p4":"0","dropRate":null},{"id":10500,"name":"暴躁修真者","skillId":30010,"p1":"2800","p2":"200","p3":"330","p4":"700","p5":"600","p6":"340","p7":"0.3","p8":"0.1","p9":"0.5","p10":"0.2","dropRate":0,"material":"无"},{"id":10501,"name":"鬼祟修真者","skillId":30011,"p1":"2000","p2":"200","p3":"650","p4":"250","p5":"600","p6":"340","p7":"0.4","p8":"0.15","p9":"0.2","p10":"0.2","dropRate":0,"material":"无"},{"id":10502,"name":"猥琐修真者","skillId":30015,"p1":"2500","p2":"200","p3":"650","p4":"570","p5":"676","p6":"430","p7":"0.5","p8":"0.15","p9":"0.4","p10":"0.4","dropRate":0,"material":"无"},{"id":10503,"name":"一般修真者","skillId":30030,"p1":"3000","p2":"200","p3":"330","p4":"700","p5":"600","p6":"340","p7":"0.5","p8":"0.1","p9":"0.4","p10":"0.4","dropRate":0,"material":"无"},{"id":10504,"name":"修真者小偷","skillId":30041,"p1":"2000","p2":"200","p3":"490","p4":"490","p5":"750","p6":"340","p7":"0.3","p8":"0.3","p9":"0.1","p10":"0.1","dropRate":0,"material":"无"},{"id":10505,"name":"皇宫守卫","skillId":30039,"p1":"5000","p2":"200","p3":"810","p4":"990","p5":"900","p6":"510","p7":"0.4","p8":"0.2","p9":"0.3","p10":"0.3","dropRate":0,"material":"无"},{"id":10506,"name":"守卫统领","skillId":30040,"p1":"8000","p2":"200","p3":"1080","p4":"1080","p5":"1200","p6":"680","p7":"0.5","p8":"0.2","p9":"0.4","p10":"0.4","dropRate":0,"material":"无"},{"id":10507,"name":"王府守卫","skillId":30039,"p1":"8000","p2":"200","p3":"2700","p4":"2700","p5":"3000","p6":"1700","p7":"0.5","p8":"0.1","p9":"0.4","p10":"0.4","dropRate":0,"material":"无"},{"id":10508,"name":"守卫统领","skillId":30040,"p1":"15000","p2":"200","p3":"3600","p4":"3600","p5":"3000","p6":"1700","p7":"0.5","p8":"0.1","p9":"0.4","p10":"0.4","dropRate":0,"material":"无"},{"id":10509,"name":"古文滔","skillId":30042,"p1":"18000","p2":"200","p3":"1800","p4":"2700","p5":"2250","p6":"1280","p7":"0.5","p8":"0.3","p9":"0.4","p10":"0.4","dropRate":0,"material":"无"},{"id":10510,"name":"周野","skillId":30043,"p1":"5500","p2":"200","p3":"700","p4":"800","p5":"700","p6":"450","p7":"0.4","p8":"0.1","p9":"0.3","p10":"0.3","dropRate":0,"material":"无"},{"id":10511,"name":"野狼帮众","skillId":30010,"p1":"2500","p2":"200","p3":"630","p4":"770","p5":"750","p6":"430","p7":"0.4","p8":"0.15","p9":"0.3","p10":"0.3","dropRate":0,"material":"无"},{"id":10512,"name":"野狼帮主","skillId":30011,"p1":"4500","p2":"200","p3":"810","p4":"810","p5":"1050","p6":"600","p7":"0.5","p8":"0.15","p9":"0.4","p10":"0.4","dropRate":0,"material":"无"},{"id":10600,"name":"凶恶修真者","skillId":30029,"p1":"800","p2":"100","p3":"300","p4":"400","p5":"400","p6":"200","p7":"0.35","p8":"0.1","p9":"0.25","p10":"0.2","dropRate":0.18,"material":"仙石*1#精铁矿*1"},{"id":10601,"name":"强盗修真者","skillId":30014,"p1":"700","p2":"100","p3":"300","p4":"500","p5":"450","p6":"220","p7":"0.3","p8":"0.1","p9":"0.25","p10":"0.25","dropRate":0.18,"material":"仙石*1#精铁矿*1"},{"id":10602,"name":"鬼祟修真者","skillId":30044,"p1":"600","p2":"100","p3":"450","p4":"300","p5":"350","p6":"140","p7":"0.28","p8":"0.1","p9":"0.3","p10":"0.15","dropRate":0.18,"material":"仙石*1#精铁矿*1"},{"id":10603,"name":"黑市恶霸","skillId":30034,"p1":"1000","p2":"200","p3":"550","p4":"600","p5":"500","p6":"350","p7":"0.35","p8":"0.25","p9":"0.25","p10":"0.25","dropRate":0.3,"material":"小雷石*1"},{"id":10604,"name":"黑市小弟","skillId":30100,"p1":"600","p2":"100","p3":"300","p4":"400","p5":"300","p6":"400","p7":"0.3","p8":"0.1","p9":"0.2","p10":"0.2","dropRate":0.13,"material":"精铁矿*1#金曜石*1#黑曜石*1"},{"id":10605,"name":"黑市流氓","skillId":33000,"p1":"700","p2":"200","p3":"600","p4":"400","p5":"500","p6":"300","p7":"0.3","p8":"0.15","p9":"0.2","p10":"0.2","dropRate":0.3,"material":"风结丝*1"},{"id":10606,"name":"黑市混混","skillId":32000,"p1":"400","p2":"100","p3":"450","p4":"300","p5":"400","p6":"300","p7":"0.3","p8":"0.1","p9":"0.2","p10":"0.2","dropRate":0.13,"material":"精铁矿*1#青曜石*1#炙炎石*1"},{"id":10607,"name":"柳卫宣","skillId":30101,"p1":"6000","p2":"200","p3":"1000","p4":"1000","p5":"800","p6":"600","p7":"0.4","p8":"0.1","p9":"0.3","p10":"0.3","dropRate":0,"material":"无"},{"id":10700,"name":"金甲守卫","skillId":30100,"p1":"1000","p2":"100","p3":"300","p4":"500","p5":"500","p6":"250","p7":"0.3","p8":"0.1","p9":"0.25","p10":"0.15","dropRate":0.22,"material":"金曜石*1#精铁矿*1"},{"id":10701,"name":"金甲统领","skillId":30200,"p1":"1500","p2":"100","p3":"300","p4":"600","p5":"600","p6":"250","p7":"0.3","p8":"0.1","p9":"0.25","p10":"0.15","dropRate":0.17,"material":"风结丝*1#精铁矿*1"},{"id":10702,"name":"木甲守卫","skillId":30100,"p1":"1300","p2":"100","p3":"300","p4":"400","p5":"300","p6":"300","p7":"0.3","p8":"0.1","p9":"0.15","p10":"0.25","dropRate":0.22,"material":"青曜石*1#精铁矿*1"},{"id":10703,"name":"木甲统领","skillId":30201,"p1":"1800","p2":"100","p3":"300","p4":"500","p5":"300","p6":"350","p7":"0.3","p8":"0.1","p9":"0.15","p10":"0.25","dropRate":0.17,"material":"小雷石*1#精铁矿*1"},{"id":10704,"name":"水甲守卫","skillId":32000,"p1":"1200","p2":"100","p3":"350","p4":"350","p5":"300","p6":"350","p7":"0.3","p8":"0.1","p9":"0.15","p10":"0.2","dropRate":0.22,"material":"水灵石*1#精铁矿*1"},{"id":10705,"name":"水甲统领","skillId":32100,"p1":"1600","p2":"100","p3":"450","p4":"450","p5":"300","p6":"450","p7":"0.3","p8":"0.1","p9":"0.15","p10":"0.2","dropRate":0.14,"material":"生息果*1#精铁矿*1"},{"id":10706,"name":"火甲守卫","skillId":30100,"p1":"800","p2":"100","p3":"200","p4":"550","p5":"400","p6":"200","p7":"0.3","p8":"0.1","p9":"0.35","p10":"0.1","dropRate":0.22,"material":"炙炎石*1#精铁矿*1"},{"id":10707,"name":"火甲统领","skillId":30500,"p1":"1100","p2":"100","p3":"200","p4":"700","p5":"500","p6":"200","p7":"0.3","p8":"0.1","p9":"0.35","p10":"0.1","dropRate":0.14,"material":"死冥土*1#精铁矿*1"},{"id":10708,"name":"土甲守卫","skillId":32000,"p1":"1000","p2":"100","p3":"300","p4":"500","p5":"300","p6":"500","p7":"0.3","p8":"0.1","p9":"0.1","p10":"0.3","dropRate":0.22,"material":"黑曜石*1#精铁矿*1"},{"id":10709,"name":"土甲统领","skillId":32101,"p1":"1500","p2":"100","p3":"300","p4":"600","p5":"300","p6":"550","p7":"0.3","p8":"0.1","p9":"0.1","p10":"0.3","dropRate":0.11,"material":"小宇石*1#宙息粉*1"},{"id":10710,"name":"皇宫护卫","skillId":30039,"p1":"3500","p2":"100","p3":"800","p4":"900","p5":"450","p6":"300","p7":"0.3","p8":"0.15","p9":"0.2","p10":"0.2","dropRate":0,"material":"无"},{"id":10711,"name":"王昱","skillId":32102,"p1":"6000","p2":"100","p3":"1300","p4":"1000","p5":"550","p6":"400","p7":"0.3","p8":"0.2","p9":"0.2","p10":"0.2","dropRate":0,"material":"无"},{"id":10712,"name":"韩道","skillId":32001,"p1":"5000","p2":"100","p3":"900","p4":"800","p5":"700","p6":"400","p7":"0.2","p8":"0.2","p9":"0.2","p10":"0.2","dropRate":0,"material":"无"},{"id":10713,"name":"曹彬","skillId":30202,"p1":"7000","p2":"80","p3":"700","p4":"1100","p5":"700","p6":"700","p7":"0.3","p8":"0.2","p9":"0.2","p10":"0.2","dropRate":0,"material":"无"},{"id":10714,"name":"朱立","skillId":32103,"p1":"5000","p2":"100","p3":"800","p4":"800","p5":"600","p6":"400","p7":"0.5","p8":"0.2","p9":"0.2","p10":"0.2","dropRate":0,"material":"无"},{"id":10800,"name":"八方国追兵","skillId":30200,"p1":"1000","p2":"100","p3":"400","p4":"550","p5":"500","p6":"350","p7":"0.3","p8":"0.15","p9":"0.2","p10":"0.2","dropRate":0.12,"material":"仙石*2#精铁矿*1#金曜石*1#青曜石*1#水灵石*1#炙炎石*1#黑曜石*1"},{"id":10801,"name":"岩虎","skillId":30102,"p1":"800","p2":"100","p3":"300","p4":"650","p5":"300","p6":"500","p7":"0.3","p8":"0","p9":"0.25","p10":"0.25","dropRate":0.12,"material":"气灵花*1#气灵花*2#仙石*1"},{"id":10802,"name":"火狐","skillId":30500,"p1":"700","p2":"100","p3":"450","p4":"550","p5":"400","p6":"300","p7":"0.35","p8":"0.15","p9":"0.2","p10":"0.1","dropRate":0.11,"material":"小道果*1#仙石*1"},{"id":10803,"name":"紫树妖","skillId":32000,"p1":"1000","p2":"100","p3":"600","p4":"450","p5":"400","p6":"400","p7":"0.35","p8":"0","p9":"0.2","p10":"0.2","dropRate":0.12,"material":"鬼骨*1#鬼骨*2#仙石*2"},{"id":10804,"name":"金狼","skillId":30102,"p1":"1100","p2":"100","p3":"400","p4":"600","p5":"450","p6":"400","p7":"0.3","p8":"0.1","p9":"0.2","p10":"0.2","dropRate":0.11,"material":"死灵晶*1#仙石*2"},{"id":10805,"name":"金狼","skillId":30102,"p1":"1100","p2":"100","p3":"400","p4":"600","p5":"450","p6":"400","p7":"0.3","p8":"0.1","p9":"0.2","p10":"0.2","dropRate":0.11,"material":"化婴草*1#化婴草*2#灵铁矿*1"},{"id":10806,"name":"金狼王","skillId":30103,"p1":"1400","p2":"100","p3":"450","p4":"650","p5":"500","p6":"450","p7":"0.35","p8":"0.1","p9":"0.25","p10":"0.25","dropRate":0.14,"material":"灵炼金曜石*1#灵炼金曜石*2"},{"id":10807,"name":"树妖","skillId":32000,"p1":"1400","p2":"100","p3":"500","p4":"500","p5":"350","p6":"450","p7":"0.35","p8":"0","p9":"0.15","p10":"0.3","dropRate":0.11,"material":"化婴草*1#化婴草*2#灵铁矿*1"},{"id":10808,"name":"紫树妖王","skillId":32104,"p1":"1800","p2":"100","p3":"550","p4":"550","p5":"400","p6":"500","p7":"0.35","p8":"0","p9":"0.15","p10":"0.3","dropRate":0.14,"material":"灵炼青曜石*1#灵炼青曜石*2"},{"id":10809,"name":"水狐","skillId":32000,"p1":"1200","p2":"100","p3":"500","p4":"500","p5":"400","p6":"450","p7":"0.3","p8":"0.1","p9":"0.15","p10":"0.2","dropRate":0.11,"material":"化婴草*1#化婴草*2#灵铁矿*1"},{"id":10810,"name":"水狐王","skillId":32104,"p1":"1600","p2":"100","p3":"550","p4":"550","p5":"450","p6":"500","p7":"0.3","p8":"0.15","p9":"0.15","p10":"0.2","dropRate":0.14,"material":"灵炼水灵石*1#灵炼水灵石*2"},{"id":10811,"name":"火鼠","skillId":30104,"p1":"900","p2":"100","p3":"300","p4":"650","p5":"450","p6":"300","p7":"0.25","p8":"0.05","p9":"0.3","p10":"0.1","dropRate":0.11,"material":"灵窍花*1#灵铁矿*1#灵铁矿*2"},{"id":10812,"name":"火鼠王","skillId":30500,"p1":"1200","p2":"100","p3":"350","p4":"700","p5":"500","p6":"350","p7":"0.3","p8":"0.1","p9":"0.35","p10":"0.1","dropRate":0.14,"material":"灵炼炙炎石*1#灵炼炙炎石*2"},{"id":10813,"name":"蛇妖","skillId":32002,"p1":"1000","p2":"100","p3":"500","p4":"500","p5":"350","p6":"550","p7":"0.35","p8":"0.05","p9":"0.15","p10":"0.3","dropRate":0.11,"material":"灵窍花*1#灵铁矿*1#灵铁矿*2"},{"id":10814,"name":"蛇妖王","skillId":32104,"p1":"1300","p2":"100","p3":"550","p4":"550","p5":"400","p6":"600","p7":"0.35","p8":"0.1","p9":"0.15","p10":"0.3","dropRate":0.14,"material":"灵炼黑曜石*1#灵炼黑曜石*2"},{"id":10815,"name":"黑狼","skillId":30103,"p1":"2200","p2":"100","p3":"600","p4":"800","p5":"600","p6":"550","p7":"0.35","p8":"0.1","p9":"0.25","p10":"0.25","dropRate":0.18,"material":"灵炼金曜石*1"},{"id":10816,"name":"蛇蛟","skillId":30103,"p1":"2000","p2":"100","p3":"600","p4":"850","p5":"650","p6":"600","p7":"0.35","p8":"0.15","p9":"0.3","p10":"0.1","dropRate":0.18,"material":"灵炼水灵石*1"},{"id":10817,"name":"遁地象鼠","skillId":30103,"p1":"2500","p2":"100","p3":"500","p4":"700","p5":"500","p6":"850","p7":"0.35","p8":"0.1","p9":"0.15","p10":"0.35","dropRate":0.18,"material":"灵炼黑曜石*1"},{"id":10818,"name":"不明修士","skillId":32104,"p1":"1800","p2":"100","p3":"900","p4":"600","p5":"600","p6":"400","p7":"0.35","p8":"0.15","p9":"0.2","p10":"0.2","dropRate":0.18,"material":"灵炼青曜石*1"},{"id":10819,"name":"范宗","skillId":30105,"p1":"7000","p2":"100","p3":"1000","p4":"1000","p5":"600","p6":"900","p7":"0.35","p8":"0.1","p9":"0.2","p10":"0.5","dropRate":0,"material":"无"},{"id":10820,"name":"范海","skillId":30501,"p1":"6000","p2":"100","p3":"1000","p4":"900","p5":"800","p6":"400","p7":"0.3","p8":"0.15","p9":"0.25","p10":"0.2","dropRate":0,"material":"无"},{"id":10821,"name":"范海（狂）","skillId":30501,"p1":"7000","p2":"100","p3":"1100","p4":"1000","p5":"900","p6":"500","p7":"0.25","p8":"0.2","p9":"0.3","p10":"0.3","dropRate":0,"material":"无"},{"id":10822,"name":"八方国精兵","skillId":30200,"p1":"1500","p2":"100","p3":"500","p4":"650","p5":"600","p6":"450","p7":"0.3","p8":"0.15","p9":"0.2","p10":"0.2","dropRate":0,"material":"无"},{"id":30000,"name":"伪•神奴（神）","skillId":40001,"p1":"5000","p2":"100","p3":"1800","p4":"600","p5":"1050","p6":"600","p7":"0.3","p8":"0.2","p9":"0.3","p10":"0.3","dropRate":0.25,"material":"铁矿*20"},{"id":30001,"name":"伪•神奴（身）","skillId":40002,"p1":"8000","p2":"100","p3":"800","p4":"1600","p5":"750","p6":"800","p7":"0.3","p8":"0.2","p9":"0.3","p10":"0.3","dropRate":0.25,"material":"铁矿*20"},{"id":30002,"name":"无智奴兽","skillId":40002,"p1":"3000","p2":"100","p3":"500","p4":"800","p5":"510","p6":"400","p7":"0.25","p8":"0.2","p9":"0.35","p10":"0.2","dropRate":0,"material":"无"},{"id":30003,"name":"奴兽王","skillId":40002,"p1":"5000","p2":"100","p3":"600","p4":"900","p5":"650","p6":"500","p7":"0.25","p8":"0.2","p9":"0.35","p10":"0.2","dropRate":0,"material":"无"},{"id":30004,"name":"明灵","skillId":40001,"p1":"3800","p2":"100","p3":"1000","p4":"600","p5":"870","p6":"600","p7":"0.2","p8":"0.25","p9":"0.4","p10":"0.15","dropRate":0,"material":"无"},{"id":30005,"name":"玉灵","skillId":40002,"p1":"6000","p2":"100","p3":"600","p4":"1000","p5":"750","p6":"700","p7":"0.25","p8":"0.2","p9":"0.15","p10":"0.4","dropRate":0,"material":"无"},{"id":30006,"name":"火重明兽","skillId":40015,"p1":"7000","p2":"100","p3":"750","p4":"1100","p5":"990","p6":"700","p7":"0.25","p8":"0.15","p9":"0.25","p10":"0.15","dropRate":0,"material":"无"},{"id":30007,"name":"魂重明兽","skillId":40016,"p1":"7000","p2":"100","p3":"1100","p4":"750","p5":"990","p6":"700","p7":"0.15","p8":"0.25","p9":"0.15","p10":"0.25","dropRate":0,"material":"无"},{"id":30100,"name":"伪•神奴（狂）","skillId":40002,"p1":"8000","p2":"100","p3":"1100","p4":"1900","p5":"1110","p6":"900","p7":"0.2","p8":"0.3","p9":"0.5","p10":"0.3","dropRate":0.25,"material":"铁矿*25"},{"id":30200,"name":"伪•神奴（影）","skillId":40001,"p1":"8000","p2":"200","p3":"1800","p4":"900","p5":"1230","p6":"700","p7":"0.3","p8":"0.35","p9":"0.3","p10":"0.3","dropRate":0.25,"material":"残魂晶石*4"},{"id":30201,"name":"伪•神奴（血）","skillId":40004,"p1":"11000","p2":"200","p3":"1100","p4":"1100","p5":"850","p6":"650","p7":"0.2","p8":"0.2","p9":"0.2","p10":"0.2","dropRate":0.25,"material":"火云母*4"},{"id":31000,"name":"石怪","skillId":40003,"p1":"3000","p2":"100","p3":"800","p4":"900","p5":"1110","p6":"1100","p7":"0.1","p8":"0","p9":"0.2","p10":"0.3","dropRate":0,"material":"无"},{"id":31001,"name":"合灵花妖","skillId":40005,"p1":"4000","p2":"100","p3":"1000","p4":"600","p5":"1350","p6":"600","p7":"0.1","p8":"0.1","p9":"0.3","p10":"0.2","dropRate":0,"material":"无"},{"id":31002,"name":"阴鬼八足蛛","skillId":40006,"p1":"6000","p2":"100","p3":"2200","p4":"1000","p5":"1350","p6":"500","p7":"0.2","p8":"0.25","p9":"0.3","p10":"0.05","dropRate":0.25,"material":"魔元晶*1"},{"id":31003,"name":"断玉雷犀","skillId":40007,"p1":"10000","p2":"100","p3":"1200","p4":"2000","p5":"990","p6":"1300","p7":"0.15","p8":"0.1","p9":"0.3","p10":"0.3","dropRate":0.25,"material":"灵元晶*1"},{"id":31004,"name":"鬼影豹","skillId":40008,"p1":"7000","p2":"100","p3":"1500","p4":"2100","p5":"1350","p6":"500","p7":"0.3","p8":"0.3","p9":"0.15","p10":"0","dropRate":0.25,"material":"风结丝*1"},{"id":31005,"name":"金毛倪","skillId":40009,"p1":"9000","p2":"100","p3":"1700","p4":"1900","p5":"1230","p6":"900","p7":"0.25","p8":"0.15","p9":"0.35","p10":"0.15","dropRate":0.25,"material":"炙炎石*2"},{"id":31006,"name":"三阳金狼","skillId":40012,"p1":"8000","p2":"100","p3":"1400","p4":"2600","p5":"1710","p6":"500","p7":"0.2","p8":"0.1","p9":"0.4","p10":"0.1","dropRate":0.25,"material":"金曜石*3"},{"id":31007,"name":"搬山猿","skillId":40013,"p1":"12000","p2":"100","p3":"800","p4":"2200","p5":"1230","p6":"1200","p7":"0.2","p8":"0.15","p9":"0.25","p10":"0","dropRate":0.25,"material":"黑曜石*3"},{"id":31008,"name":"神奴","skillId":40014,"p1":"15000","p2":"100","p3":"2600","p4":"1500","p5":"1350","p6":"1100","p7":"0.15","p8":"0.15","p9":"0.25","p10":"0.15","dropRate":0.5,"material":"凝风丝*1"},{"id":31009,"name":"神奴（虚）","skillId":40014,"p1":"12000","p2":"100","p3":"2200","p4":"1100","p5":"1230","p6":"1000","p7":"0.1","p8":"0.1","p9":"0.15","p10":"0.1","dropRate":0.25,"material":"凝风丝*1"},{"id":31010,"name":"流毒之源","skillId":40001,"p1":"8000","p2":"100","p3":"1300","p4":"500","p5":"930","p6":"500","p7":"0.15","p8":"0.15","p9":"0.2","p10":"0.2","dropRate":0.08,"material":"流毒*1"},{"id":32000,"name":"吮玉草妖","skillId":40010,"p1":"3000","p2":"100","p3":"1000","p4":"800","p5":"960","p6":"800","p7":"0.2","p8":"0.1","p9":"0.15","p10":"0.15","dropRate":0,"material":"无"},{"id":32001,"name":"玉藤树妖","skillId":40011,"p1":"4000","p2":"100","p3":"700","p4":"1200","p5":"840","p6":"1000","p7":"0.2","p8":"0.1","p9":"0.15","p10":"0.15","dropRate":0,"material":"无"},{"id":50001,"name":"水影尖嘴鱼","skillId":50001,"p1":"2000","p2":"200","p3":"1000","p4":"1300","p5":"700","p6":"600","p7":"0.3","p8":"0.4","p9":"0.3","p10":"0.3","dropRate":0,"material":"无"},{"id":50002,"name":"虹泪龟","skillId":50002,"p1":"3000","p2":"200","p3":"400","p4":"1500","p5":"400","p6":"800","p7":"0.2","p8":"0.2","p9":"0.4","p10":"0.4","dropRate":0,"material":"无"},{"id":50003,"name":"金鳞蛇","skillId":50003,"p1":"2000","p2":"200","p3":"400","p4":"2000","p5":"1000","p6":"600","p7":"0.3","p8":"0.3","p9":"0.5","p10":"0.2","dropRate":0,"material":"无"},{"id":50004,"name":"踏水狼","skillId":50004,"p1":"1500","p2":"200","p3":"800","p4":"2000","p5":"1500","p6":"400","p7":"0.3","p8":"0.3","p9":"0.5","p10":"0.2","dropRate":0,"material":"无"},{"id":50005,"name":"吞火牛蛙","skillId":50005,"p1":"1000","p2":"200","p3":"1200","p4":"1200","p5":"1000","p6":"1000","p7":"0.3","p8":"0.4","p9":"0.3","p10":"0.3","dropRate":0,"material":"无"},{"id":50006,"name":"金翅云鹏（黄）","skillId":50006,"p1":"7000","p2":"200","p3":"1000","p4":"2000","p5":"1500","p6":"1000","p7":"0.4","p8":"0.4","p9":"0.5","p10":"0.2","dropRate":0,"material":"无"},{"id":50007,"name":"吸水黑牛（黄）","skillId":50007,"p1":"8000","p2":"200","p3":"1300","p4":"1500","p5":"1000","p6":"1000","p7":"0.5","p8":"0.3","p9":"0.3","p10":"0.4","dropRate":0,"material":"无"},{"id":50008,"name":"翻浪巨龟（黄）","skillId":50008,"p1":"8000","p2":"200","p3":"1000","p4":"1500","p5":"500","p6":"2000","p7":"0.4","p8":"0.3","p9":"0.2","p10":"0.6","dropRate":0,"material":"无"},{"id":50009,"name":"赤爪鬼鳄（黄）","skillId":50009,"p1":"7000","p2":"200","p3":"2000","p4":"800","p5":"1400","p6":"1200","p7":"0.4","p8":"0.5","p9":"0.4","p10":"0.3","dropRate":0,"material":"无"},{"id":50010,"name":"邪毒水蟒（黄）","skillId":50010,"p1":"8000","p2":"200","p3":"1500","p4":"1500","p5":"1000","p6":"1000","p7":"0.4","p8":"0.4","p9":"0.4","p10":"0.4","dropRate":0,"material":"无"},{"id":50011,"name":"分浪熊（黄）","skillId":50011,"p1":"8000","p2":"200","p3":"800","p4":"2500","p5":"2000","p6":"0","p7":"0.3","p8":"0.2","p9":"0.5","p10":"0.5","dropRate":0,"material":"无"},{"id":50012,"name":"水灵白猿（黄）","skillId":50012,"p1":"14000","p2":"200","p3":"1500","p4":"3500","p5":"2500","p6":"1000","p7":"0.3","p8":"0.3","p9":"0.6","p10":"0.6","dropRate":0,"material":"无"},{"id":60001,"name":"道奴之影","skillId":99991,"p1":"100000","p2":"100","p3":"500","p4":"500","p5":"500","p6":"1000","p7":"0.4","p8":"0.4","p9":"0.4","p10":"0.4","dropRate":0.1,"material":"仙石*10"},{"id":60002,"name":"道奴之影","skillId":99991,"p1":"130000","p2":"100","p3":"800","p4":"800","p5":"800","p6":"1300","p7":"0.42","p8":"0.42","p9":"0.42","p10":"0.42","dropRate":0.1,"material":"仙石*11"},{"id":60003,"name":"道奴之影","skillId":99991,"p1":"160000","p2":"100","p3":"1100","p4":"1100","p5":"1100","p6":"1600","p7":"0.44","p8":"0.44","p9":"0.44","p10":"0.44","dropRate":0.1,"material":"仙石*12"},{"id":60004,"name":"道奴之影","skillId":99991,"p1":"190000","p2":"100","p3":"1400","p4":"1400","p5":"1400","p6":"1900","p7":"0.46","p8":"0.46","p9":"0.46","p10":"0.46","dropRate":0.1,"material":"仙石*13"},{"id":60005,"name":"道奴之影","skillId":99991,"p1":"220000","p2":"100","p3":"1700","p4":"1700","p5":"1700","p6":"2200","p7":"0.48","p8":"0.48","p9":"0.48","p10":"0.48","dropRate":0.1,"material":"仙石*14"},{"id":60006,"name":"道奴之影","skillId":99991,"p1":"250000","p2":"100","p3":"2000","p4":"2000","p5":"2000","p6":"2500","p7":"0.5","p8":"0.5","p9":"0.5","p10":"0.5","dropRate":0.1,"material":"仙石*15"},{"id":60007,"name":"道奴之影","skillId":99991,"p1":"290000","p2":"100","p3":"2300","p4":"2300","p5":"2300","p6":"2800","p7":"0.52","p8":"0.52","p9":"0.52","p10":"0.52","dropRate":0.1,"material":"仙石*16"},{"id":60008,"name":"道奴之影","skillId":99991,"p1":"330000","p2":"100","p3":"2600","p4":"2600","p5":"2600","p6":"3100","p7":"0.54","p8":"0.54","p9":"0.54","p10":"0.54","dropRate":0.1,"material":"仙石*17"},{"id":60009,"name":"道奴之影","skillId":99991,"p1":"370000","p2":"100","p3":"2900","p4":"2900","p5":"2900","p6":"3400","p7":"0.56","p8":"0.56","p9":"0.56","p10":"0.56","dropRate":0.1,"material":"仙石*18"},{"id":60010,"name":"道奴之影","skillId":99991,"p1":"400000","p2":"100","p3":"3200","p4":"3200","p5":"3200","p6":"3700","p7":"0.58","p8":"0.58","p9":"0.58","p10":"0.58","dropRate":0.1,"material":"仙石*19"},{"id":100000,"name":"雷渊•雷兵","skillId":100001,"p1":"20000","p2":"500","p3":"1500","p4":"2000","p5":"500","p6":"500","p7":"0.3","p8":"0","p9":"0.6","p10":"0.4","dropRate":1,"material":"帝源浆*1"}]