[{"id":1,"name":"霸体血脉","quality":1},{"id":2,"name":"霸体觉醒","quality":2},{"id":3,"name":"血牛霸体","quality":3},{"id":4,"name":"蛮牛霸体","quality":3},{"id":5,"name":"蛮神霸体","quality":4},{"id":6,"name":"血神霸体","quality":4},{"id":11,"name":"虚兽灵体（封）","quality":1},{"id":12,"name":"虚兽灵体","quality":2},{"id":13,"name":"霸兽宝体","quality":3},{"id":14,"name":"狂兽宝体","quality":3},{"id":15,"name":"霸王圣体","quality":4},{"id":16,"name":"极道圣体","quality":4},{"id":21,"name":"花影体","quality":1},{"id":22,"name":"花影灵体","quality":2},{"id":23,"name":"雪梅宝体","quality":3},{"id":24,"name":"风灵宝体","quality":3},{"id":25,"name":"曼陀罗圣体","quality":4},{"id":26,"name":"千影圣体","quality":4},{"id":31,"name":"白玉双子体","quality":1},{"id":32,"name":"白玉双子灵体","quality":2},{"id":41,"name":"璃水体","quality":1},{"id":42,"name":"璃水灵体","quality":2},{"id":43,"name":"璃水宝体","quality":3},{"id":44,"name":"无垢宝体","quality":3},{"id":45,"name":"璃水圣体","quality":4},{"id":46,"name":"谪仙圣体","quality":4},{"id":51,"name":"龙族血脉","quality":1},{"id":52,"name":"纯龙血脉","quality":2},{"id":53,"name":"三爪金龙","quality":3},{"id":54,"name":"黑绝孽龙","quality":3},{"id":55,"name":"半祖圣龙","quality":4},{"id":56,"name":"血天魔龙","quality":4},{"id":61,"name":"狂灵体","quality":1},{"id":62,"name":"狂魔体","quality":2},{"id":63,"name":"绝魔体","quality":3},{"id":64,"name":"邪魔体","quality":3},{"id":65,"name":"无生魔体","quality":4},{"id":66,"name":"断界邪体","quality":4},{"id":71,"name":"小玲珑体","quality":1},{"id":72,"name":"玲珑剑体","quality":2},{"id":73,"name":"无踪剑体","quality":3},{"id":74,"name":"破绝剑体","quality":3},{"id":75,"name":"仙踪剑体","quality":4},{"id":76,"name":"绝灭剑体","quality":4},{"id":81,"name":"小血魔体","quality":1},{"id":82,"name":"嗜血魔体","quality":2},{"id":83,"name":"嗜绝魔体","quality":3},{"id":84,"name":"血魔绝体","quality":3},{"id":85,"name":"噬道圣体","quality":4},{"id":86,"name":"湮道圣体","quality":4},{"id":1000,"name":"黄级炼丹天赋","quality":1},{"id":1001,"name":"玄级炼丹天赋","quality":2},{"id":1002,"name":"地级炼丹天赋","quality":3},{"id":1003,"name":"天级炼丹天赋","quality":4},{"id":1100,"name":"黄级铸造天赋","quality":1},{"id":1101,"name":"玄级铸造天赋","quality":2},{"id":1102,"name":"地级铸造天赋","quality":3},{"id":1103,"name":"天级铸造天赋","quality":4},{"id":1200,"name":"黄级灵脉天赋","quality":1},{"id":1201,"name":"玄级灵脉天赋","quality":2},{"id":1202,"name":"地级灵脉天赋","quality":3},{"id":1300,"name":"黄级种植天赋","quality":1},{"id":1400,"name":"黄级矿脉天赋","quality":1},{"id":1500,"name":"黄级培育天赋","quality":1},{"id":1600,"name":"黄级灵粮天赋","quality":1}]