[{"id":1,"name":"仙斗场","type":"排名","range":"1","reward":"灵石*200000#天道积分*100"},{"id":1,"name":"仙斗场","type":"排名","range":"2","reward":"灵石*160000#天道积分*80"},{"id":1,"name":"仙斗场","type":"排名","range":"3","reward":"灵石*120000#天道积分*65"},{"id":1,"name":"仙斗场","type":"排名","range":"4-10","reward":"灵石*100000#天道积分*50"},{"id":1,"name":"仙斗场","type":"排名","range":"11-20","reward":"灵石*80000#天道积分*40"},{"id":1,"name":"仙斗场","type":"排名","range":"21-50","reward":"灵石*60000#天道积分*30"},{"id":1,"name":"仙斗场","type":"排名","range":"50-1000","reward":"灵石*50000#天道积分*25"},{"id":2,"name":"帝尊——幼帝之争","type":"排名","range":"1","reward":"帝尊王气 * 500"},{"id":2,"name":"帝尊——幼帝之争","type":"排名","range":"2","reward":"帝尊王气 * 450"},{"id":2,"name":"帝尊——幼帝之争","type":"排名","range":"3","reward":"帝尊王气 * 400"},{"id":2,"name":"帝尊——幼帝之争","type":"排名","range":"4","reward":"帝尊王气 * 370"},{"id":2,"name":"帝尊——幼帝之争","type":"排名","range":"5","reward":"帝尊王气 * 340"},{"id":2,"name":"帝尊——幼帝之争","type":"排名","range":"6","reward":"帝尊王气 * 310"},{"id":2,"name":"帝尊——幼帝之争","type":"排名","range":"7","reward":"帝尊王气 * 290"},{"id":2,"name":"帝尊——幼帝之争","type":"排名","range":"8","reward":"帝尊王气 * 270"},{"id":2,"name":"帝尊——幼帝之争","type":"排名","range":"9","reward":"帝尊王气 * 250"},{"id":2,"name":"帝尊——幼帝之争","type":"排名","range":"10","reward":"帝尊王气 * 230"},{"id":2,"name":"帝尊——幼帝之争","type":"排名","range":"11-20","reward":"帝尊王气 * 200"},{"id":2,"name":"帝尊——幼帝之争","type":"排名","range":"21-30","reward":"帝尊王气 * 160"},{"id":2,"name":"帝尊——幼帝之争","type":"排名","range":"31-50","reward":"帝尊王气 * 120"},{"id":2,"name":"帝尊——幼帝之争","type":"排名","range":"50-100","reward":"帝尊王气 * 80"},{"id":2,"name":"帝尊——幼帝之争","type":"排名","range":"101-10000","reward":"帝尊王气 * 50"},{"id":2,"name":"帝尊——幼帝之争","type":"积分","range":"100-500","reward":"灵石 * 200000"},{"id":2,"name":"帝尊——幼帝之争","type":"积分","range":"501-1000","reward":"灵草 * 12000 # 矿石 * 12000"},{"id":2,"name":"帝尊——幼帝之争","type":"积分","range":"1001-1500","reward":"天道积分 * 200"},{"id":2,"name":"帝尊——幼帝之争","type":"积分","range":"1501-2000","reward":"修为 * 500000"},{"id":2,"name":"帝尊——幼帝之争","type":"积分","range":"2001-2500","reward":"帝尊王气 * 200"}]