[{"quality":1,"type":"物品","text":"凡品","color":"#FFFFFF"},{"quality":2,"type":"物品","text":"黄品","color":"#66FF33"},{"quality":3,"type":"物品","text":"玄品","color":"#33CCFF"},{"quality":4,"type":"物品","text":"地品","color":"#6666FF"},{"quality":5,"type":"物品","text":"天品","color":"#FF0000"},{"quality":6,"type":"物品","text":"圣品","color":"#990000"},{"quality":7,"type":"物品","text":"仙品","color":"#660099"},{"quality":8,"type":"物品","text":"大罗品","color":"#FFFFFF"},{"quality":9,"type":"物品","text":"道品","color":"#FFFFFF"},{"quality":10,"type":"物品","text":"源品","color":"#FFFFFF"},{"quality":1,"type":"装备","text":"法器","color":"#FFFFFF"},{"quality":2,"type":"装备","text":"灵器","color":"#66FF33"},{"quality":3,"type":"装备","text":"法宝","color":"#33CCFF"},{"quality":4,"type":"装备","text":"灵宝","color":"#6666FF"},{"quality":5,"type":"装备","text":"仙器","color":"#FF0000"},{"quality":6,"type":"装备","text":"仙宝","color":"#990000"},{"quality":7,"type":"装备","text":"后天仙宝","color":"#660099"},{"quality":8,"type":"装备","text":"先天仙宝","color":"#FFFFFF"},{"quality":9,"type":"装备","text":"混沌仙宝","color":"#FFFFFF"},{"quality":10,"type":"装备","text":"开天源宝","color":"#FFFFFF"}]