[{"greatRealm":1,"smallRealm":1,"greatRealmName":"天门境","smallRealmName":"一重天门"},{"greatRealm":1,"smallRealm":2,"greatRealmName":"天门境","smallRealmName":"二重天门"},{"greatRealm":1,"smallRealm":3,"greatRealmName":"天门境","smallRealmName":"三重天门"},{"greatRealm":1,"smallRealm":4,"greatRealmName":"天门境","smallRealmName":"四重天门"},{"greatRealm":1,"smallRealm":5,"greatRealmName":"天门境","smallRealmName":"五重天门"},{"greatRealm":1,"smallRealm":6,"greatRealmName":"天门境","smallRealmName":"六重天门"},{"greatRealm":1,"smallRealm":7,"greatRealmName":"天门境","smallRealmName":"七重天门"},{"greatRealm":1,"smallRealm":8,"greatRealmName":"天门境","smallRealmName":"八重天门"},{"greatRealm":1,"smallRealm":9,"greatRealmName":"天门境","smallRealmName":"九重天门"},{"greatRealm":2,"smallRealm":1,"greatRealmName":"筑基境","smallRealmName":"一层道台"},{"greatRealm":2,"smallRealm":2,"greatRealmName":"筑基境","smallRealmName":"二层道台"},{"greatRealm":2,"smallRealm":3,"greatRealmName":"筑基境","smallRealmName":"三层道台"},{"greatRealm":2,"smallRealm":4,"greatRealmName":"筑基境","smallRealmName":"四层道台"},{"greatRealm":2,"smallRealm":5,"greatRealmName":"筑基境","smallRealmName":"五层道台"},{"greatRealm":2,"smallRealm":6,"greatRealmName":"筑基境","smallRealmName":"六层道台"},{"greatRealm":2,"smallRealm":7,"greatRealmName":"筑基境","smallRealmName":"七层道台"},{"greatRealm":2,"smallRealm":8,"greatRealmName":"筑基境","smallRealmName":"八层道台"},{"greatRealm":2,"smallRealm":9,"greatRealmName":"筑基境","smallRealmName":"九层道台"},{"greatRealm":3,"smallRealm":1,"greatRealmName":"金丹境","smallRealmName":"一重金纹"},{"greatRealm":3,"smallRealm":2,"greatRealmName":"金丹境","smallRealmName":"二重金纹"},{"greatRealm":3,"smallRealm":3,"greatRealmName":"金丹境","smallRealmName":"三重金纹"},{"greatRealm":3,"smallRealm":4,"greatRealmName":"金丹境","smallRealmName":"四重金纹"},{"greatRealm":3,"smallRealm":5,"greatRealmName":"金丹境","smallRealmName":"五重金纹"},{"greatRealm":3,"smallRealm":6,"greatRealmName":"金丹境","smallRealmName":"六重金纹"},{"greatRealm":3,"smallRealm":7,"greatRealmName":"金丹境","smallRealmName":"七重金纹"},{"greatRealm":4,"smallRealm":1,"greatRealmName":"元婴境","smallRealmName":"一通窍"},{"greatRealm":4,"smallRealm":2,"greatRealmName":"元婴境","smallRealmName":"二通窍"},{"greatRealm":4,"smallRealm":3,"greatRealmName":"元婴境","smallRealmName":"三通窍"},{"greatRealm":4,"smallRealm":4,"greatRealmName":"元婴境","smallRealmName":"四通窍"},{"greatRealm":4,"smallRealm":5,"greatRealmName":"元婴境","smallRealmName":"五通窍"},{"greatRealm":4,"smallRealm":6,"greatRealmName":"元婴境","smallRealmName":"六通窍"},{"greatRealm":4,"smallRealm":7,"greatRealmName":"元婴境","smallRealmName":"七通窍"},{"greatRealm":5,"smallRealm":1,"greatRealmName":"化神境","smallRealmName":"融一魄"},{"greatRealm":5,"smallRealm":2,"greatRealmName":"化神境","smallRealmName":"融二魄"},{"greatRealm":5,"smallRealm":3,"greatRealmName":"化神境","smallRealmName":"融三魄"},{"greatRealm":5,"smallRealm":4,"greatRealmName":"化神境","smallRealmName":"融四魄"},{"greatRealm":5,"smallRealm":5,"greatRealmName":"化神境","smallRealmName":"融五魄"},{"greatRealm":5,"smallRealm":6,"greatRealmName":"化神境","smallRealmName":"融六魄"},{"greatRealm":5,"smallRealm":7,"greatRealmName":"化神境","smallRealmName":"圆七魄"},{"greatRealm":6,"smallRealm":1,"greatRealmName":"合体境","smallRealmName":"人魂下境"},{"greatRealm":6,"smallRealm":2,"greatRealmName":"合体境","smallRealmName":"人魂中境"},{"greatRealm":6,"smallRealm":3,"greatRealmName":"合体境","smallRealmName":"人魂上境"},{"greatRealm":6,"smallRealm":4,"greatRealmName":"合体境","smallRealmName":"人魂圆满"},{"greatRealm":6,"smallRealm":5,"greatRealmName":"合体境","smallRealmName":"地魂下境"},{"greatRealm":6,"smallRealm":6,"greatRealmName":"合体境","smallRealmName":"地魂中境"},{"greatRealm":6,"smallRealm":7,"greatRealmName":"合体境","smallRealmName":"地魂上境"},{"greatRealm":6,"smallRealm":8,"greatRealmName":"合体境","smallRealmName":"地魂圆满"},{"greatRealm":6,"smallRealm":9,"greatRealmName":"合体境","smallRealmName":"天魂下境"},{"greatRealm":6,"smallRealm":10,"greatRealmName":"合体境","smallRealmName":"天魂中境"},{"greatRealm":6,"smallRealm":11,"greatRealmName":"合体境","smallRealmName":"天魂上境"},{"greatRealm":6,"smallRealm":12,"greatRealmName":"合体境","smallRealmName":"三魂淬雷"},{"greatRealm":7,"smallRealm":1,"greatRealmName":"渡劫境","smallRealmName":"一九天雷"},{"greatRealm":7,"smallRealm":2,"greatRealmName":"渡劫境","smallRealmName":"二九天雷"},{"greatRealm":7,"smallRealm":3,"greatRealmName":"渡劫境","smallRealmName":"三九天雷"},{"greatRealm":7,"smallRealm":4,"greatRealmName":"渡劫境","smallRealmName":"四九天雷"},{"greatRealm":7,"smallRealm":5,"greatRealmName":"渡劫境","smallRealmName":"五九天雷"},{"greatRealm":7,"smallRealm":6,"greatRealmName":"渡劫境","smallRealmName":"六九天雷"},{"greatRealm":7,"smallRealm":7,"greatRealmName":"渡劫境","smallRealmName":"七九天雷"},{"greatRealm":7,"smallRealm":8,"greatRealmName":"渡劫境","smallRealmName":"八九天雷"},{"greatRealm":7,"smallRealm":9,"greatRealmName":"渡劫境","smallRealmName":"浴雷蜕凡"}]