[{"id":1,"typeId":1,"typeText":"pve杀敌","quality":0,"range":"0 - 1000","effect":0,"name":"降妖•初涉修真","color":"#FFFFFF","description":"门派平和\n此时，门下弟子无任何加成"},{"id":1,"typeId":1,"typeText":"pve杀敌","quality":0,"range":"1001 - 2500","effect":0.02,"name":"降妖•下山雏虎","color":"#CCFFaa","description":"门派略带煞气\n此时，门下弟子实力略微提升\n最终伤害结果提升2%"},{"id":1,"typeId":1,"typeText":"pve杀敌","quality":0,"range":"2501 - 4500","effect":0.05,"name":"降妖•不畏无怖","color":"#77FF00","description":"门派声名外扬\n此时，门下弟子实力有提升\n最终伤害结果提升5%"},{"id":1,"typeId":1,"typeText":"pve杀敌","quality":0,"range":"4501 - 7000","effect":0.1,"name":"降妖•闻名一方","color":"#99FFFF","description":"门派如雷贯耳\n此时，门下弟子实力有一定提升\n最终伤害结果提升10%"},{"id":1,"typeId":1,"typeText":"pve杀敌","quality":0,"range":"7001 - 10000","effect":0.18,"name":"降妖•震慑群妖","color":"#0066FF","description":"门派震慑群妖\n此时，门下弟子实力有较大提升\n最终伤害结果提升18%"},{"id":1,"typeId":1,"typeText":"pve杀敌","quality":0,"range":"10001 - 15000","effect":0.3,"name":"降妖•煞气盈天","color":"#FF9900","description":"门派如日中天\n此时，门下弟子实力有很大提升\n最终伤害结果提升30%"},{"id":1,"typeId":1,"typeText":"pve杀敌","quality":0,"range":"15001 - 30000","effect":0.4,"name":"降妖•尸山血海","color":"#FF0000","description":"门派名声响彻云霄\n此时，门下弟子实力有极大提升\n最终伤害结果提升40%"},{"id":1,"typeId":1,"typeText":"pve杀敌","quality":0,"range":"30001以上","effect":0.6,"name":"降妖•神鬼辟易","color":"#FFFF00","description":"门派踏破轮回\n此时，门下弟子实力有恐怖提升\n最终伤害结果提升60%"},{"id":2,"typeId":2,"typeText":"pvp","quality":0,"range":"0 - 50","effect":0,"name":"仙斗•修真菜鸟","color":"#FFFFFF","description":"初与人斗，手忙脚乱\n此时，门下弟子没有加成"},{"id":2,"typeId":2,"typeText":"pvp","quality":0,"range":"51 - 150","effect":0.02,"name":"仙斗•初生牛犊","color":"#CCFFaa","description":"略有经验，勉强应付\n此时，门下弟子实力略微提升\n被攻击时，最终伤害结果削弱2%"},{"id":2,"typeId":2,"typeText":"pvp","quality":0,"range":"151 - 300","effect":0.05,"name":"仙斗•无所畏惧","color":"#77FF00","description":"经验丰富，从容应付\n此时，门下弟子实力有提升\n被攻击时，最终伤害结果削弱5%"},{"id":2,"typeId":2,"typeText":"pvp","quality":0,"range":"301 - 500","effect":0.1,"name":"仙斗•百胜之人","color":"#99FFFF","description":"经验卓绝，以一当十\n此时，门下弟子实力有一定提升\n被攻击时，最终伤害结果削弱10%"},{"id":2,"typeId":2,"typeText":"pvp","quality":0,"range":"501 - 1000","effect":0.18,"name":"仙斗•千胜枭雄","color":"#0066FF","description":"战力惊人，百战百胜\n此时，门下弟子实力有较大提升\n被攻击时，最终伤害结果削弱18%"},{"id":2,"typeId":2,"typeText":"pvp","quality":0,"range":"1001 - 1500","effect":0.3,"name":"仙斗•一方巨擘","color":"#FF9900","description":"战力通天，敌人闻风丧胆\n此时，门下弟子实力有很大提升\n被攻击时，最终伤害结果削弱30%"},{"id":2,"typeId":2,"typeText":"pvp","quality":0,"range":"1501 - 3000","effect":0.4,"name":"仙斗•闻名星域","color":"#FF0000","description":"战力逆天，恐怖如斯\n此时，门下弟子实力有极大提升\n被攻击时，最终伤害结果削弱40%"},{"id":2,"typeId":2,"typeText":"pvp","quality":0,"range":"3001以上","effect":0.5,"name":"仙斗•帝尊之相","color":"#FFFF00","description":"冲破轮回，唯我独尊\n此时，门下弟子实力有恐怖提升\n被攻击时，最终伤害结果削弱50%"},{"id":11,"typeId":3,"typeText":"锻造","quality":1,"range":"0 - 1000","effect":0,"name":"法器•初入门槛","color":"#FFFFFF","description":"锻造法器级别装备时，无任何加成"},{"id":11,"typeId":3,"typeText":"锻造","quality":1,"range":"1001 - 2000","effect":0.04,"name":"法器•略窥门径","color":"#CCFFaa","description":"锻造法器级别装备时，装备成品属性上下限提升4%"},{"id":11,"typeId":3,"typeText":"锻造","quality":1,"range":"2001 - 3000","effect":0.1,"name":"法器•熟能生巧","color":"#77FF00","description":"锻造法器级别装备时，装备成品属性上下限提升10%"},{"id":11,"typeId":3,"typeText":"锻造","quality":1,"range":"3001 - 4000","effect":0.2,"name":"法器•登堂入室","color":"#00bb00","description":"锻造法器级别装备时，装备成品属性上下限提升20%"},{"id":11,"typeId":3,"typeText":"锻造","quality":1,"range":"4001 - 5000","effect":0.35,"name":"法器•千锤百炼","color":"#aaFFee","description":"锻造法器级别装备时，装备成品属性上下限提升35%"},{"id":11,"typeId":3,"typeText":"锻造","quality":1,"range":"5001以上","effect":0.55,"name":"法器•出神入化","color":"#33ccff","description":"锻造法器级别装备时，装备成品属性上下限提升55%"},{"id":null,"typeId":null,"quality":null,"range":" - ","effect":null},{"id":12,"typeId":3,"typeText":"锻造","quality":2,"range":"0 - 500","effect":0,"name":"灵器•初入门槛","color":"#CCFFaa","description":"锻造灵器级别装备时，无任何加成"},{"id":12,"typeId":3,"typeText":"锻造","quality":2,"range":"501 - 1000","effect":0.03,"name":"灵器•略窥门径","color":"#77FF00","description":"锻造灵器级别装备时，装备成品属性上下限提升3%"},{"id":12,"typeId":3,"typeText":"锻造","quality":2,"range":"1001 - 1600","effect":0.08,"name":"灵器•熟能生巧","color":"#00bb00","description":"锻造灵器级别装备时，装备成品属性上下限提升8%"},{"id":12,"typeId":3,"typeText":"锻造","quality":2,"range":"1601 - 2200","effect":0.15,"name":"灵器•登堂入室","color":"#aaFFee","description":"锻造灵器级别装备时，装备成品属性上下限提升15%"},{"id":12,"typeId":3,"typeText":"锻造","quality":2,"range":"2201 - 3000","effect":0.25,"name":"灵器•千锤百炼","color":"#33ccff","description":"锻造灵器级别装备时，装备成品属性上下限提升25%"},{"id":12,"typeId":3,"typeText":"锻造","quality":2,"range":"3001以上","effect":0.4,"name":"灵器•出神入化","color":"#0066ff","description":"锻造灵器级别装备时，装备成品属性上下限提升40%"},{"id":13,"typeId":3,"typeText":"锻造","quality":3,"range":"0 - 250","effect":0,"name":"法宝•初入门槛","color":"#77FF00","description":"锻造法宝级别装备时，无任何加成"},{"id":13,"typeId":3,"typeText":"锻造","quality":3,"range":"251 - 500","effect":0.02,"name":"法宝•略窥门径","color":"#00bb00","description":"锻造法宝级别装备时，装备成品属性上下限提升2%"},{"id":13,"typeId":3,"typeText":"锻造","quality":3,"range":"501 - 800","effect":0.06,"name":"法宝•熟能生巧","color":"#aaFFee","description":"锻造法宝级别装备时，装备成品属性上下限提升6%"},{"id":13,"typeId":3,"typeText":"锻造","quality":3,"range":"801 - 1200","effect":0.12,"name":"法宝•登堂入室","color":"#33ccff","description":"锻造法宝级别装备时，装备成品属性上下限提升12%"},{"id":13,"typeId":3,"typeText":"锻造","quality":3,"range":"1201 - 1500","effect":0.22,"name":"法宝•千锤百炼","color":"#0066ff","description":"锻造法宝级别装备时，装备成品属性上下限提升22%"},{"id":13,"typeId":3,"typeText":"锻造","quality":3,"range":"1501以上","effect":0.33,"name":"法宝•出神入化","color":"#ff8800","description":"锻造法宝级别装备时，装备成品属性上下限提升33%"},{"id":21,"typeId":4,"typeText":"炼丹","quality":1,"range":"0 - 1000","effect":0,"name":"凡品•初掌火候","color":"#FFFFFF","description":"炼制凡品丹药时，无任何加成"},{"id":21,"typeId":4,"typeText":"炼丹","quality":1,"range":"1001 - 2000","effect":1,"name":"凡品•略窥丹道","color":"#CCFFaa","description":"炼制凡品丹药时，成丹数量上下限额外提升1"},{"id":21,"typeId":4,"typeText":"炼丹","quality":1,"range":"2001 - 3000","effect":2,"name":"凡品•百炼巧手","color":"#77FF00","description":"炼制凡品丹药时，成丹数量上下限额外提升2"},{"id":21,"typeId":4,"typeText":"炼丹","quality":1,"range":"3001 - 4000","effect":3,"name":"凡品•见微知著","color":"#00bb00","description":"炼制凡品丹药时，成丹数量上下限额外提升3"},{"id":21,"typeId":4,"typeText":"炼丹","quality":1,"range":"4001 - 5000","effect":4,"name":"凡品•草木皆知","color":"#aaFFee","description":"炼制凡品丹药时，成丹数量上下限额外提升4"},{"id":21,"typeId":4,"typeText":"炼丹","quality":1,"range":"5001以上","effect":5,"name":"凡品•点凡成仙","color":"#33ccff","description":"炼制凡品丹药时，成丹数量上下限额外提升5"},{"id":null,"typeId":null,"quality":null,"range":" - ","effect":null},{"id":22,"typeId":4,"typeText":"炼丹","quality":2,"range":"0 - 500","effect":0,"name":"黄品•初掌火候","color":"#CCFFaa","description":"炼制黄品丹药时，无任何加成"},{"id":22,"typeId":4,"typeText":"炼丹","quality":2,"range":"501 - 1000","effect":1,"name":"黄品•略窥丹道","color":"#77FF00","description":"炼制黄品丹药时，成丹数量上下限额外提升1"},{"id":22,"typeId":4,"typeText":"炼丹","quality":2,"range":"1001 - 1600","effect":2,"name":"黄品•百炼巧手","color":"#00bb00","description":"炼制黄品丹药时，成丹数量上下限额外提升2"},{"id":22,"typeId":4,"typeText":"炼丹","quality":2,"range":"1601 - 2200","effect":3,"name":"黄品•见微知著","color":"#aaFFee","description":"炼制黄品丹药时，成丹数量上下限额外提升3"},{"id":22,"typeId":4,"typeText":"炼丹","quality":2,"range":"2201 - 3000","effect":4,"name":"黄品•草木皆知","color":"#33ccff","description":"炼制黄品丹药时，成丹数量上下限额外提升4"},{"id":22,"typeId":4,"typeText":"炼丹","quality":2,"range":"3001以上","effect":5,"name":"黄品•点凡成仙","color":"#0066ff","description":"炼制黄品丹药时，成丹数量上下限额外提升5"},{"id":23,"typeId":4,"typeText":"炼丹","quality":3,"range":"0 - 250","effect":0,"name":"玄品•初掌火候","color":"#77FF00","description":"炼制玄品丹药时，无任何加成"},{"id":23,"typeId":4,"typeText":"炼丹","quality":3,"range":"251 - 500","effect":1,"name":"玄品•略窥丹道","color":"#00bb00","description":"炼制玄品丹药时，成丹数量上下限额外提升1"},{"id":23,"typeId":4,"typeText":"炼丹","quality":3,"range":"501 - 800","effect":2,"name":"玄品•百炼巧手","color":"#aaFFee","description":"炼制玄品丹药时，成丹数量上下限额外提升2"},{"id":23,"typeId":4,"typeText":"炼丹","quality":3,"range":"801 - 1200","effect":3,"name":"玄品•见微知著","color":"#33ccff","description":"炼制玄品丹药时，成丹数量上下限额外提升3"},{"id":23,"typeId":4,"typeText":"炼丹","quality":3,"range":"1201 - 2000","effect":4,"name":"玄品•草木皆知","color":"#0066ff","description":"炼制玄品丹药时，成丹数量上下限额外提升4"},{"id":23,"typeId":4,"typeText":"炼丹","quality":3,"range":"2001以上","effect":5,"name":"玄品•点凡成仙","color":"#ff8800","description":"炼制玄品丹药时，成丹数量上下限额外提升5"}]