[{"id":1,"level":1,"materialLimit":"灵石*20000#木材*5000#灵草*5000#矿石*5000","condiction1":"筑基境门人>=2","condiction2":"无","judge1":"2#2","judge2":"无"},{"id":2,"level":2,"materialLimit":"灵石*70000#木材*10000#灵草*10000#矿石*10000","condiction1":"金丹境门人>=3","condiction2":"无","judge1":"3#3","judge2":"无"},{"id":3,"level":3,"materialLimit":"灵石*120000#木材*30000#灵草*30000#矿石*30000","condiction1":"元婴境门人>=4","condiction2":"无","judge1":"4#4","judge2":"无"},{"id":4,"level":4,"materialLimit":"灵石*250000#木材*80000#灵草*80000#矿石*80000","condiction1":"化神境门人>=4","condiction2":"无","judge1":"5#4","judge2":"无"},{"id":5,"level":5,"materialLimit":"灵石*400000#木材*120000#灵草*120000#矿石*120000","condiction1":"合体境门人>=5","condiction2":"无","judge1":"6#5","judge2":"无"},{"id":6,"level":6,"materialLimit":"灵石*600000#木材*150000#灵草*150000#矿石*150000","condiction1":"渡劫境门人>=5","condiction2":"无","judge1":"7#5","judge2":"无"}]