[{"id":0,"name":"肉身攻击","layer":1,"skillId":0,"skillName":"肉身攻击","minLevel":1,"maxLevel":1,"formulaSkill":"1","formulaLl":"0","formulaLearnSuccess":"0","formulaLearnConsume":"0","formulaPassive":"无","consume":"无","skillDescription":"肉身类单体输出技能","attrRequire":"无"},{"id":1,"name":"初尘剑法","layer":1,"skillId":11,"skillName":"初尘","minLevel":1,"maxLevel":20,"formulaSkill":"1 + 技能等级^2 / 400","formulaLl":"技能等级 * 5","formulaLearnSuccess":"0.9-0.02*技能等级","formulaLearnConsume":"100 + 100 * 技能等级","formulaPassive":"0.5 * (技能等级^2+技能等级)","consume":"无","skillDescription":"肉身类单体输出技能","passiveDescription":"提升自身破甲属性：","attrRequire":"无"},{"id":1,"name":"初尘剑法","layer":2,"skillId":12,"skillName":"骤雨","minLevel":1,"maxLevel":20,"formulaSkill":"1.25 + 技能等级^2 / 320","formulaLl":"技能等级 * 6","formulaLearnSuccess":"0.8-0.02*技能等级","formulaLearnConsume":"240 + 240 * 技能等级","formulaPassive":"0.03","consume":"无","skillDescription":"肉身类单体输出技能","passiveDescription":"提升自身暴击属性：","attrRequire":"无"},{"id":1,"name":"初尘剑法","layer":2,"skillId":13,"skillName":"繁星","minLevel":1,"maxLevel":20,"formulaSkill":"1 + 技能等级^2 / 400","formulaLl":"技能等级 * 7","formulaLearnSuccess":"0.8-0.02*技能等级","formulaLearnConsume":"240 + 240 * 技能等级","formulaPassive":"0.04","consume":"无","skillDescription":"肉身类横向输出技能","passiveDescription":"提升自身命中属性：","attrRequire":"无"},{"id":1,"name":"初尘剑法","layer":3,"skillId":14,"skillName":"落梅","minLevel":1,"maxLevel":20,"formulaSkill":"1.8 + 技能等级^2 / 230","formulaLl":"技能等级 * 7","formulaLearnSuccess":"0.7-0.02*技能等级","formulaLearnConsume":"480 + 480 * 技能等级","formulaPassive":"0.05","consume":"小顿悟果*1","skillDescription":"肉身类单体输出技能","passiveDescription":"提升自身暴击属性：","attrRequire":"无"},{"id":1,"name":"初尘剑法","layer":3,"skillId":15,"skillName":"冰舞","minLevel":1,"maxLevel":20,"formulaSkill":"1.44 + 技能等级^2 / 280","formulaLl":"技能等级 * 9","formulaLearnSuccess":"0.7-0.02*技能等级","formulaLearnConsume":"480 + 480 * 技能等级","formulaPassive":"0.8 * (技能等级^2+技能等级)","consume":"小顿悟果*1","skillDescription":"肉身类横向输出技能","passiveDescription":"提升自身破甲属性：","attrRequire":"无"},{"id":1,"name":"初尘剑法","layer":3,"skillId":16,"skillName":"百灵","minLevel":1,"maxLevel":20,"formulaSkill":"0.9 + 技能等级^2 / 890","formulaLl":"技能等级 * 8","formulaLearnSuccess":"0.7-0.02*技能等级","formulaLearnConsume":"480 + 480 * 技能等级","formulaPassive":"0.8 * (技能等级^2+技能等级)","consume":"小顿悟果*1","skillDescription":"神念类单体恢复技能","passiveDescription":"提升自身神念属性：","attrRequire":"无"},{"id":1,"name":"初尘剑法","layer":3,"skillId":17,"skillName":"海市","minLevel":1,"maxLevel":20,"formulaSkill":"1.44 + 技能等级^2 / 280","formulaLl":"技能等级 * 9","formulaLearnSuccess":"0.7-0.02*技能等级","formulaLearnConsume":"480 + 480 * 技能等级","formulaPassive":"0.06","consume":"小顿悟果*1","skillDescription":"神念类横向输出技能","passiveDescription":"提升自身躲闪属性：","attrRequire":"无"},{"id":2,"name":"水隐剑法","layer":1,"skillId":21,"skillName":"水隐","minLevel":1,"maxLevel":20,"formulaSkill":"1.09 + 技能等级^2 / 370","formulaLl":"技能等级 * 5","formulaLearnSuccess":"0.9-0.02*技能等级","formulaLearnConsume":"115 + 115 * 技能等级","formulaPassive":"0.6 * (技能等级^2+技能等级)","consume":"无","skillDescription":"肉身类单体输出技能","passiveDescription":"提升自身破甲属性：","attrRequire":"无"},{"id":2,"name":"水隐剑法","layer":2,"skillId":22,"skillName":"一点寒","minLevel":1,"maxLevel":20,"formulaSkill":"1.34 + 技能等级^2 / 300","formulaLl":"技能等级 * 6","formulaLearnSuccess":"0.8-0.02*技能等级","formulaLearnConsume":"258 + 258 * 技能等级","formulaPassive":"0.04","consume":"无","skillDescription":"肉身类单体输出技能","passiveDescription":"提升自身暴击属性：","attrRequire":"无"},{"id":2,"name":"水隐剑法","layer":2,"skillId":23,"skillName":"水隐三分","minLevel":1,"maxLevel":20,"formulaSkill":"1.09 + 技能等级^2 / 370","formulaLl":"技能等级 * 7","formulaLearnSuccess":"0.8-0.02*技能等级","formulaLearnConsume":"258 + 258 * 技能等级","formulaPassive":"0.05","consume":"无","skillDescription":"神念类横向输出技能","passiveDescription":"提升自身躲闪属性：","attrRequire":"无"},{"id":2,"name":"水隐剑法","layer":3,"skillId":24,"skillName":"折梅","minLevel":1,"maxLevel":20,"formulaSkill":"1.89 + 技能等级^2 / 220","formulaLl":"技能等级 * 7","formulaLearnSuccess":"0.7-0.02*技能等级","formulaLearnConsume":"503 + 503 * 技能等级","formulaPassive":"0.065","consume":"小顿悟果*1","skillDescription":"肉身类单体输出技能","passiveDescription":"提升自身暴击属性：","attrRequire":"无"},{"id":2,"name":"水隐剑法","layer":3,"skillId":25,"skillName":"傲雪","minLevel":1,"maxLevel":20,"formulaSkill":"0.9 + 技能等级^2 / 450","formulaLl":"技能等级 * 10","formulaLearnSuccess":"0.7-0.02*技能等级","formulaLearnConsume":"503 + 503 * 技能等级","formulaPassive":"0.8 * (技能等级^2+技能等级)","consume":"小顿悟果*1","skillDescription":"肉身类群体输出技能","passiveDescription":"提升自身破甲属性：","attrRequire":"无"},{"id":2,"name":"水隐剑法","layer":3,"skillId":26,"skillName":"无痕","minLevel":1,"maxLevel":20,"formulaSkill":"1.89 + 技能等级^2 / 220","formulaLl":"技能等级 * 7","formulaLearnSuccess":"0.7-0.02*技能等级","formulaLearnConsume":"503 + 503 * 技能等级","formulaPassive":"0.03","consume":"小顿悟果*1","skillDescription":"神念类单体输出技能","passiveDescription":"提升全体躲闪属性：","attrRequire":"无"},{"id":2,"name":"水隐剑法","layer":3,"skillId":27,"skillName":"无生","minLevel":1,"maxLevel":20,"formulaSkill":"1.53 + 技能等级^2 / 270","formulaLl":"技能等级 * 9","formulaLearnSuccess":"0.7-0.02*技能等级","formulaLearnConsume":"503 + 503 * 技能等级","formulaPassive":"0.8 * (技能等级^2+技能等级)","consume":"小顿悟果*1","skillDescription":"神念类横向输出技能","passiveDescription":"提升自身神念属性：","attrRequire":"无"},{"id":3,"name":"曼陀罗剑法","layer":1,"skillId":31,"skillName":"曼陀罗","minLevel":1,"maxLevel":20,"formulaSkill":"1.1 + 技能等级^2 / 370","formulaLl":"技能等级 * 6","formulaLearnSuccess":"0.9-0.02*技能等级","formulaLearnConsume":"150 + 150 * 技能等级","formulaPassive":"0.7 * (技能等级^2+技能等级)","consume":"无","skillDescription":"肉身类横向输出技能","passiveDescription":"提升自身破甲属性：","attrRequire":"无"},{"id":3,"name":"曼陀罗剑法","layer":2,"skillId":32,"skillName":"零落","minLevel":1,"maxLevel":20,"formulaSkill":"1.55 + 技能等级^2 / 260","formulaLl":"技能等级 * 6","formulaLearnSuccess":"0.8-0.02*技能等级","formulaLearnConsume":"300 + 300 * 技能等级","formulaPassive":"0.06","consume":"无","skillDescription":"肉身类单体输出技能","passiveDescription":"提升自身暴击属性：","attrRequire":"无"},{"id":3,"name":"曼陀罗剑法","layer":2,"skillId":33,"skillName":"迷雾花开","minLevel":1,"maxLevel":20,"formulaSkill":"1.55 + 技能等级^2 / 260","formulaLl":"技能等级 * 6","formulaLearnSuccess":"0.8-0.02*技能等级","formulaLearnConsume":"300 + 300 * 技能等级","formulaPassive":"0.07","consume":"无","skillDescription":"神念类单体输出技能","passiveDescription":"提升自身躲闪属性：","attrRequire":"无"},{"id":3,"name":"曼陀罗剑法","layer":3,"skillId":34,"skillName":"泣梅","minLevel":1,"maxLevel":20,"formulaSkill":"2.1 + 技能等级^2 / 200","formulaLl":"技能等级 * 7","formulaLearnSuccess":"0.7-0.02*技能等级","formulaLearnConsume":"555 + 555 * 技能等级","formulaPassive":"0.09","consume":"小顿悟果*1","skillDescription":"肉身类单体输出技能","passiveDescription":"提升自身暴击属性：","attrRequire":"无"},{"id":3,"name":"曼陀罗剑法","layer":3,"skillId":35,"skillName":"雏菊","minLevel":1,"maxLevel":20,"formulaSkill":"1.74 + 技能等级^2 / 230","formulaLl":"技能等级 * 9","formulaLearnSuccess":"0.7-0.02*技能等级","formulaLearnConsume":"555 + 555 * 技能等级","formulaPassive":"0.9 * (技能等级^2+技能等级)","consume":"小顿悟果*1","skillDescription":"肉身类横向输出技能","passiveDescription":"提升自身破甲属性：","attrRequire":"无"},{"id":3,"name":"曼陀罗剑法","layer":3,"skillId":36,"skillName":"踪飘渺","minLevel":1,"maxLevel":20,"formulaSkill":"2.1 + 技能等级^2 / 200","formulaLl":"技能等级 * 7","formulaLearnSuccess":"0.7-0.02*技能等级","formulaLearnConsume":"555 + 555 * 技能等级","formulaPassive":"0.1","consume":"小顿悟果*1","skillDescription":"神念类单体输出技能","passiveDescription":"提升自身躲闪属性：","attrRequire":"无"},{"id":3,"name":"曼陀罗剑法","layer":3,"skillId":37,"skillName":"此生莲","minLevel":1,"maxLevel":20,"formulaSkill":"0.56 + 技能等级^2 / 1430","formulaLl":"技能等级 * 11","formulaLearnSuccess":"0.7-0.02*技能等级","formulaLearnConsume":"555 + 555 * 技能等级","formulaPassive":"0.4 * (技能等级^2+技能等级)","consume":"小顿悟果*1","skillDescription":"神念类群体恢复技能","passiveDescription":"提升全体神念属性：","attrRequire":"无"},{"id":4,"name":"溟界剑典","layer":1,"skillId":41,"skillName":"溟•狂涛","minLevel":1,"maxLevel":20,"formulaSkill":"1.48 + 技能等级^2 / 280","formulaLl":"技能等级 * 5","formulaLearnSuccess":"0.9-0.02*技能等级","formulaLearnConsume":"180 + 180 * 技能等级","formulaPassive":"0.8 * (技能等级^2+技能等级)","consume":"无","skillDescription":"肉身类单体输出技能","passiveDescription":"提升自身破甲属性：","attrRequire":"无"},{"id":4,"name":"溟界剑典","layer":2,"skillId":42,"skillName":"溟•狂澜击","minLevel":1,"maxLevel":20,"formulaSkill":"1.73 + 技能等级^2 / 240","formulaLl":"技能等级 * 6","formulaLearnSuccess":"0.8-0.02*技能等级","formulaLearnConsume":"336 + 336 * 技能等级","formulaPassive":"0.08","consume":"无","skillDescription":"肉身类单体输出技能","passiveDescription":"提升自身暴击属性：","attrRequire":"无"},{"id":4,"name":"溟界剑典","layer":2,"skillId":43,"skillName":"溟•龙跃影","minLevel":1,"maxLevel":20,"formulaSkill":"1.73 + 技能等级^2 / 240","formulaLl":"技能等级 * 6","formulaLearnSuccess":"0.8-0.02*技能等级","formulaLearnConsume":"336 + 336 * 技能等级","formulaPassive":"0.9 * (技能等级^2+技能等级)","consume":"无","skillDescription":"神念类单体输出技能","passiveDescription":"提升自身破甲属性：","attrRequire":"无"},{"id":4,"name":"溟界剑典","layer":3,"skillId":44,"skillName":"溟•鲸击","minLevel":1,"maxLevel":20,"formulaSkill":"2.28 + 技能等级^2 / 180","formulaLl":"技能等级 * 7","formulaLearnSuccess":"0.7-0.02*技能等级","formulaLearnConsume":"600 + 600 * 技能等级","formulaPassive":"0.11","consume":"小顿悟果*1","skillDescription":"肉身类单体输出技能","passiveDescription":"提升自身暴击属性：","attrRequire":"无"},{"id":4,"name":"溟界剑典","layer":3,"skillId":45,"skillName":"溟•寂生杀","minLevel":1,"maxLevel":20,"formulaSkill":"1.29 + 技能等级^2 / 320","formulaLl":"技能等级 * 10","formulaLearnSuccess":"0.7-0.02*技能等级","formulaLearnConsume":"600 + 600 * 技能等级","formulaPassive":"1 * (技能等级^2+技能等级)","consume":"小顿悟果*1","skillDescription":"肉身类群体输出技能","passiveDescription":"提升自身肉身属性：","attrRequire":"无"},{"id":4,"name":"溟界剑典","layer":3,"skillId":46,"skillName":"溟•跃千愁","minLevel":1,"maxLevel":20,"formulaSkill":"1.92 + 技能等级^2 / 210","formulaLl":"技能等级 * 9","formulaLearnSuccess":"0.7-0.02*技能等级","formulaLearnConsume":"600 + 600 * 技能等级","formulaPassive":"1 * (技能等级^2+技能等级)","consume":"小顿悟果*1","skillDescription":"神念类横向输出技能","passiveDescription":"提升自身神念属性：","attrRequire":"无"},{"id":4,"name":"溟界剑典","layer":3,"skillId":47,"skillName":"溟•魔魂灭","minLevel":1,"maxLevel":20,"formulaSkill":"2.28 + 技能等级^2 / 180","formulaLl":"技能等级 * 7","formulaLearnSuccess":"0.7-0.02*技能等级","formulaLearnConsume":"600 + 600 * 技能等级","formulaPassive":"1 * (技能等级^2+技能等级)","consume":"小顿悟果*1","skillDescription":"神念类单体输出技能","passiveDescription":"提升自身神念属性：","attrRequire":"无"},{"id":5,"name":"花神典","layer":1,"skillId":51,"skillName":"花有缺","minLevel":1,"maxLevel":20,"formulaSkill":"1.48 + 技能等级^2 / 280","formulaLl":"技能等级 * 5","formulaLearnSuccess":"0.9-0.02*技能等级","formulaLearnConsume":"180 + 180 * 技能等级","formulaPassive":"0.07","consume":"无","skillDescription":"肉身类单体输出技能","passiveDescription":"提升自身躲闪属性：","attrRequire":"无"},{"id":5,"name":"花神典","layer":2,"skillId":52,"skillName":"千重木","minLevel":1,"maxLevel":20,"formulaSkill":"1.73 + 技能等级^2 / 240","formulaLl":"技能等级 * 6","formulaLearnSuccess":"0.8-0.02*技能等级","formulaLearnConsume":"336 + 336 * 技能等级","formulaPassive":"0.08","consume":"无","skillDescription":"肉身类单体输出技能","passiveDescription":"提升自身暴击属性：","attrRequire":"无"},{"id":5,"name":"花神典","layer":2,"skillId":53,"skillName":"灵影花","minLevel":1,"maxLevel":20,"formulaSkill":"0.87 + 技能等级^2 / 920","formulaLl":"技能等级 * 7","formulaLearnSuccess":"0.8-0.02*技能等级","formulaLearnConsume":"336 + 336 * 技能等级","formulaPassive":"0.09","consume":"无","skillDescription":"神念类单体恢复技能","passiveDescription":"提升自身躲闪属性：","attrRequire":"无"},{"id":5,"name":"花神典","layer":3,"skillId":54,"skillName":"木卫","minLevel":1,"maxLevel":20,"formulaSkill":"2.28 + 技能等级^2 / 180","formulaLl":"技能等级 * 7","formulaLearnSuccess":"0.7-0.02*技能等级","formulaLearnConsume":"600 + 600 * 技能等级","formulaPassive":"0.11","consume":"小顿悟果*1","skillDescription":"肉身类单体输出技能","passiveDescription":"提升自身暴击属性：","attrRequire":"无"},{"id":5,"name":"花神典","layer":3,"skillId":55,"skillName":"林海三重奏","minLevel":1,"maxLevel":20,"formulaSkill":"1.92 + 技能等级^2 / 210","formulaLl":"技能等级 * 9","formulaLearnSuccess":"0.7-0.02*技能等级","formulaLearnConsume":"600 + 600 * 技能等级","formulaPassive":"1 * (技能等级^2+技能等级)","consume":"小顿悟果*1","skillDescription":"肉身类横向输出技能","passiveDescription":"提升自身破甲属性：","attrRequire":"无"},{"id":5,"name":"花神典","layer":3,"skillId":56,"skillName":"此生凋零","minLevel":1,"maxLevel":20,"formulaSkill":"1.92 + 技能等级^2 / 210","formulaLl":"技能等级 * 9","formulaLearnSuccess":"0.7-0.02*技能等级","formulaLearnConsume":"600 + 600 * 技能等级","formulaPassive":"0.12","consume":"小顿悟果*1","skillDescription":"神念类横向输出技能","passiveDescription":"提升自身躲闪属性：","attrRequire":"无"},{"id":5,"name":"花神典","layer":3,"skillId":57,"skillName":"天涯无角","minLevel":1,"maxLevel":20,"formulaSkill":"1.29 + 技能等级^2 / 320","formulaLl":"技能等级 * 10","formulaLearnSuccess":"0.7-0.02*技能等级","formulaLearnConsume":"600 + 600 * 技能等级","formulaPassive":"0.5 * (技能等级^2+技能等级)","consume":"小顿悟果*1","skillDescription":"神念类群体输出技能","passiveDescription":"提升全体神念属性：","attrRequire":"无"},{"id":6,"name":"寒水三千","layer":1,"skillId":61,"skillName":"夕阳落","minLevel":1,"maxLevel":20,"formulaSkill":"1.66 + 技能等级^2 / 250","formulaLl":"技能等级 * 5","formulaLearnSuccess":"0.9-0.02*技能等级","formulaLearnConsume":"210 + 210 * 技能等级","formulaPassive":"0.9 * (技能等级^2+技能等级)","consume":"无","skillDescription":"神念类单体输出技能","passiveDescription":"提升自身破甲属性：","attrRequire":"无"},{"id":6,"name":"寒水三千","layer":2,"skillId":62,"skillName":"星点","minLevel":1,"maxLevel":20,"formulaSkill":"1.91 + 技能等级^2 / 210","formulaLl":"技能等级 * 6","formulaLearnSuccess":"0.8-0.02*技能等级","formulaLearnConsume":"372 + 372 * 技能等级","formulaPassive":"1 * (技能等级^2+技能等级)","consume":"无","skillDescription":"肉身类单体输出技能","passiveDescription":"提升自身破甲属性：","attrRequire":"无"},{"id":6,"name":"寒水三千","layer":2,"skillId":63,"skillName":"洛神吟","minLevel":1,"maxLevel":20,"formulaSkill":"1.66 + 技能等级^2 / 250","formulaLl":"技能等级 * 7","formulaLearnSuccess":"0.8-0.02*技能等级","formulaLearnConsume":"372 + 372 * 技能等级","formulaPassive":"0.1","consume":"无","skillDescription":"神念类横向输出技能","passiveDescription":"提升自身暴击属性：","attrRequire":"无"},{"id":6,"name":"寒水三千","layer":3,"skillId":64,"skillName":"送葬梅","minLevel":1,"maxLevel":20,"formulaSkill":"2.46 + 技能等级^2 / 170","formulaLl":"技能等级 * 7","formulaLearnSuccess":"0.7-0.02*技能等级","formulaLearnConsume":"645 + 645 * 技能等级","formulaPassive":"1.1 * (技能等级^2+技能等级)","consume":"小顿悟果*1","skillDescription":"肉身类单体输出技能","passiveDescription":"提升自身破甲属性：","attrRequire":"无"},{"id":6,"name":"寒水三千","layer":3,"skillId":65,"skillName":"归墟","minLevel":1,"maxLevel":20,"formulaSkill":"2.1 + 技能等级^2 / 200","formulaLl":"技能等级 * 9","formulaLearnSuccess":"0.7-0.02*技能等级","formulaLearnConsume":"645 + 645 * 技能等级","formulaPassive":"1.1 * (技能等级^2+技能等级)","consume":"小顿悟果*1","skillDescription":"肉身类横向输出技能","passiveDescription":"提升自身破甲属性：","attrRequire":"无"},{"id":6,"name":"寒水三千","layer":3,"skillId":66,"skillName":"倾城顾","minLevel":1,"maxLevel":20,"formulaSkill":"0.74 + 技能等级^2 / 1090","formulaLl":"技能等级 * 11","formulaLearnSuccess":"0.7-0.02*技能等级","formulaLearnConsume":"645 + 645 * 技能等级","formulaPassive":"0.13","consume":"小顿悟果*1","skillDescription":"神念类群体恢复技能","passiveDescription":"提升自身暴击属性：","attrRequire":"无"},{"id":6,"name":"寒水三千","layer":3,"skillId":67,"skillName":"刃雪舞","minLevel":1,"maxLevel":20,"formulaSkill":"2.1 + 技能等级^2 / 200","formulaLl":"技能等级 * 9","formulaLearnSuccess":"0.7-0.02*技能等级","formulaLearnConsume":"645 + 645 * 技能等级","formulaPassive":"2.1*(技能等级^2+技能等级)","consume":"小顿悟果*1","skillDescription":"神念类横向输出技能","passiveDescription":"提升自身神念属性：","attrRequire":"无"},{"id":7,"name":"缘柳剑典","layer":1,"skillId":71,"skillName":"雏柳","minLevel":1,"maxLevel":20,"formulaSkill":"1.72 + 技能等级^2 / 240","formulaLl":"技能等级 * 5","formulaLearnSuccess":"0.9-0.02*技能等级","formulaLearnConsume":"220 + 220 * 技能等级","formulaPassive":"0.9 * (技能等级^2+技能等级)","consume":"无","skillDescription":"肉身类单体输出技能","passiveDescription":"提升自身破甲属性：","attrRequire":"无"},{"id":7,"name":"缘柳剑典","layer":2,"skillId":72,"skillName":"破晓","minLevel":1,"maxLevel":20,"formulaSkill":"1.97 + 技能等级^2 / 210","formulaLl":"技能等级 * 6","formulaLearnSuccess":"0.8-0.02*技能等级","formulaLearnConsume":"384 + 384 * 技能等级","formulaPassive":"1 * (技能等级^2+技能等级)","consume":"无","skillDescription":"肉身类单体输出技能","passiveDescription":"提升自身破甲属性：","attrRequire":"无"},{"id":7,"name":"缘柳剑典","layer":2,"skillId":73,"skillName":"渡相思","minLevel":1,"maxLevel":20,"formulaSkill":"1.29 + 技能等级^2 / 320","formulaLl":"技能等级 * 9","formulaLearnSuccess":"0.8-0.02*技能等级","formulaLearnConsume":"384 + 384 * 技能等级","formulaPassive":"0.05","consume":"无","skillDescription":"神念类群体输出技能","passiveDescription":"提升全体躲闪属性：","attrRequire":"无"},{"id":7,"name":"缘柳剑典","layer":3,"skillId":74,"skillName":"此夕","minLevel":1,"maxLevel":20,"formulaSkill":"2.52 + 技能等级^2 / 160","formulaLl":"技能等级 * 7","formulaLearnSuccess":"0.7-0.02*技能等级","formulaLearnConsume":"660 + 660 * 技能等级","formulaPassive":"1.1 * (技能等级^2+技能等级)","consume":"小顿悟果*1","skillDescription":"肉身类单体输出技能","passiveDescription":"提升自身破甲属性：","attrRequire":"无"},{"id":7,"name":"缘柳剑典","layer":3,"skillId":75,"skillName":"念君","minLevel":1,"maxLevel":20,"formulaSkill":"2.16 + 技能等级^2 / 190","formulaLl":"技能等级 * 9","formulaLearnSuccess":"0.7-0.02*技能等级","formulaLearnConsume":"660 + 660 * 技能等级","formulaPassive":"1.1 * (技能等级^2+技能等级)","consume":"小顿悟果*1","skillDescription":"肉身类横向输出技能","passiveDescription":"提升自身格挡属性：","attrRequire":"无"},{"id":7,"name":"缘柳剑典","layer":3,"skillId":76,"skillName":"情逝","minLevel":1,"maxLevel":20,"formulaSkill":"2.52 + 技能等级^2 / 160","formulaLl":"技能等级 * 7","formulaLearnSuccess":"0.7-0.02*技能等级","formulaLearnConsume":"660 + 660 * 技能等级","formulaPassive":"0.06","consume":"小顿悟果*1","skillDescription":"神念类单体输出技能","passiveDescription":"提升全体暴击属性：","attrRequire":"无"},{"id":7,"name":"缘柳剑典","layer":3,"skillId":77,"skillName":"回眸","minLevel":1,"maxLevel":20,"formulaSkill":"1.26 + 技能等级^2 / 640","formulaLl":"技能等级 * 8","formulaLearnSuccess":"0.7-0.02*技能等级","formulaLearnConsume":"660 + 660 * 技能等级","formulaPassive":"1.1 * (技能等级^2+技能等级)","consume":"小顿悟果*1","skillDescription":"神念类单体恢复技能","passiveDescription":"提升自身神念属性：","attrRequire":"无"},{"id":8,"name":"血天剑典","layer":1,"skillId":81,"skillName":"血海","minLevel":1,"maxLevel":20,"formulaSkill":"1.32 + 技能等级^2 / 310","formulaLl":"技能等级 * 7","formulaLearnSuccess":"0.9-0.02*技能等级","formulaLearnConsume":"245 + 245 * 技能等级","formulaPassive":"1 * (技能等级^2+技能等级)","consume":"无","skillDescription":"神念类群体输出技能","passiveDescription":"提升自身破甲属性：","attrRequire":"无"},{"id":8,"name":"血天剑典","layer":2,"skillId":82,"skillName":"滔天","minLevel":1,"maxLevel":20,"formulaSkill":"1.44 + 技能等级^2 / 280","formulaLl":"技能等级 * 9","formulaLearnSuccess":"0.8-0.02*技能等级","formulaLearnConsume":"414 + 414 * 技能等级","formulaPassive":"1.1 * (技能等级^2+技能等级)","consume":"无","skillDescription":"神念类群体输出技能","passiveDescription":"提升自身破甲属性：","attrRequire":"无"},{"id":8,"name":"血天剑典","layer":2,"skillId":83,"skillName":"无涯","minLevel":1,"maxLevel":20,"formulaSkill":"1.87 + 技能等级^2 / 220","formulaLl":"技能等级 * 7","formulaLearnSuccess":"0.8-0.02*技能等级","formulaLearnConsume":"414 + 414 * 技能等级","formulaPassive":"0.65 * (技能等级^2+技能等级)","consume":"无","skillDescription":"神念类横向输出技能","passiveDescription":"提升全体破甲属性：","attrRequire":"无"},{"id":8,"name":"血天剑典","layer":3,"skillId":83,"skillName":"狂嗜","minLevel":1,"maxLevel":20,"formulaSkill":"2.31 + 技能等级^2 / 180","formulaLl":"技能等级 * 9","formulaLearnSuccess":"0.7-0.02*技能等级","formulaLearnConsume":"698 + 698 * 技能等级","formulaPassive":"1.2 * (技能等级^2+技能等级)","consume":"小顿悟果*1","skillDescription":"神念类横向输出技能","passiveDescription":"提升自身破甲属性：","attrRequire":"无"},{"id":8,"name":"血天剑典","layer":3,"skillId":83,"skillName":"唯尊","minLevel":1,"maxLevel":20,"formulaSkill":"2.67 + 技能等级^2 / 150","formulaLl":"技能等级 * 7","formulaLearnSuccess":"0.7-0.02*技能等级","formulaLearnConsume":"698 + 698 * 技能等级","formulaPassive":"0.15","consume":"小顿悟果*1","skillDescription":"神念类单体输出技能","passiveDescription":"提升自身暴击属性：","attrRequire":"无"},{"id":8,"name":"血天剑典","layer":3,"skillId":83,"skillName":"逆道","minLevel":1,"maxLevel":20,"formulaSkill":"2.67 + 技能等级^2 / 150","formulaLl":"技能等级 * 7","formulaLearnSuccess":"0.7-0.02*技能等级","formulaLearnConsume":"698 + 698 * 技能等级","formulaPassive":"0.07","consume":"小顿悟果*1","skillDescription":"神念类单体输出技能","passiveDescription":"提升全体暴击属性：","attrRequire":"无"},{"id":8,"name":"血天剑典","layer":3,"skillId":83,"skillName":"浴血","minLevel":1,"maxLevel":20,"formulaSkill":"1.34 + 技能等级^2 / 600","formulaLl":"技能等级 * 7","formulaLearnSuccess":"0.7-0.02*技能等级","formulaLearnConsume":"698 + 698 * 技能等级","formulaPassive":"1.2 * (技能等级^2+技能等级)","consume":"小顿悟果*1","skillDescription":"神念类单体恢复技能","passiveDescription":"提升自身神念属性：","attrRequire":"无"},{"id":101,"name":"锻体功","layer":1,"skillId":1011,"skillName":"霸拳","minLevel":1,"maxLevel":20,"formulaSkill":"1 + 技能等级^2 / 400","formulaLl":"技能等级 * 5","formulaLearnSuccess":"0.9-0.02*技能等级","formulaLearnConsume":"100 + 100 * 技能等级","formulaPassive":"0.5 * (技能等级^2+技能等级)","consume":"无","skillDescription":"肉身类单体输出技能","passiveDescription":"提升自身肉身属性：","attrRequire":"无"},{"id":101,"name":"锻体功","layer":2,"skillId":1012,"skillName":"崩山击","minLevel":1,"maxLevel":20,"formulaSkill":"1.25 + 技能等级^2 / 320","formulaLl":"技能等级 * 6","formulaLearnSuccess":"0.8-0.02*技能等级","formulaLearnConsume":"240 + 240 * 技能等级","formulaPassive":"0.6 * (技能等级^2+技能等级)","consume":"无","skillDescription":"肉身类单体输出技能","passiveDescription":"提升自身肉身属性：","attrRequire":"无"},{"id":101,"name":"锻体功","layer":2,"skillId":1013,"skillName":"大风掌","minLevel":1,"maxLevel":20,"formulaSkill":"1 + 技能等级^2 / 400","formulaLl":"技能等级 * 7","formulaLearnSuccess":"0.8-0.02*技能等级","formulaLearnConsume":"240 + 240 * 技能等级","formulaPassive":"0.6 * (技能等级^2+技能等级)","consume":"无","skillDescription":"肉身类横向输出技能","passiveDescription":"提升自身格挡属性：","attrRequire":"无"},{"id":101,"name":"锻体功","layer":3,"skillId":1014,"skillName":"怒颜金刚","minLevel":1,"maxLevel":20,"formulaSkill":"1.8 + 技能等级^2 / 230","formulaLl":"技能等级 * 7","formulaLearnSuccess":"0.7-0.02*技能等级","formulaLearnConsume":"480 + 480 * 技能等级","formulaPassive":"0.05","consume":"小顿悟果*1","skillDescription":"肉身类单体输出技能","passiveDescription":"提升自身暴击属性：","attrRequire":"无"},{"id":101,"name":"锻体功","layer":3,"skillId":1015,"skillName":"百烈手","minLevel":1,"maxLevel":20,"formulaSkill":"1.44 + 技能等级^2 / 280","formulaLl":"技能等级 * 9","formulaLearnSuccess":"0.7-0.02*技能等级","formulaLearnConsume":"480 + 480 * 技能等级","formulaPassive":"0.06","consume":"小顿悟果*1","skillDescription":"肉身类横向输出技能","passiveDescription":"提升自身命中属性：","attrRequire":"无"},{"id":101,"name":"锻体功","layer":3,"skillId":1016,"skillName":"固山金钟","minLevel":1,"maxLevel":20,"formulaSkill":"1.8 + 技能等级^2 / 230","formulaLl":"技能等级 * 7","formulaLearnSuccess":"0.7-0.02*技能等级","formulaLearnConsume":"480 + 480 * 技能等级","formulaPassive":"0.8 * (技能等级^2+技能等级)","consume":"小顿悟果*1","skillDescription":"肉身类单体输出技能","passiveDescription":"提升自身格挡属性：","attrRequire":"无"},{"id":101,"name":"锻体功","layer":3,"skillId":1017,"skillName":"血虹手","minLevel":1,"maxLevel":20,"formulaSkill":"1.44 + 技能等级^2 / 280","formulaLl":"技能等级 * 9","formulaLearnSuccess":"0.7-0.02*技能等级","formulaLearnConsume":"480 + 480 * 技能等级","formulaPassive":"0.5 * (技能等级^2+技能等级)","consume":"小顿悟果*1","skillDescription":"肉身类横向输出技能","passiveDescription":"战斗恢复气血属性：","attrRequire":"无"},{"id":102,"name":"贾家斧","layer":1,"skillId":1021,"skillName":"第一斧","minLevel":1,"maxLevel":20,"formulaSkill":"0.54 + 技能等级^2 / 750","formulaLl":"技能等级 * 7","formulaLearnSuccess":"0.9-0.02*技能等级","formulaLearnConsume":"115 + 115 * 技能等级","formulaPassive":"0.6 * (技能等级^2+技能等级)","consume":"无","skillDescription":"肉身类群体输出技能","passiveDescription":"提升自身肉身属性：","attrRequire":"无"},{"id":102,"name":"贾家斧","layer":2,"skillId":1022,"skillName":"第二斧","minLevel":1,"maxLevel":20,"formulaSkill":"1.34 + 技能等级^2 / 300","formulaLl":"技能等级 * 6","formulaLearnSuccess":"0.8-0.02*技能等级","formulaLearnConsume":"258 + 258 * 技能等级","formulaPassive":"0.7 * (技能等级^2+技能等级)","consume":"无","skillDescription":"肉身类单体输出技能","passiveDescription":"提升自身肉身属性：","attrRequire":"无"},{"id":102,"name":"贾家斧","layer":2,"skillId":1023,"skillName":"斧舞","minLevel":1,"maxLevel":20,"formulaSkill":"1.09 + 技能等级^2 / 370","formulaLl":"技能等级 * 7","formulaLearnSuccess":"0.8-0.02*技能等级","formulaLearnConsume":"258 + 258 * 技能等级","formulaPassive":"0.7 * (技能等级^2+技能等级)","consume":"无","skillDescription":"肉身类横向输出技能","passiveDescription":"提升自身格挡属性：","attrRequire":"无"},{"id":102,"name":"贾家斧","layer":3,"skillId":1024,"skillName":"第三斧","minLevel":1,"maxLevel":20,"formulaSkill":"1.89 + 技能等级^2 / 220","formulaLl":"技能等级 * 7","formulaLearnSuccess":"0.7-0.02*技能等级","formulaLearnConsume":"503 + 503 * 技能等级","formulaPassive":"0.8 * (技能等级^2+技能等级)","consume":"小顿悟果*1","skillDescription":"肉身类单体输出技能","passiveDescription":"提升自身肉身属性：","attrRequire":"无"},{"id":102,"name":"贾家斧","layer":3,"skillId":1025,"skillName":"十斧合一","minLevel":1,"maxLevel":20,"formulaSkill":"1.53 + 技能等级^2 / 270","formulaLl":"技能等级 * 9","formulaLearnSuccess":"0.7-0.02*技能等级","formulaLearnConsume":"503 + 503 * 技能等级","formulaPassive":"0.65","consume":"小顿悟果*1","skillDescription":"肉身类横向输出技能","passiveDescription":"提升自身暴击属性：","attrRequire":"无"},{"id":102,"name":"贾家斧","layer":3,"skillId":1026,"skillName":"血斧风暴","minLevel":1,"maxLevel":20,"formulaSkill":"1.53 + 技能等级^2 / 270","formulaLl":"技能等级 * 9","formulaLearnSuccess":"0.7-0.02*技能等级","formulaLearnConsume":"503 + 503 * 技能等级","formulaPassive":"0.8 * (技能等级^2+技能等级)","consume":"小顿悟果*1","skillDescription":"肉身类横向输出技能","passiveDescription":"提升自身破甲属性：","attrRequire":"无"},{"id":102,"name":"贾家斧","layer":3,"skillId":1027,"skillName":"山岳斧","minLevel":1,"maxLevel":20,"formulaSkill":"1.89 + 技能等级^2 / 220","formulaLl":"技能等级 * 7","formulaLearnSuccess":"0.7-0.02*技能等级","formulaLearnConsume":"503 + 503 * 技能等级","formulaPassive":"0.8 * (技能等级^2+技能等级)","consume":"小顿悟果*1","skillDescription":"肉身类单体输出技能","passiveDescription":"提升自身格挡属性：","attrRequire":"无"},{"id":103,"name":"黑天魔罗功","layer":1,"skillId":1031,"skillName":"黑龙爪","minLevel":1,"maxLevel":20,"formulaSkill":"1.72 + 技能等级^2 / 240","formulaLl":"技能等级 * 5","formulaLearnSuccess":"0.9-0.02*技能等级","formulaLearnConsume":"220 + 220 * 技能等级","formulaPassive":"0.9 * (技能等级^2+技能等级)","consume":"无","skillDescription":"肉身类单体输出技能","passiveDescription":"提升自身肉身属性：","attrRequire":"无"},{"id":103,"name":"黑天魔罗功","layer":2,"skillId":1032,"skillName":"龙之逆鳞","minLevel":1,"maxLevel":20,"formulaSkill":"1.97 + 技能等级^2 / 210","formulaLl":"技能等级 * 6","formulaLearnSuccess":"0.8-0.02*技能等级","formulaLearnConsume":"384 + 384 * 技能等级","formulaPassive":"1 * (技能等级^2+技能等级)","consume":"无","skillDescription":"肉身类单体输出技能","passiveDescription":"提升自身肉身属性：","attrRequire":"无"},{"id":103,"name":"黑天魔罗功","layer":2,"skillId":1033,"skillName":"血鳞舞","minLevel":1,"maxLevel":20,"formulaSkill":"1.29 + 技能等级^2 / 320","formulaLl":"技能等级 * 9","formulaLearnSuccess":"0.8-0.02*技能等级","formulaLearnConsume":"384 + 384 * 技能等级","formulaPassive":"1 * (技能等级^2+技能等级)","consume":"无","skillDescription":"肉身类群体输出技能","passiveDescription":"提升全体格挡属性：","attrRequire":"无"},{"id":103,"name":"黑天魔罗功","layer":3,"skillId":1034,"skillName":"皇龙爪","minLevel":1,"maxLevel":20,"formulaSkill":"2.52 + 技能等级^2 / 160","formulaLl":"技能等级 * 7","formulaLearnSuccess":"0.7-0.02*技能等级","formulaLearnConsume":"660 + 660 * 技能等级","formulaPassive":"1.1 * (技能等级^2+技能等级)","consume":"小顿悟果*1","skillDescription":"肉身类单体输出技能","passiveDescription":"提升自身肉身属性：","attrRequire":"无"},{"id":103,"name":"黑天魔罗功","layer":3,"skillId":1035,"skillName":"龙影殇","minLevel":1,"maxLevel":20,"formulaSkill":"2.16 + 技能等级^2 / 190","formulaLl":"技能等级 * 9","formulaLearnSuccess":"0.7-0.02*技能等级","formulaLearnConsume":"660 + 660 * 技能等级","formulaPassive":"0.14","consume":"小顿悟果*1","skillDescription":"肉身类横向输出技能","passiveDescription":"提升自身暴击属性：","attrRequire":"无"},{"id":103,"name":"黑天魔罗功","layer":3,"skillId":1036,"skillName":"龙之哀伤","minLevel":1,"maxLevel":20,"formulaSkill":"2.16 + 技能等级^2 / 190","formulaLl":"技能等级 * 9","formulaLearnSuccess":"0.7-0.02*技能等级","formulaLearnConsume":"660 + 660 * 技能等级","formulaPassive":"0.6 * (技能等级^2+技能等级)","consume":"小顿悟果*1","skillDescription":"肉身类横向输出技能","passiveDescription":"提升全体格挡属性：","attrRequire":"无"},{"id":103,"name":"黑天魔罗功","layer":3,"skillId":1037,"skillName":"骨龙葬","minLevel":1,"maxLevel":20,"formulaSkill":"2.52 + 技能等级^2 / 160","formulaLl":"技能等级 * 7","formulaLearnSuccess":"0.7-0.02*技能等级","formulaLearnConsume":"660 + 660 * 技能等级","formulaPassive":"0.06","consume":"小顿悟果*1","skillDescription":"肉身类单体输出技能","passiveDescription":"提升全体暴击属性：","attrRequire":"无"},{"id":104,"name":"轰天锤法","layer":1,"skillId":1041,"skillName":"破山锤","minLevel":1,"maxLevel":20,"formulaSkill":"1.72 + 技能等级^2 / 240","formulaLl":"技能等级 * 5","formulaLearnSuccess":"0.9-0.02*技能等级","formulaLearnConsume":"220 + 220 * 技能等级","formulaPassive":"0.07","consume":"无","skillDescription":"肉身类单体输出技能","passiveDescription":"提升自身暴击属性：","attrRequire":"无"},{"id":104,"name":"轰天锤法","layer":2,"skillId":1042,"skillName":"分海锤","minLevel":1,"maxLevel":20,"formulaSkill":"1.97 + 技能等级^2 / 210","formulaLl":"技能等级 * 6","formulaLearnSuccess":"0.8-0.02*技能等级","formulaLearnConsume":"384 + 384 * 技能等级","formulaPassive":"0.11","consume":"无","skillDescription":"肉身类单体输出技能","passiveDescription":"提升自身暴击属性：","attrRequire":"无"},{"id":104,"name":"轰天锤法","layer":2,"skillId":1043,"skillName":"百锤舞","minLevel":1,"maxLevel":20,"formulaSkill":"1.29 + 技能等级^2 / 320","formulaLl":"技能等级 * 9","formulaLearnSuccess":"0.8-0.02*技能等级","formulaLearnConsume":"384 + 384 * 技能等级","formulaPassive":"0.05","consume":"无","skillDescription":"肉身类群体输出技能","passiveDescription":"提升全体暴击属性：","attrRequire":"无"},{"id":104,"name":"轰天锤法","layer":3,"skillId":1044,"skillName":"皇龙爪","minLevel":1,"maxLevel":20,"formulaSkill":"2.52 + 技能等级^2 / 160","formulaLl":"技能等级 * 7","formulaLearnSuccess":"0.7-0.02*技能等级","formulaLearnConsume":"660 + 660 * 技能等级","formulaPassive":"0.14","consume":"小顿悟果*1","skillDescription":"肉身类单体输出技能","passiveDescription":"提升自身暴击属性：","attrRequire":"无"},{"id":104,"name":"轰天锤法","layer":3,"skillId":1045,"skillName":"龙影殇","minLevel":1,"maxLevel":20,"formulaSkill":"2.16 + 技能等级^2 / 190","formulaLl":"技能等级 * 9","formulaLearnSuccess":"0.7-0.02*技能等级","formulaLearnConsume":"660 + 660 * 技能等级","formulaPassive":"1.1 * (技能等级^2+技能等级)","consume":"小顿悟果*1","skillDescription":"肉身类横向输出技能","passiveDescription":"提升自身肉身属性：","attrRequire":"无"},{"id":104,"name":"轰天锤法","layer":3,"skillId":1046,"skillName":"龙之哀伤","minLevel":1,"maxLevel":20,"formulaSkill":"2.16 + 技能等级^2 / 190","formulaLl":"技能等级 * 9","formulaLearnSuccess":"0.7-0.02*技能等级","formulaLearnConsume":"660 + 660 * 技能等级","formulaPassive":"0.6 * (技能等级^2+技能等级)","consume":"小顿悟果*1","skillDescription":"肉身类横向输出技能","passiveDescription":"提升全体肉身属性：","attrRequire":"无"},{"id":104,"name":"轰天锤法","layer":3,"skillId":1047,"skillName":"古龙葬","minLevel":1,"maxLevel":20,"formulaSkill":"2.52 + 技能等级^2 / 160","formulaLl":"技能等级 * 7","formulaLearnSuccess":"0.7-0.02*技能等级","formulaLearnConsume":"660 + 660 * 技能等级","formulaPassive":"0.06","consume":"小顿悟果*1","skillDescription":"肉身类单体输出技能","passiveDescription":"提升全体暴击属性：","attrRequire":"无"},{"id":201,"name":"五行灵疗法","layer":1,"skillId":2011,"skillName":"木疗法","minLevel":1,"maxLevel":20,"formulaSkill":"0.5 + 技能等级^2 / 1600","formulaLl":"技能等级 * 6","formulaLearnSuccess":"0.9-0.02*技能等级","formulaLearnConsume":"100 + 100 * 技能等级","formulaPassive":"0.5 * (技能等级^2+技能等级)","consume":"无","skillDescription":"神念类单体恢复技能","passiveDescription":"提升自身灵力属性：","attrRequire":"无"},{"id":201,"name":"五行灵疗法","layer":2,"skillId":2012,"skillName":"水唤生","minLevel":1,"maxLevel":20,"formulaSkill":"0.63 + 技能等级^2 / 1270","formulaLl":"技能等级 * 7","formulaLearnSuccess":"0.8-0.02*技能等级","formulaLearnConsume":"240 + 240 * 技能等级","formulaPassive":"0.6 * (技能等级^2+技能等级)","consume":"无","skillDescription":"神念类单体恢复技能","passiveDescription":"提升自身神念属性：","attrRequire":"无"},{"id":201,"name":"五行灵疗法","layer":2,"skillId":2013,"skillName":"大木疗法","minLevel":1,"maxLevel":20,"formulaSkill":"0.5 + 技能等级^2 / 1600","formulaLl":"技能等级 * 9","formulaLearnSuccess":"0.8-0.02*技能等级","formulaLearnConsume":"240 + 240 * 技能等级","formulaPassive":"0.6 * (技能等级^2+技能等级)","consume":"无","skillDescription":"神念类横向恢复技能","passiveDescription":"提升自身灵力属性：","attrRequire":"无"},{"id":201,"name":"五行灵疗法","layer":3,"skillId":2014,"skillName":"凝灵生机法","minLevel":1,"maxLevel":20,"formulaSkill":"0.9 + 技能等级^2 / 890","formulaLl":"技能等级 * 9","formulaLearnSuccess":"0.7-0.02*技能等级","formulaLearnConsume":"480 + 480 * 技能等级","formulaPassive":"0.05","consume":"小顿悟果*1","skillDescription":"神念类单体恢复技能","passiveDescription":"提升自身暴击属性：","attrRequire":"无"},{"id":201,"name":"五行灵疗法","layer":3,"skillId":2015,"skillName":"小甲木法","minLevel":1,"maxLevel":20,"formulaSkill":"0.9 + 技能等级^2 / 890","formulaLl":"技能等级 * 9","formulaLearnSuccess":"0.7-0.02*技能等级","formulaLearnConsume":"480 + 480 * 技能等级","formulaPassive":"0.8 * (技能等级^2+技能等级)","consume":"小顿悟果*1","skillDescription":"神念类单体恢复技能","passiveDescription":"提升自身气血属性：","attrRequire":"无"},{"id":201,"name":"五行灵疗法","layer":3,"skillId":2016,"skillName":"小圣阳法","minLevel":1,"maxLevel":20,"formulaSkill":"0.72 + 技能等级^2 / 1120","formulaLl":"技能等级 * 10","formulaLearnSuccess":"0.7-0.02*技能等级","formulaLearnConsume":"480 + 480 * 技能等级","formulaPassive":"0.35 * (技能等级^2+技能等级)","consume":"小顿悟果*1","skillDescription":"神念类横向恢复技能","passiveDescription":"提升全体格挡属性：","attrRequire":"无"},{"id":201,"name":"五行灵疗法","layer":3,"skillId":2017,"skillName":"极疗法","minLevel":1,"maxLevel":20,"formulaSkill":"0.41 + 技能等级^2 / 1960","formulaLl":"技能等级 * 12","formulaLearnSuccess":"0.7-0.02*技能等级","formulaLearnConsume":"480 + 480 * 技能等级","formulaPassive":"0.8 * (技能等级^2+技能等级)","consume":"小顿悟果*1","skillDescription":"神念类群体恢复技能","passiveDescription":"提升自身灵力属性：","attrRequire":"无"},{"id":202,"name":"三生醍醐","layer":1,"skillId":2021,"skillName":"醍醐术","minLevel":1,"maxLevel":20,"formulaSkill":"0.55 + 技能等级^2 / 1460","formulaLl":"技能等级 * 6","formulaLearnSuccess":"0.9-0.02*技能等级","formulaLearnConsume":"115 + 115 * 技能等级","formulaPassive":"0.6 * (技能等级^2+技能等级)","consume":"无","skillDescription":"神念类单体恢复技能","passiveDescription":"提升自身灵力属性：","attrRequire":"神念>=80"},{"id":202,"name":"三生醍醐","layer":2,"skillId":2022,"skillName":"灵疗功","minLevel":1,"maxLevel":20,"formulaSkill":"0.67 + 技能等级^2 / 1200","formulaLl":"技能等级 * 7","formulaLearnSuccess":"0.8-0.02*技能等级","formulaLearnConsume":"258 + 258 * 技能等级","formulaPassive":"0.05","consume":"无","skillDescription":"神念类单体恢复技能","passiveDescription":"提升自身命中属性：","attrRequire":"神念>=100"},{"id":202,"name":"三生醍醐","layer":2,"skillId":2023,"skillName":"甘霖术","minLevel":1,"maxLevel":20,"formulaSkill":"0.55 + 技能等级^2 / 1460","formulaLl":"技能等级 * 9","formulaLearnSuccess":"0.8-0.02*技能等级","formulaLearnConsume":"258 + 258 * 技能等级","formulaPassive":"0.7 * (技能等级^2+技能等级)","consume":"无","skillDescription":"神念类横向恢复技能","passiveDescription":"提升自身神念属性：","attrRequire":"神念>=100"},{"id":202,"name":"三生醍醐","layer":3,"skillId":2024,"skillName":"大灵疗功","minLevel":1,"maxLevel":20,"formulaSkill":"0.95 + 技能等级^2 / 850","formulaLl":"技能等级 * 9","formulaLearnSuccess":"0.7-0.02*技能等级","formulaLearnConsume":"503 + 503 * 技能等级","formulaPassive":"0.7","consume":"小顿悟果*1","skillDescription":"神念类单体恢复技能","passiveDescription":"提升自身暴击属性：","attrRequire":"神念>=300"},{"id":202,"name":"三生醍醐","layer":3,"skillId":2025,"skillName":"疗生大悲术","minLevel":1,"maxLevel":20,"formulaSkill":"0.77 + 技能等级^2 / 1040","formulaLl":"技能等级 * 10","formulaLearnSuccess":"0.7-0.02*技能等级","formulaLearnConsume":"503 + 503 * 技能等级","formulaPassive":"0.4 * (技能等级^2+技能等级)","consume":"小顿悟果*1","skillDescription":"神念类横向恢复技能","passiveDescription":"战斗恢复气血属性：","attrRequire":"神念>=300"},{"id":202,"name":"三生醍醐","layer":3,"skillId":2026,"skillName":"慈心渡魔","minLevel":1,"maxLevel":20,"formulaSkill":"1.89 + 技能等级^2 / 220","formulaLl":"技能等级 * 9","formulaLearnSuccess":"0.7-0.02*技能等级","formulaLearnConsume":"503 + 503 * 技能等级","formulaPassive":"0.8 * (技能等级^2+技能等级)","consume":"小顿悟果*1","skillDescription":"神念类单体输出技能","passiveDescription":"提升自身神念属性：","attrRequire":"神念>=300"},{"id":202,"name":"三生醍醐","layer":3,"skillId":2027,"skillName":"仁心普世","minLevel":1,"maxLevel":20,"formulaSkill":"0.45 + 技能等级^2 / 1780","formulaLl":"技能等级 * 12","formulaLearnSuccess":"0.7-0.02*技能等级","formulaLearnConsume":"503 + 503 * 技能等级","formulaPassive":"0.7","consume":"小顿悟果*1","skillDescription":"神念类群体恢复技能","passiveDescription":"提升自身 暴击属性：","attrRequire":"神念>=300"},{"id":203,"name":"凝生造化典","layer":1,"skillId":2031,"skillName":"凝生术","minLevel":1,"maxLevel":20,"formulaSkill":"0.89 + 技能等级^2 / 900","formulaLl":"技能等级 * 6","formulaLearnSuccess":"0.9-0.02*技能等级","formulaLearnConsume":"230 + 230 * 技能等级","formulaPassive":"0.9 * (技能等级^2+技能等级)","consume":"无","skillDescription":"神念类单体恢复技能","passiveDescription":"提升自身灵力属性：","attrRequire":"神念>=80"},{"id":203,"name":"凝生造化典","layer":2,"skillId":2032,"skillName":"唤生术","minLevel":1,"maxLevel":20,"formulaSkill":"1.02 + 技能等级^2 / 790","formulaLl":"技能等级 * 7","formulaLearnSuccess":"0.8-0.02*技能等级","formulaLearnConsume":"396 + 396 * 技能等级","formulaPassive":"1 * (技能等级^2+技能等级)","consume":"无","skillDescription":"神念类单体恢复技能","passiveDescription":"提升自身神念属性：","attrRequire":"神念>=100"},{"id":203,"name":"凝生造化典","layer":2,"skillId":2033,"skillName":"灵生术","minLevel":1,"maxLevel":20,"formulaSkill":"0.68 + 技能等级^2 / 1180","formulaLl":"技能等级 * 10","formulaLearnSuccess":"0.8-0.02*技能等级","formulaLearnConsume":"396 + 396 * 技能等级","formulaPassive":"0.5 * (技能等级^2+技能等级)","consume":"无","skillDescription":"神念类群体恢复技能","passiveDescription":"提升全体格挡属性：","attrRequire":"神念>=100"},{"id":203,"name":"凝生造化典","layer":3,"skillId":2034,"skillName":"聚生术","minLevel":1,"maxLevel":20,"formulaSkill":"1.29 + 技能等级^2 / 630","formulaLl":"技能等级 * 9","formulaLearnSuccess":"0.7-0.02*技能等级","formulaLearnConsume":"675 + 675 * 技能等级","formulaPassive":"1.2 * (技能等级^2+技能等级)","consume":"小顿悟果*1","skillDescription":"神念类单体恢复技能","passiveDescription":"提升自身神念属性：","attrRequire":"神念>=300"},{"id":203,"name":"凝生造化典","layer":3,"skillId":2035,"skillName":"夺生术","minLevel":1,"maxLevel":20,"formulaSkill":"2.58 + 技能等级^2 / 160","formulaLl":"技能等级 * 9","formulaLearnSuccess":"0.7-0.02*技能等级","formulaLearnConsume":"675 + 675 * 技能等级","formulaPassive":"1.2 * (技能等级^2+技能等级)","consume":"小顿悟果*1","skillDescription":"神念类单体输出技能","passiveDescription":"提升自身破甲属性：","attrRequire":"神念>=300"},{"id":203,"name":"凝生造化典","layer":3,"skillId":2036,"skillName":"三清回生","minLevel":1,"maxLevel":20,"formulaSkill":"0.8 + 技能等级^2 / 1000","formulaLl":"技能等级 * 12","formulaLearnSuccess":"0.7-0.02*技能等级","formulaLearnConsume":"675 + 675 * 技能等级","formulaPassive":"0.6 * (技能等级^2+技能等级)","consume":"小顿悟果*1","skillDescription":"神念类群体恢复技能","passiveDescription":"提升全体格挡属性：","attrRequire":"神念>=300"},{"id":203,"name":"凝生造化典","layer":3,"skillId":2037,"skillName":"逆生死","minLevel":1,"maxLevel":20,"formulaSkill":"1.29 + 技能等级^2 / 630","formulaLl":"技能等级 * 9","formulaLearnSuccess":"0.7-0.02*技能等级","formulaLearnConsume":"675 + 675 * 技能等级","formulaPassive":"0.6 * (技能等级^2+技能等级)","consume":"小顿悟果*1","skillDescription":"神念类单体恢复技能","passiveDescription":"提升全体神念属性：","attrRequire":"神念>=300"},{"id":301,"name":"殇魂法","layer":1,"skillId":3011,"skillName":"殇魂术","minLevel":1,"maxLevel":20,"formulaSkill":"1 + 技能等级^2 / 400","formulaLl":"技能等级 * 5","formulaLearnSuccess":"0.9-0.02*技能等级","formulaLearnConsume":"100 + 100 * 技能等级","formulaPassive":"0.5 * (技能等级^2+技能等级)","consume":"无","skillDescription":"神念类单体输出技能","passiveDescription":"提升自身神念属性：","attrRequire":"无"},{"id":301,"name":"殇魂法","layer":2,"skillId":3012,"skillName":"炼魂术","minLevel":1,"maxLevel":20,"formulaSkill":"1.25 + 技能等级^2 / 320","formulaLl":"技能等级 * 6","formulaLearnSuccess":"0.8-0.02*技能等级","formulaLearnConsume":"240 + 240 * 技能等级","formulaPassive":"0.6 * (技能等级^2+技能等级)","consume":"无","skillDescription":"神念类单体输出技能","passiveDescription":"提升自身神念属性：","attrRequire":"无"},{"id":301,"name":"殇魂法","layer":2,"skillId":3013,"skillName":"控魂术","minLevel":1,"maxLevel":20,"formulaSkill":"1 + 技能等级^2 / 400","formulaLl":"技能等级 * 7","formulaLearnSuccess":"0.8-0.02*技能等级","formulaLearnConsume":"240 + 240 * 技能等级","formulaPassive":"0.6 * (技能等级^2+技能等级)","consume":"无","skillDescription":"神念类横向输出技能","passiveDescription":"提升自身破甲属性：","attrRequire":"无"},{"id":301,"name":"殇魂法","layer":3,"skillId":3014,"skillName":"冥界炎鬼","minLevel":1,"maxLevel":20,"formulaSkill":"1.8 + 技能等级^2 / 230","formulaLl":"技能等级 * 7","formulaLearnSuccess":"0.7-0.02*技能等级","formulaLearnConsume":"480 + 480 * 技能等级","formulaPassive":"0.05","consume":"小顿悟果*1","skillDescription":"神念类单体输出技能","passiveDescription":"提升自身暴击属性：","attrRequire":"无"},{"id":301,"name":"殇魂法","layer":3,"skillId":3015,"skillName":"鬼界幻雾","minLevel":1,"maxLevel":20,"formulaSkill":"1.44 + 技能等级^2 / 280","formulaLl":"技能等级 * 9","formulaLearnSuccess":"0.7-0.02*技能等级","formulaLearnConsume":"480 + 480 * 技能等级","formulaPassive":"0.03","consume":"小顿悟果*1","skillDescription":"神念类横向输出技能","passiveDescription":"提升全体躲闪属性：","attrRequire":"无"},{"id":301,"name":"殇魂法","layer":3,"skillId":3016,"skillName":"鬼幻针","minLevel":1,"maxLevel":20,"formulaSkill":"1.8 + 技能等级^2 / 230","formulaLl":"技能等级 * 7","formulaLearnSuccess":"0.7-0.02*技能等级","formulaLearnConsume":"480 + 480 * 技能等级","formulaPassive":"0.8 * (技能等级^2+技能等级)","consume":"小顿悟果*1","skillDescription":"神念类单体输出技能","passiveDescription":"提升自身格挡属性：","attrRequire":"无"},{"id":301,"name":"殇魂法","layer":3,"skillId":3017,"skillName":"天鬼降临","minLevel":1,"maxLevel":20,"formulaSkill":"1.44 + 技能等级^2 / 280","formulaLl":"技能等级 * 9","formulaLearnSuccess":"0.7-0.02*技能等级","formulaLearnConsume":"480 + 480 * 技能等级","formulaPassive":"0.8 * (技能等级^2+技能等级)","consume":"小顿悟果*1","skillDescription":"神念类横向输出技能","passiveDescription":"提升自身神念属性：","attrRequire":"无"},{"id":302,"name":"玄极阵典","layer":1,"skillId":3021,"skillName":"困魂阵","minLevel":1,"maxLevel":20,"formulaSkill":"1.09 + 技能等级^2 / 370","formulaLl":"技能等级 * 5","formulaLearnSuccess":"0.9-0.02*技能等级","formulaLearnConsume":"115 + 115 * 技能等级","formulaPassive":"0.6 * (技能等级^2+技能等级)","consume":"无","skillDescription":"神念类单体输出技能","passiveDescription":"提升自身神念属性：","attrRequire":"无"},{"id":302,"name":"玄极阵典","layer":2,"skillId":3022,"skillName":"炼魂阵","minLevel":1,"maxLevel":20,"formulaSkill":"1.34 + 技能等级^2 / 300","formulaLl":"技能等级 * 6","formulaLearnSuccess":"0.8-0.02*技能等级","formulaLearnConsume":"258 + 258 * 技能等级","formulaPassive":"0.7 * (技能等级^2+技能等级)","consume":"无","skillDescription":"神念类单体输出技能","passiveDescription":"提升自身神念属性：","attrRequire":"无"},{"id":302,"name":"玄极阵典","layer":2,"skillId":3023,"skillName":"罡火阵","minLevel":1,"maxLevel":20,"formulaSkill":"1.09 + 技能等级^2 / 370","formulaLl":"技能等级 * 7","formulaLearnSuccess":"0.8-0.02*技能等级","formulaLearnConsume":"258 + 258 * 技能等级","formulaPassive":"0.7 * (技能等级^2+技能等级)","consume":"无","skillDescription":"神念类横向输出技能","passiveDescription":"提升自身破甲属性：","attrRequire":"无"},{"id":302,"name":"玄极阵典","layer":3,"skillId":3024,"skillName":"三钧赤雷阵","minLevel":1,"maxLevel":20,"formulaSkill":"1.89 + 技能等级^2 / 220","formulaLl":"技能等级 * 7","formulaLearnSuccess":"0.7-0.02*技能等级","formulaLearnConsume":"503 + 503 * 技能等级","formulaPassive":"0.07","consume":"小顿悟果*1","skillDescription":"神念类单体输出技能","passiveDescription":"提升自身暴击属性：","attrRequire":"无"},{"id":302,"name":"玄极阵典","layer":3,"skillId":3025,"skillName":"暗影归灵阵","minLevel":1,"maxLevel":20,"formulaSkill":"0.95 + 技能等级^2 / 850","formulaLl":"技能等级 * 7","formulaLearnSuccess":"0.7-0.02*技能等级","formulaLearnConsume":"503 + 503 * 技能等级","formulaPassive":"0.04","consume":"小顿悟果*1","skillDescription":"神念类单体输出技能","passiveDescription":"提升全体躲闪属性：","attrRequire":"无"},{"id":302,"name":"玄极阵典","layer":3,"skillId":3026,"skillName":"冰盾阵","minLevel":1,"maxLevel":20,"formulaSkill":"1.89 + 技能等级^2 / 220","formulaLl":"技能等级 * 7","formulaLearnSuccess":"0.7-0.02*技能等级","formulaLearnConsume":"503 + 503 * 技能等级","formulaPassive":"0.4 * (技能等级^2+技能等级)","consume":"小顿悟果*1","skillDescription":"神念类单体输出技能","passiveDescription":"提升全体格挡属性：","attrRequire":"无"},{"id":302,"name":"玄极阵典","layer":3,"skillId":3027,"skillName":"殇战之阵","minLevel":1,"maxLevel":20,"formulaSkill":"1.53 + 技能等级^2 / 270","formulaLl":"技能等级 * 9","formulaLearnSuccess":"0.7-0.02*技能等级","formulaLearnConsume":"503 + 503 * 技能等级","formulaPassive":"0.03","consume":"小顿悟果*1","skillDescription":"神念类横向输出技能","passiveDescription":"提升全体暴击属性：","attrRequire":"无"},{"id":303,"name":"皇极天衍录","layer":1,"skillId":3031,"skillName":"灵算","minLevel":1,"maxLevel":20,"formulaSkill":"1.9 + 技能等级^2 / 220","formulaLl":"技能等级 * 5","formulaLearnSuccess":"0.9-0.02*技能等级","formulaLearnConsume":"250 + 250 * 技能等级","formulaPassive":"0.9","consume":"无","skillDescription":"神念类单体输出技能","passiveDescription":"提升自身命中属性：","attrRequire":"神念>=80"},{"id":303,"name":"皇极天衍录","layer":2,"skillId":3032,"skillName":"灵衍","minLevel":1,"maxLevel":20,"formulaSkill":"2.15 + 技能等级^2 / 190","formulaLl":"技能等级 * 6","formulaLearnSuccess":"0.8-0.02*技能等级","formulaLearnConsume":"420 + 420 * 技能等级","formulaPassive":"0.13","consume":"无","skillDescription":"神念类单体输出技能","passiveDescription":"提升自身命中属性：","attrRequire":"神念>=100"},{"id":303,"name":"皇极天衍录","layer":2,"skillId":3033,"skillName":"咫尺","minLevel":1,"maxLevel":20,"formulaSkill":"1.47 + 技能等级^2 / 280","formulaLl":"技能等级 * 9","formulaLearnSuccess":"0.8-0.02*技能等级","formulaLearnConsume":"420 + 420 * 技能等级","formulaPassive":"0.06","consume":"无","skillDescription":"神念类群体输出技能","passiveDescription":"提升全体躲闪属性：","attrRequire":"神念>=100"},{"id":303,"name":"皇极天衍录","layer":3,"skillId":3034,"skillName":"定命","minLevel":1,"maxLevel":20,"formulaSkill":"2.7 + 技能等级^2 / 150","formulaLl":"技能等级 * 7","formulaLearnSuccess":"0.7-0.02*技能等级","formulaLearnConsume":"705 + 705 * 技能等级","formulaPassive":"0.17","consume":"小顿悟果*1","skillDescription":"神念类单体输出技能","passiveDescription":"提升自身命中属性：","attrRequire":"神念>=300"},{"id":303,"name":"皇极天衍录","layer":3,"skillId":3035,"skillName":"判灾","minLevel":1,"maxLevel":20,"formulaSkill":"1.71 + 技能等级^2 / 240","formulaLl":"技能等级 * 10","formulaLearnSuccess":"0.7-0.02*技能等级","formulaLearnConsume":"705 + 705 * 技能等级","formulaPassive":"0.16","consume":"小顿悟果*1","skillDescription":"神念类群体输出技能","passiveDescription":"提升自身暴击属性：","attrRequire":"神念>=300"},{"id":303,"name":"皇极天衍录","layer":3,"skillId":3036,"skillName":"天涯","minLevel":1,"maxLevel":20,"formulaSkill":"2.7 + 技能等级^2 / 150","formulaLl":"技能等级 * 7","formulaLearnSuccess":"0.7-0.02*技能等级","formulaLearnConsume":"705 + 705 * 技能等级","formulaPassive":"0.08","consume":"小顿悟果*1","skillDescription":"神念类单体输出技能","passiveDescription":"提升全体躲闪属性：","attrRequire":"神念>=300"},{"id":303,"name":"皇极天衍录","layer":3,"skillId":3037,"skillName":"瞒天","minLevel":1,"maxLevel":20,"formulaSkill":"1.35 + 技能等级^2 / 600","formulaLl":"技能等级 * 7","formulaLearnSuccess":"0.7-0.02*技能等级","formulaLearnConsume":"705 + 705 * 技能等级","formulaPassive":"0.7 * (技能等级^2+技能等级)","consume":"小顿悟果*1","skillDescription":"神念类单体输出技能","passiveDescription":"提升全体格挡属性：","attrRequire":"神念>=300"},{"id":3000,"name":"怪物技能1","layer":1,"skillId":30001,"skillName":"撕咬","minLevel":1,"maxLevel":1,"formulaSkill":"1.2","formulaLl":"5","formulaLearnSuccess":"0","formulaLearnConsume":"0","formulaPassive":"5","consume":"无","skillDescription":"无","attrRequire":"无"},{"id":3000,"name":"怪物技能2","layer":1,"skillId":30002,"skillName":"猛虎下山","minLevel":1,"maxLevel":1,"formulaSkill":"1.25","formulaLl":"5","formulaLearnSuccess":"0","formulaLearnConsume":"0","formulaPassive":"0.1","consume":"无","skillDescription":"无","attrRequire":"无"},{"id":3000,"name":"怪物技能3","layer":1,"skillId":30003,"skillName":"落石","minLevel":1,"maxLevel":1,"formulaSkill":"0.8","formulaLl":"5","formulaLearnSuccess":"0","formulaLearnConsume":"0","formulaPassive":"无","consume":"无","skillDescription":"无","attrRequire":"无"},{"id":3000,"name":"怪物技能4","layer":1,"skillId":30004,"skillName":"俯冲","minLevel":1,"maxLevel":1,"formulaSkill":"1.25","formulaLl":"5","formulaLearnSuccess":"0","formulaLearnConsume":"0","formulaPassive":"无","consume":"无","skillDescription":"无","attrRequire":"无"},{"id":3000,"name":"怪物技能5","layer":1,"skillId":30005,"skillName":"银羽俯冲","minLevel":1,"maxLevel":1,"formulaSkill":"1","formulaLl":"5","formulaLearnSuccess":"0","formulaLearnConsume":"0","formulaPassive":"0.2","consume":"无","skillDescription":"无","attrRequire":"无"},{"id":3000,"name":"怪物技能6","layer":1,"skillId":30006,"skillName":"大砍刀","minLevel":1,"maxLevel":1,"formulaSkill":"1.5","formulaLl":"5","formulaLearnSuccess":"0","formulaLearnConsume":"0","formulaPassive":"0.25","consume":"无","skillDescription":"无","attrRequire":"无"},{"id":3000,"name":"怪物技能7","layer":1,"skillId":30007,"skillName":"魂冲","minLevel":1,"maxLevel":1,"formulaSkill":"1.3","formulaLl":"5","formulaLearnSuccess":"0","formulaLearnConsume":"0","formulaPassive":"0.1","consume":"无","skillDescription":"无","attrRequire":"无"},{"id":3000,"name":"怪物技能8","layer":1,"skillId":30008,"skillName":"雷光一闪","minLevel":1,"maxLevel":1,"formulaSkill":"1.35","formulaLl":"5","formulaLearnSuccess":"0","formulaLearnConsume":"0","formulaPassive":"0.05","consume":"无","skillDescription":"无","attrRequire":"无"},{"id":3000,"name":"怪物技能9","layer":1,"skillId":30009,"skillName":"黑雾爪","minLevel":1,"maxLevel":1,"formulaSkill":"1.25","formulaLl":"5","formulaLearnSuccess":"0","formulaLearnConsume":"0","formulaPassive":"无","consume":"无","skillDescription":"无","attrRequire":"无"},{"id":3000,"name":"怪物技能10","layer":1,"skillId":30010,"skillName":"斩杀","minLevel":1,"maxLevel":1,"formulaSkill":"1.5","formulaLl":"5","formulaLearnSuccess":"0","formulaLearnConsume":"0","formulaPassive":"无","consume":"无","skillDescription":"无","attrRequire":"无"},{"id":3000,"name":"怪物技能11","layer":1,"skillId":30011,"skillName":"魂念冲击","minLevel":1,"maxLevel":1,"formulaSkill":"1.5","formulaLl":"5","formulaLearnSuccess":"0","formulaLearnConsume":"0","formulaPassive":"0.15","consume":"无","skillDescription":"无","attrRequire":"无"},{"id":3000,"name":"怪物技能12","layer":1,"skillId":30012,"skillName":"猎兽刀","minLevel":1,"maxLevel":1,"formulaSkill":"1.6","formulaLl":"5","formulaLearnSuccess":"0","formulaLearnConsume":"0","formulaPassive":"无","consume":"无","skillDescription":"无","attrRequire":"无"},{"id":3000,"name":"怪物技能13","layer":1,"skillId":30013,"skillName":"血腥狂杀","minLevel":1,"maxLevel":1,"formulaSkill":"1.6","formulaLl":"5","formulaLearnSuccess":"0","formulaLearnConsume":"0","formulaPassive":"0.15","consume":"无","skillDescription":"无","attrRequire":"无"},{"id":3000,"name":"怪物技能14","layer":1,"skillId":30014,"skillName":"撕裂","minLevel":1,"maxLevel":1,"formulaSkill":"1.5","formulaLl":"5","formulaLearnSuccess":"0","formulaLearnConsume":"0","formulaPassive":"无","consume":"无","skillDescription":"无","attrRequire":"无"},{"id":3000,"name":"怪物技能15","layer":1,"skillId":30015,"skillName":"毒雾","minLevel":1,"maxLevel":1,"formulaSkill":"0.8","formulaLl":"5","formulaLearnSuccess":"0","formulaLearnConsume":"0","formulaPassive":"无","consume":"无","skillDescription":"无","attrRequire":"无"},{"id":3000,"name":"怪物技能16","layer":1,"skillId":30016,"skillName":"神魂鸣叫","minLevel":1,"maxLevel":1,"formulaSkill":"0.8","formulaLl":"5","formulaLearnSuccess":"0","formulaLearnConsume":"0","formulaPassive":"0.15","consume":"无","skillDescription":"无","attrRequire":"无"},{"id":3000,"name":"怪物技能17","layer":1,"skillId":30017,"skillName":"金牙咬","minLevel":1,"maxLevel":1,"formulaSkill":"1.5","formulaLl":"5","formulaLearnSuccess":"0","formulaLearnConsume":"0","formulaPassive":"无","consume":"无","skillDescription":"无","attrRequire":"无"},{"id":3000,"name":"怪物技能18","layer":1,"skillId":30018,"skillName":"魂迷雾","minLevel":1,"maxLevel":1,"formulaSkill":"1","formulaLl":"5","formulaLearnSuccess":"0","formulaLearnConsume":"0","formulaPassive":"0.1","consume":"无","skillDescription":"无","attrRequire":"无"},{"id":3000,"name":"怪物技能19","layer":1,"skillId":30019,"skillName":"金光爪","minLevel":1,"maxLevel":1,"formulaSkill":"1.6","formulaLl":"5","formulaLearnSuccess":"0","formulaLearnConsume":"0","formulaPassive":"0.1","consume":"无","skillDescription":"无","attrRequire":"无"},{"id":3000,"name":"怪物技能20","layer":1,"skillId":30020,"skillName":"魔炎滔天","minLevel":1,"maxLevel":1,"formulaSkill":"2.5","formulaLl":"5","formulaLearnSuccess":"0","formulaLearnConsume":"0","formulaPassive":"无","consume":"无","skillDescription":"无","attrRequire":"无"},{"id":3000,"name":"怪物技能21","layer":1,"skillId":30021,"skillName":"黑龙大风暴","minLevel":1,"maxLevel":1,"formulaSkill":"1.3","formulaLl":"5","formulaLearnSuccess":"0","formulaLearnConsume":"0","formulaPassive":"无","consume":"无","skillDescription":"无","attrRequire":"无"},{"id":3000,"name":"怪物技能22","layer":1,"skillId":30022,"skillName":"重力意境","minLevel":1,"maxLevel":1,"formulaSkill":"1.3","formulaLl":"5","formulaLearnSuccess":"0","formulaLearnConsume":"0","formulaPassive":"无","consume":"无","skillDescription":"无","attrRequire":"无"},{"id":3000,"name":"怪物技能23","layer":1,"skillId":30023,"skillName":"魂火","minLevel":1,"maxLevel":1,"formulaSkill":"0.8","formulaLl":"5","formulaLearnSuccess":"0","formulaLearnConsume":"0","formulaPassive":"无","consume":"无","skillDescription":"无","attrRequire":"无"},{"id":3000,"name":"怪物技能24","layer":1,"skillId":30024,"skillName":"迷魂","minLevel":1,"maxLevel":1,"formulaSkill":"1.3","formulaLl":"5","formulaLearnSuccess":"0","formulaLearnConsume":"0","formulaPassive":"无","consume":"无","skillDescription":"无","attrRequire":"无"},{"id":3000,"name":"怪物技能25","layer":1,"skillId":30025,"skillName":"金爪撕裂","minLevel":1,"maxLevel":1,"formulaSkill":"1.3","formulaLl":"5","formulaLearnSuccess":"0","formulaLearnConsume":"0","formulaPassive":"无","consume":"无","skillDescription":"无","attrRequire":"无"},{"id":3000,"name":"怪物技能26","layer":1,"skillId":30026,"skillName":"闪烁","minLevel":1,"maxLevel":1,"formulaSkill":"0.5","formulaLl":"5","formulaLearnSuccess":"0","formulaLearnConsume":"0","formulaPassive":"0.15","consume":"无","skillDescription":"无","attrRequire":"无"},{"id":3000,"name":"怪物技能27","layer":1,"skillId":30027,"skillName":"雷链封锁","minLevel":1,"maxLevel":1,"formulaSkill":"1.1","formulaLl":"5","formulaLearnSuccess":"0","formulaLearnConsume":"0","formulaPassive":"无","consume":"无","skillDescription":"无","attrRequire":"无"},{"id":3000,"name":"怪物技能28","layer":1,"skillId":30028,"skillName":"雷戈长舞","minLevel":1,"maxLevel":1,"formulaSkill":"1.3","formulaLl":"5","formulaLearnSuccess":"0","formulaLearnConsume":"0","formulaPassive":"无","consume":"无","skillDescription":"无","attrRequire":"无"},{"id":3000,"name":"怪物技能29","layer":1,"skillId":30029,"skillName":"狂风刀法","minLevel":1,"maxLevel":1,"formulaSkill":"1.5","formulaLl":"5","formulaLearnSuccess":"0","formulaLearnConsume":"0","formulaPassive":"无","consume":"无","skillDescription":"无","attrRequire":"无"},{"id":3000,"name":"怪物技能30","layer":1,"skillId":30030,"skillName":"金光闪","minLevel":1,"maxLevel":1,"formulaSkill":"1.6","formulaLl":"5","formulaLearnSuccess":"0","formulaLearnConsume":"0","formulaPassive":"无","consume":"无","skillDescription":"无","attrRequire":"无"},{"id":3000,"name":"怪物技能31","layer":1,"skillId":30031,"skillName":"阴风噬骨","minLevel":1,"maxLevel":1,"formulaSkill":"1.2","formulaLl":"5","formulaLearnSuccess":"0","formulaLearnConsume":"0","formulaPassive":"无","consume":"无","skillDescription":"无","attrRequire":"无"},{"id":3000,"name":"怪物技能32","layer":1,"skillId":30032,"skillName":"怨力缠身","minLevel":1,"maxLevel":1,"formulaSkill":"1.4","formulaLl":"5","formulaLearnSuccess":"0","formulaLearnConsume":"0","formulaPassive":"无","consume":"无","skillDescription":"无","attrRequire":"无"},{"id":3000,"name":"怪物技能33","layer":1,"skillId":30033,"skillName":"撕裂","minLevel":1,"maxLevel":1,"formulaSkill":"1.7","formulaLl":"5","formulaLearnSuccess":"0","formulaLearnConsume":"0","formulaPassive":"无","consume":"无","skillDescription":"无","attrRequire":"无"},{"id":3000,"name":"怪物技能34","layer":1,"skillId":30034,"skillName":"血腥撕裂","minLevel":1,"maxLevel":1,"formulaSkill":"1.8","formulaLl":"5","formulaLearnSuccess":"0","formulaLearnConsume":"0","formulaPassive":"无","consume":"无","skillDescription":"无","attrRequire":"无"},{"id":3000,"name":"怪物技能35","layer":1,"skillId":30035,"skillName":"撞击","minLevel":1,"maxLevel":1,"formulaSkill":"1.4","formulaLl":"5","formulaLearnSuccess":"0","formulaLearnConsume":"0","formulaPassive":"无","consume":"无","skillDescription":"无","attrRequire":"无"},{"id":3000,"name":"怪物技能36","layer":1,"skillId":30036,"skillName":"疯狂撞击","minLevel":1,"maxLevel":1,"formulaSkill":"1.6","formulaLl":"5","formulaLearnSuccess":"0","formulaLearnConsume":"0","formulaPassive":"无","consume":"无","skillDescription":"无","attrRequire":"无"},{"id":3000,"name":"怪物技能37","layer":1,"skillId":30037,"skillName":"小魂火","minLevel":1,"maxLevel":1,"formulaSkill":"1.5","formulaLl":"5","formulaLearnSuccess":"0","formulaLearnConsume":"0","formulaPassive":"无","consume":"无","skillDescription":"无","attrRequire":"无"},{"id":3000,"name":"怪物技能38","layer":1,"skillId":30038,"skillName":"碧魂火","minLevel":1,"maxLevel":1,"formulaSkill":"1.3","formulaLl":"5","formulaLearnSuccess":"0","formulaLearnConsume":"0","formulaPassive":"无","consume":"无","skillDescription":"无","attrRequire":"无"},{"id":3000,"name":"怪物技能39","layer":1,"skillId":30039,"skillName":"长戈战阵","minLevel":1,"maxLevel":1,"formulaSkill":"1.5","formulaLl":"5","formulaLearnSuccess":"0","formulaLearnConsume":"0","formulaPassive":"无","consume":"无","skillDescription":"无","attrRequire":"无"},{"id":3000,"name":"怪物技能40","layer":1,"skillId":30040,"skillName":"沙场血戈","minLevel":1,"maxLevel":1,"formulaSkill":"1.3","formulaLl":"5","formulaLearnSuccess":"0","formulaLearnConsume":"0","formulaPassive":"无","consume":"无","skillDescription":"无","attrRequire":"无"},{"id":3000,"name":"怪物技能41","layer":1,"skillId":30041,"skillName":"妙手摘星","minLevel":1,"maxLevel":1,"formulaSkill":"1.1","formulaLl":"5","formulaLearnSuccess":"0","formulaLearnConsume":"0","formulaPassive":"无","consume":"无","skillDescription":"无","attrRequire":"无"},{"id":3000,"name":"怪物技能42","layer":1,"skillId":30042,"skillName":"古皇刀法","minLevel":1,"maxLevel":1,"formulaSkill":"1.6","formulaLl":"5","formulaLearnSuccess":"0","formulaLearnConsume":"0","formulaPassive":"无","consume":"无","skillDescription":"无","attrRequire":"无"},{"id":3000,"name":"怪物技能43","layer":1,"skillId":30043,"skillName":"狂风腿法","minLevel":1,"maxLevel":1,"formulaSkill":"1.2","formulaLl":"5","formulaLearnSuccess":"0","formulaLearnConsume":"0","formulaPassive":"无","consume":"无","skillDescription":"无","attrRequire":"无"},{"id":3000,"name":"怪物技能44","layer":1,"skillId":30044,"skillName":"神魂冲杀","minLevel":1,"maxLevel":1,"formulaSkill":"1.1","formulaLl":"5","formulaLearnSuccess":"0","formulaLearnConsume":"0","formulaPassive":"无","consume":"无","skillDescription":"无","attrRequire":"无"},{"id":3000,"name":"怪物技能100","layer":1,"skillId":30100,"skillName":"斩杀","minLevel":1,"maxLevel":1,"formulaSkill":"1.2","formulaLl":"5","formulaLearnSuccess":"0","formulaLearnConsume":"0","formulaPassive":"无","consume":"无","skillDescription":"无","attrRequire":"无"},{"id":3000,"name":"怪物技能101","layer":1,"skillId":30101,"skillName":"狂风手","minLevel":1,"maxLevel":1,"formulaSkill":"1.5","formulaLl":"5","formulaLearnSuccess":"0","formulaLearnConsume":"0","formulaPassive":"无","consume":"无","skillDescription":"无","attrRequire":"无"},{"id":3000,"name":"怪物技能102","layer":1,"skillId":30102,"skillName":"噬咬","minLevel":1,"maxLevel":1,"formulaSkill":"1.2","formulaLl":"5","formulaLearnSuccess":"0","formulaLearnConsume":"0","formulaPassive":"无","consume":"无","skillDescription":"无","attrRequire":"无"},{"id":3000,"name":"怪物技能103","layer":1,"skillId":30103,"skillName":"疯狂噬咬","minLevel":1,"maxLevel":1,"formulaSkill":"1.4","formulaLl":"10","formulaLearnSuccess":"0","formulaLearnConsume":"0","formulaPassive":"无","consume":"无","skillDescription":"无","attrRequire":"无"},{"id":3000,"name":"怪物技能104","layer":1,"skillId":30104,"skillName":"灵火","minLevel":1,"maxLevel":1,"formulaSkill":"1.2","formulaLl":"5","formulaLearnSuccess":"0","formulaLearnConsume":"0","formulaPassive":"无","consume":"无","skillDescription":"无","attrRequire":"无"},{"id":3000,"name":"怪物技能105","layer":1,"skillId":30105,"skillName":"护体罡钟","minLevel":1,"maxLevel":1,"formulaSkill":"1.1","formulaLl":"10","formulaLearnSuccess":"0","formulaLearnConsume":"0","formulaPassive":"350","consume":"无","skillDescription":"无","attrRequire":"无"},{"id":3000,"name":"怪物技能200","layer":1,"skillId":30200,"skillName":"战场血戈","minLevel":1,"maxLevel":1,"formulaSkill":"1","formulaLl":"5","formulaLearnSuccess":"0","formulaLearnConsume":"0","formulaPassive":"无","consume":"无","skillDescription":"无","attrRequire":"无"},{"id":3000,"name":"怪物技能201","layer":1,"skillId":30201,"skillName":"困兽木法","minLevel":1,"maxLevel":1,"formulaSkill":"1","formulaLl":"5","formulaLearnSuccess":"0","formulaLearnConsume":"0","formulaPassive":"150","consume":"无","skillDescription":"无","attrRequire":"无"},{"id":3000,"name":"怪物技能202","layer":1,"skillId":30202,"skillName":"双涌地龙","minLevel":1,"maxLevel":1,"formulaSkill":"1.35","formulaLl":"20","formulaLearnSuccess":"0","formulaLearnConsume":"0","formulaPassive":"200","consume":"无","skillDescription":"无","attrRequire":"无"},{"id":3000,"name":"怪物技能500","layer":1,"skillId":30500,"skillName":"狂火漫天","minLevel":1,"maxLevel":1,"formulaSkill":"1","formulaLl":"5","formulaLearnSuccess":"0","formulaLearnConsume":"0","formulaPassive":"无","consume":"无","skillDescription":"无","attrRequire":"无"},{"id":3000,"name":"怪物技能501","layer":1,"skillId":30501,"skillName":"大火掌","minLevel":1,"maxLevel":1,"formulaSkill":"1.2","formulaLl":"20","formulaLearnSuccess":"0","formulaLearnConsume":"0","formulaPassive":"无","consume":"无","skillDescription":"无","attrRequire":"无"},{"id":3000,"name":"怪物技能2000","layer":1,"skillId":32000,"skillName":"神念冲击","minLevel":1,"maxLevel":1,"formulaSkill":"1.2","formulaLl":"5","formulaLearnSuccess":"0","formulaLearnConsume":"0","formulaPassive":"无","consume":"无","skillDescription":"无","attrRequire":"无"},{"id":3000,"name":"怪物技能2001","layer":1,"skillId":32001,"skillName":"燃灵毒瞳","minLevel":1,"maxLevel":1,"formulaSkill":"1.45","formulaLl":"10","formulaLearnSuccess":"0","formulaLearnConsume":"0","formulaPassive":"无","consume":"无","skillDescription":"无","attrRequire":"无"},{"id":3000,"name":"怪物技能2002","layer":1,"skillId":32002,"skillName":"魂毒","minLevel":1,"maxLevel":1,"formulaSkill":"1.2","formulaLl":"5","formulaLearnSuccess":"0","formulaLearnConsume":"0","formulaPassive":"无","consume":"无","skillDescription":"无","attrRequire":"无"},{"id":3000,"name":"怪物技能2100","layer":1,"skillId":32100,"skillName":"水波璧","minLevel":1,"maxLevel":1,"formulaSkill":"1","formulaLl":"5","formulaLearnSuccess":"0","formulaLearnConsume":"0","formulaPassive":"30","consume":"无","skillDescription":"无","attrRequire":"无"},{"id":3000,"name":"怪物技能2101","layer":1,"skillId":32101,"skillName":"土龙诀","minLevel":1,"maxLevel":1,"formulaSkill":"1","formulaLl":"5","formulaLearnSuccess":"0","formulaLearnConsume":"0","formulaPassive":"无","consume":"无","skillDescription":"无","attrRequire":"无"},{"id":3000,"name":"怪物技能2102","layer":1,"skillId":32102,"skillName":"狮龙吼","minLevel":1,"maxLevel":1,"formulaSkill":"1.2","formulaLl":"10","formulaLearnSuccess":"0","formulaLearnConsume":"0","formulaPassive":"无","consume":"无","skillDescription":"无","attrRequire":"无"},{"id":3000,"name":"怪物技能2103","layer":1,"skillId":32103,"skillName":"困龙音","minLevel":1,"maxLevel":1,"formulaSkill":"1","formulaLl":"10","formulaLearnSuccess":"0","formulaLearnConsume":"0","formulaPassive":"无","consume":"无","skillDescription":"无","attrRequire":"无"},{"id":3000,"name":"怪物技能2104","layer":1,"skillId":32104,"skillName":"魂潮","minLevel":1,"maxLevel":1,"formulaSkill":"1","formulaLl":"10","formulaLearnSuccess":"0","formulaLearnConsume":"0","formulaPassive":"无","consume":"无","skillDescription":"无","attrRequire":"无"},{"id":3000,"name":"怪物技能3000","layer":1,"skillId":33000,"skillName":"森罗幻境","minLevel":1,"maxLevel":1,"formulaSkill":"1.25","formulaLl":"5","formulaLearnSuccess":"0","formulaLearnConsume":"0","formulaPassive":"无","consume":"无","skillDescription":"无","attrRequire":"无"},{"id":4000,"name":"战境怪物1","layer":1,"skillId":40001,"skillName":"神魂攻击","minLevel":1,"maxLevel":1,"formulaSkill":"1.5","formulaLl":"10","formulaLearnSuccess":"0","formulaLearnConsume":"0","formulaPassive":"无","consume":"无","skillDescription":"无","attrRequire":"无"},{"id":4000,"name":"战境怪物2","layer":1,"skillId":40002,"skillName":"肉身攻击","minLevel":1,"maxLevel":1,"formulaSkill":"1.5","formulaLl":"10","formulaLearnSuccess":"0","formulaLearnConsume":"0","formulaPassive":"无","consume":"无","skillDescription":"无","attrRequire":"无"},{"id":4000,"name":"战境怪物3","layer":1,"skillId":40003,"skillName":"石雨","minLevel":1,"maxLevel":1,"formulaSkill":"1.5","formulaLl":"10","formulaLearnSuccess":"0","formulaLearnConsume":"0","formulaPassive":"无","consume":"无","skillDescription":"无","attrRequire":"无"},{"id":4000,"name":"战境怪物4","layer":1,"skillId":40004,"skillName":"血潮","minLevel":1,"maxLevel":1,"formulaSkill":"0.9","formulaLl":"10","formulaLearnSuccess":"0","formulaLearnConsume":"0","formulaPassive":"500","consume":"无","skillDescription":"无","attrRequire":"无"},{"id":4000,"name":"战境怪物5","layer":1,"skillId":40005,"skillName":"草灵鞭笞","minLevel":1,"maxLevel":1,"formulaSkill":"1.5","formulaLl":"10","formulaLearnSuccess":"0","formulaLearnConsume":"0","formulaPassive":"无","consume":"无","skillDescription":"无","attrRequire":"无"},{"id":4000,"name":"战境怪物6","layer":1,"skillId":40006,"skillName":"阴鬼迷神","minLevel":1,"maxLevel":1,"formulaSkill":"2","formulaLl":"15","formulaLearnSuccess":"0","formulaLearnConsume":"0","formulaPassive":"150","consume":"无","skillDescription":"无","attrRequire":"无"},{"id":4000,"name":"战境怪物7","layer":1,"skillId":40007,"skillName":"雷霆狂潮","minLevel":1,"maxLevel":1,"formulaSkill":"0.9","formulaLl":"10","formulaLearnSuccess":"0","formulaLearnConsume":"0","formulaPassive":"40","consume":"无","skillDescription":"无","attrRequire":"无"},{"id":4000,"name":"战境怪物8","layer":1,"skillId":40008,"skillName":"鬼雾爪","minLevel":1,"maxLevel":1,"formulaSkill":"1.3","formulaLl":"5","formulaLearnSuccess":"0","formulaLearnConsume":"0","formulaPassive":"无","consume":"无","skillDescription":"无","attrRequire":"无"},{"id":4000,"name":"战境怪物9","layer":1,"skillId":40009,"skillName":"极灵火焰","minLevel":1,"maxLevel":1,"formulaSkill":"1.4","formulaLl":"10","formulaLearnSuccess":"0","formulaLearnConsume":"0","formulaPassive":"800","consume":"无","skillDescription":"无","attrRequire":"无"},{"id":4000,"name":"战境怪物10","layer":1,"skillId":40010,"skillName":"玉毒","minLevel":1,"maxLevel":1,"formulaSkill":"1.3","formulaLl":"10","formulaLearnSuccess":"0","formulaLearnConsume":"0","formulaPassive":"无","consume":"无","skillDescription":"无","attrRequire":"无"},{"id":4000,"name":"战境怪物11","layer":1,"skillId":40011,"skillName":"漫天藤舞","minLevel":1,"maxLevel":1,"formulaSkill":"1.1","formulaLl":"10","formulaLearnSuccess":"0","formulaLearnConsume":"0","formulaPassive":"无","consume":"无","skillDescription":"无","attrRequire":"无"},{"id":4000,"name":"战境怪物12","layer":1,"skillId":40012,"skillName":"正阳利爪","minLevel":1,"maxLevel":1,"formulaSkill":"2.2","formulaLl":"20","formulaLearnSuccess":"0","formulaLearnConsume":"0","formulaPassive":"100","consume":"无","skillDescription":"无","attrRequire":"无"},{"id":4000,"name":"战境怪物13","layer":1,"skillId":40013,"skillName":"裂地轰杀","minLevel":1,"maxLevel":1,"formulaSkill":"1.1","formulaLl":"5","formulaLearnSuccess":"0","formulaLearnConsume":"0","formulaPassive":"800","consume":"无","skillDescription":"无","attrRequire":"无"},{"id":4000,"name":"战境怪物14","layer":1,"skillId":40014,"skillName":"天道梵音","minLevel":1,"maxLevel":1,"formulaSkill":"1.35","formulaLl":"15","formulaLearnSuccess":"0","formulaLearnConsume":"0","formulaPassive":"150","consume":"无","skillDescription":"无","attrRequire":"无"},{"id":4000,"name":"战境怪物15","layer":1,"skillId":40015,"skillName":"烈火漫天","minLevel":1,"maxLevel":1,"formulaSkill":"1.2","formulaLl":"15","formulaLearnSuccess":"0","formulaLearnConsume":"0","formulaPassive":"无","consume":"无","skillDescription":"无","attrRequire":"无"},{"id":4000,"name":"战境怪物16","layer":1,"skillId":40016,"skillName":"水龙吼","minLevel":1,"maxLevel":1,"formulaSkill":"1.2","formulaLl":"15","formulaLearnSuccess":"0","formulaLearnConsume":"0","formulaPassive":"无","consume":"无","skillDescription":"无","attrRequire":"无"},{"id":5000,"name":"秘境怪物1","layer":1,"skillId":50001,"skillName":"漫天水箭","minLevel":1,"maxLevel":1,"formulaSkill":"1.4","formulaLl":"10","formulaLearnSuccess":"0","formulaLearnConsume":"0","formulaPassive":"无","consume":"无","skillDescription":"无","attrRequire":"无"},{"id":5000,"name":"秘境怪物2","layer":1,"skillId":50002,"skillName":"疯狂撞击","minLevel":1,"maxLevel":1,"formulaSkill":"1.5","formulaLl":"10","formulaLearnSuccess":"0","formulaLearnConsume":"0","formulaPassive":"无","consume":"无","skillDescription":"无","attrRequire":"无"},{"id":5000,"name":"秘境怪物3","layer":1,"skillId":50003,"skillName":"甩尾","minLevel":1,"maxLevel":1,"formulaSkill":"1.5","formulaLl":"10","formulaLearnSuccess":"0","formulaLearnConsume":"0","formulaPassive":"无","consume":"无","skillDescription":"无","attrRequire":"无"},{"id":5000,"name":"秘境怪物4","layer":1,"skillId":50004,"skillName":"撕影爪","minLevel":1,"maxLevel":1,"formulaSkill":"1.7","formulaLl":"10","formulaLearnSuccess":"0","formulaLearnConsume":"0","formulaPassive":"无","consume":"无","skillDescription":"无","attrRequire":"无"},{"id":5000,"name":"秘境怪物5","layer":1,"skillId":50005,"skillName":"熔火","minLevel":1,"maxLevel":1,"formulaSkill":"1.8","formulaLl":"10","formulaLearnSuccess":"0","formulaLearnConsume":"0","formulaPassive":"无","consume":"无","skillDescription":"无","attrRequire":"无"},{"id":5000,"name":"秘境怪物6","layer":1,"skillId":50006,"skillName":"金光俯冲","minLevel":1,"maxLevel":1,"formulaSkill":"1.3","formulaLl":"10","formulaLearnSuccess":"0","formulaLearnConsume":"0","formulaPassive":"100","consume":"无","skillDescription":"无","attrRequire":"无"},{"id":5000,"name":"秘境怪物7","layer":1,"skillId":50007,"skillName":"水炮","minLevel":1,"maxLevel":1,"formulaSkill":"1.1","formulaLl":"10","formulaLearnSuccess":"0","formulaLearnConsume":"0","formulaPassive":"100","consume":"无","skillDescription":"无","attrRequire":"无"},{"id":5000,"name":"秘境怪物8","layer":1,"skillId":50008,"skillName":"裂地击","minLevel":1,"maxLevel":1,"formulaSkill":"1.3","formulaLl":"10","formulaLearnSuccess":"0","formulaLearnConsume":"0","formulaPassive":"300","consume":"无","skillDescription":"无","attrRequire":"无"},{"id":5000,"name":"秘境怪物9","layer":1,"skillId":50009,"skillName":"魂灭冲击","minLevel":1,"maxLevel":1,"formulaSkill":"1.1","formulaLl":"10","formulaLearnSuccess":"0","formulaLearnConsume":"0","formulaPassive":"50","consume":"无","skillDescription":"无","attrRequire":"无"},{"id":5000,"name":"秘境怪物10","layer":1,"skillId":50010,"skillName":"魂毒","minLevel":1,"maxLevel":1,"formulaSkill":"1.1","formulaLl":"10","formulaLearnSuccess":"0","formulaLearnConsume":"0","formulaPassive":"100","consume":"无","skillDescription":"无","attrRequire":"无"},{"id":5000,"name":"秘境怪物11","layer":1,"skillId":50011,"skillName":"破海掌","minLevel":1,"maxLevel":1,"formulaSkill":"1.6","formulaLl":"10","formulaLearnSuccess":"0","formulaLearnConsume":"0","formulaPassive":"120","consume":"无","skillDescription":"无","attrRequire":"无"},{"id":5000,"name":"秘境怪物12","layer":1,"skillId":50012,"skillName":"白浪分海拳","minLevel":1,"maxLevel":1,"formulaSkill":"2","formulaLl":"10","formulaLearnSuccess":"0","formulaLearnConsume":"0","formulaPassive":"150","consume":"无","skillDescription":"无","attrRequire":"无"},{"id":9999,"name":"世界boss","layer":1,"skillId":99991,"skillName":"破灭手","minLevel":1,"maxLevel":1,"formulaSkill":"2","formulaLl":"1","formulaLearnSuccess":"0","formulaLearnConsume":"0","formulaPassive":"无","consume":"0","skillDescription":"无","attrRequire":"无"},{"id":10000,"name":"破极限怪物1","layer":1,"skillId":100001,"skillName":"雷劫之戈","minLevel":1,"maxLevel":1,"formulaSkill":"2","formulaLl":"1","formulaLearnSuccess":"0","formulaLearnConsume":"0","formulaPassive":"无","consume":"无","skillDescription":"无","attrRequire":"无"}]