[{"mapId":1,"mapName":"第一层","elementId":1,"priority":0,"fixed":"否","x":"1-7","y":"1-7","count":"49","type":1,"textId":0,"icon":"map-icon1","initRate":1,"appearDay":"0-6","preTask":"无"},{"mapId":1,"mapName":"第一层","elementId":10001,"priority":10,"fixed":"是","x":"3","y":"6","count":"1","type":3,"textId":10004,"icon":"map-icon4","initRate":1,"appearDay":"0-6","preTask":"无"},{"mapId":1,"mapName":"第一层","elementId":10002,"priority":10,"fixed":"是","x":"5","y":"6","count":"1","type":3,"textId":10004,"icon":"map-icon4","initRate":1,"appearDay":"0-6","preTask":"无"},{"mapId":1,"mapName":"第一层","elementId":10003,"priority":9,"fixed":"是","x":"7","y":"7","count":"1","type":4,"textId":10001,"icon":"map-icon114","initRate":1,"appearDay":"0-6","preTask":"无"},{"mapId":1,"mapName":"第一层","elementId":10004,"priority":8,"fixed":"是","x":"7","y":"1","count":"1","type":5,"textId":10002,"icon":"map-icon112","initRate":0.15,"appearDay":"0-6","preTask":"无"},{"mapId":2,"mapName":"第二层","elementId":1,"priority":0,"fixed":"否","x":"1-7","y":"1-7","count":"49","type":1,"textId":0,"icon":"map-icon1","initRate":1,"appearDay":"0-6","preTask":"无"},{"mapId":2,"mapName":"第二层","elementId":10100,"priority":1,"fixed":"否","x":"6-7","y":"2-3","count":"1","type":7,"textId":10013,"icon":"map-icon100","initRate":1,"appearDay":"0-6","preTask":"无"},{"mapId":2,"mapName":"第二层","elementId":10101,"priority":1,"fixed":"否","x":"1-2","y":"4-5","count":"1","type":7,"textId":10014,"icon":"map-icon101","initRate":1,"appearDay":"0-6","preTask":"无"},{"mapId":2,"mapName":"第二层","elementId":10102,"priority":8,"fixed":"是","x":"5","y":"1","count":"1","type":5,"textId":10002,"icon":"map-icon112","initRate":0.15,"appearDay":"0-6","preTask":"无"},{"mapId":2,"mapName":"第二层","elementId":10103,"priority":9,"fixed":"是","x":"6","y":"7","count":"1","type":4,"textId":10001,"icon":"map-icon114","initRate":1,"appearDay":"0-6","preTask":"无"},{"mapId":2,"mapName":"第二层","elementId":10104,"priority":10,"fixed":"是","x":"4","y":"7","count":"1","type":3,"textId":10004,"icon":"map-icon4","initRate":1,"appearDay":"0-6","preTask":"无"},{"mapId":3,"mapName":"第三层","elementId":1,"priority":0,"fixed":"否","x":"1-7","y":"1-7","count":"49","type":1,"textId":0,"icon":"map-icon1","initRate":1,"appearDay":"0-6","preTask":"无"},{"mapId":3,"mapName":"第三层","elementId":10200,"priority":3,"fixed":"否","x":"3-7","y":"6-7","count":"1","type":6,"textId":10003,"icon":"map-npc-man","initRate":0.3,"appearDay":"0-6","preTask":"无"},{"mapId":3,"mapName":"第三层","elementId":10201,"priority":8,"fixed":"是","x":"3","y":"1","count":"1","type":5,"textId":10002,"icon":"map-icon112","initRate":0.15,"appearDay":"0-6","preTask":"无"},{"mapId":3,"mapName":"第三层","elementId":10202,"priority":9,"fixed":"是","x":"6","y":"1","count":"1","type":4,"textId":10001,"icon":"map-icon114","initRate":1,"appearDay":"0-6","preTask":"无"},{"mapId":3,"mapName":"第三层","elementId":10203,"priority":10,"fixed":"是","x":"7","y":"4","count":"1","type":3,"textId":10004,"icon":"map-icon4","initRate":1,"appearDay":"0-6","preTask":"无"},{"mapId":4,"mapName":"第四层","elementId":1,"priority":0,"fixed":"否","x":"1-7","y":"1-7","count":"49","type":1,"textId":0,"icon":"map-icon1","initRate":1,"appearDay":"0-6","preTask":"无"},{"mapId":4,"mapName":"第四层","elementId":10300,"priority":4,"fixed":"否","x":"6-7","y":"1-3","count":"1","type":8,"textId":10005,"icon":"map-icon111","initRate":0.35,"appearDay":"0-6","preTask":"无"},{"mapId":4,"mapName":"第四层","elementId":10301,"priority":8,"fixed":"是","x":"1","y":"7","count":"1","type":5,"textId":10002,"icon":"map-icon112","initRate":0.15,"appearDay":"0-6","preTask":"无"},{"mapId":4,"mapName":"第四层","elementId":10302,"priority":9,"fixed":"是","x":"3","y":"1","count":"1","type":4,"textId":10001,"icon":"map-icon114","initRate":1,"appearDay":"0-6","preTask":"无"},{"mapId":4,"mapName":"第四层","elementId":10303,"priority":10,"fixed":"是","x":"6","y":"6","count":"1","type":3,"textId":10004,"icon":"map-icon4","initRate":1,"appearDay":"0-6","preTask":"无"},{"mapId":5,"mapName":"太黄婆娑境","elementId":1,"priority":0,"fixed":"否","x":"1-13","y":"1-13","count":"169","type":1,"textId":0,"icon":"map-icon1","initRate":1,"appearDay":"0-6","preTask":"无"},{"mapId":5,"mapName":"太黄婆娑境","elementId":10400,"priority":4,"fixed":"否","x":"11-13","y":"2-4","count":"1","type":8,"textId":10009,"icon":"map-icon113","initRate":0.7,"appearDay":"0-6","preTask":"无"},{"mapId":5,"mapName":"太黄婆娑境","elementId":10401,"priority":4,"fixed":"否","x":"2-4","y":"5-7","count":"1","type":8,"textId":10010,"icon":"map-icon111","initRate":0.7,"appearDay":"0-6","preTask":"无"},{"mapId":5,"mapName":"太黄婆娑境","elementId":10402,"priority":1,"fixed":"否","x":"12-13","y":"10-11","count":"1","type":7,"textId":10015,"icon":"map-icon102","initRate":1,"appearDay":"0-6","preTask":"无"},{"mapId":5,"mapName":"太黄婆娑境","elementId":10403,"priority":1,"fixed":"否","x":"7-8","y":"2-3","count":"1","type":7,"textId":10016,"icon":"map-icon103","initRate":1,"appearDay":"0-6","preTask":"无"},{"mapId":5,"mapName":"太黄婆娑境","elementId":10404,"priority":8,"fixed":"是","x":"4","y":"9","count":"1","type":5,"textId":10002,"icon":"map-icon112","initRate":0.15,"appearDay":"0-6","preTask":"无"},{"mapId":5,"mapName":"太黄婆娑境","elementId":10405,"priority":9,"fixed":"是","x":"8","y":"6","count":"1","type":4,"textId":10001,"icon":"map-icon114","initRate":1,"appearDay":"0-6","preTask":"无"},{"mapId":5,"mapName":"太黄婆娑境","elementId":10406,"priority":10,"fixed":"是","x":"13","y":"7","count":"1","type":3,"textId":10011,"icon":"map-icon4","initRate":1,"appearDay":"0-6","preTask":"无"},{"mapId":5,"mapName":"太黄婆娑境","elementId":10407,"priority":10,"fixed":"是","x":"4","y":"1","count":"1","type":3,"textId":10011,"icon":"map-icon4","initRate":1,"appearDay":"0-6","preTask":"无"},{"mapId":6,"mapName":"第六层","elementId":1,"priority":0,"fixed":"否","x":"1-7","y":"1-7","count":"49","type":1,"textId":0,"icon":"map-icon1","initRate":1,"appearDay":"0-6","preTask":"无"},{"mapId":6,"mapName":"第六层","elementId":10500,"priority":8,"fixed":"是","x":"1","y":"3","count":"1","type":5,"textId":10002,"icon":"map-icon112","initRate":0.15,"appearDay":"0-6","preTask":"无"},{"mapId":6,"mapName":"第六层","elementId":10501,"priority":9,"fixed":"是","x":"4","y":"1","count":"1","type":4,"textId":10001,"icon":"map-icon114","initRate":1,"appearDay":"0-6","preTask":"无"},{"mapId":6,"mapName":"第六层","elementId":10502,"priority":10,"fixed":"是","x":"6","y":"3","count":"1","type":3,"textId":10012,"icon":"map-icon4","initRate":1,"appearDay":"0-6","preTask":"无"},{"mapId":7,"mapName":"第七层","elementId":1,"priority":0,"fixed":"否","x":"1-7","y":"1-7","count":"49","type":1,"textId":0,"icon":"map-icon1","initRate":1,"appearDay":"0-6","preTask":"无"},{"mapId":7,"mapName":"第七层","elementId":10600,"priority":1,"fixed":"否","x":"6-7","y":"3-4","count":"1","type":7,"textId":10013,"icon":"map-icon100","initRate":1,"appearDay":"0-6","preTask":"无"},{"mapId":7,"mapName":"第七层","elementId":10601,"priority":1,"fixed":"否","x":"1-2","y":"5-6","count":"1","type":7,"textId":10014,"icon":"map-icon101","initRate":1,"appearDay":"0-6","preTask":"无"},{"mapId":7,"mapName":"第七层","elementId":10602,"priority":8,"fixed":"是","x":"5","y":"5","count":"1","type":5,"textId":10002,"icon":"map-icon112","initRate":0.15,"appearDay":"0-6","preTask":"无"},{"mapId":7,"mapName":"第七层","elementId":10603,"priority":9,"fixed":"是","x":"7","y":"7","count":"1","type":4,"textId":10001,"icon":"map-icon114","initRate":1,"appearDay":"0-6","preTask":"无"},{"mapId":7,"mapName":"第七层","elementId":10604,"priority":10,"fixed":"是","x":"5","y":"7","count":"1","type":3,"textId":10012,"icon":"map-icon4","initRate":1,"appearDay":"0-6","preTask":"无"},{"mapId":8,"mapName":"第八层","elementId":1,"priority":0,"fixed":"否","x":"1-7","y":"1-7","count":"49","type":1,"textId":0,"icon":"map-icon1","initRate":1,"appearDay":"0-6","preTask":"无"},{"mapId":8,"mapName":"第八层","elementId":10700,"priority":4,"fixed":"否","x":"2-4","y":"2-3","count":"1","type":8,"textId":10009,"icon":"map-icon113","initRate":0.7,"appearDay":"0-6","preTask":"无"},{"mapId":8,"mapName":"第八层","elementId":10701,"priority":8,"fixed":"是","x":"2","y":"1","count":"1","type":5,"textId":10002,"icon":"map-icon112","initRate":0.15,"appearDay":"0-6","preTask":"无"},{"mapId":8,"mapName":"第八层","elementId":10702,"priority":9,"fixed":"是","x":"2","y":"6","count":"1","type":4,"textId":10001,"icon":"map-icon114","initRate":1,"appearDay":"0-6","preTask":"无"},{"mapId":8,"mapName":"第八层","elementId":10703,"priority":10,"fixed":"是","x":"5","y":"7","count":"1","type":3,"textId":10012,"icon":"map-icon4","initRate":1,"appearDay":"0-6","preTask":"无"},{"mapId":9,"mapName":"第九层","elementId":1,"priority":0,"fixed":"否","x":"1-7","y":"1-7","count":"49","type":1,"textId":0,"icon":"map-icon1","initRate":1,"appearDay":"0-6","preTask":"无"},{"mapId":9,"mapName":"第九层","elementId":10800,"priority":3,"fixed":"否","x":"3-7","y":"3-4","count":"1","type":6,"textId":10017,"icon":"map-npc-man","initRate":0.35,"appearDay":"0-6","preTask":"无"},{"mapId":9,"mapName":"第九层","elementId":10801,"priority":8,"fixed":"是","x":"6","y":"1","count":"1","type":5,"textId":10002,"icon":"map-icon112","initRate":0.15,"appearDay":"0-6","preTask":"无"},{"mapId":9,"mapName":"第九层","elementId":10802,"priority":9,"fixed":"是","x":"1","y":"3","count":"1","type":4,"textId":10001,"icon":"map-icon114","initRate":1,"appearDay":"0-6","preTask":"无"},{"mapId":9,"mapName":"第九层","elementId":10803,"priority":10,"fixed":"是","x":"3","y":"1","count":"1","type":3,"textId":10012,"icon":"map-icon4","initRate":1,"appearDay":"0-6","preTask":"无"},{"mapId":10,"mapName":"太明截玉境","elementId":1,"priority":0,"fixed":"否","x":"1-13","y":"1-13","count":"169","type":1,"textId":0,"icon":"map-icon1","initRate":1,"appearDay":"0-6","preTask":"无"},{"mapId":10,"mapName":"太明截玉境","elementId":10900,"priority":1,"fixed":"否","x":"3-4","y":"6-7","count":"1","type":7,"textId":10018,"icon":"map-icon106","initRate":1,"appearDay":"0-6","preTask":"无"},{"mapId":10,"mapName":"太明截玉境","elementId":10901,"priority":1,"fixed":"否","x":"10-11","y":"6-7","count":"1","type":7,"textId":10019,"icon":"map-icon107","initRate":1,"appearDay":"0-6","preTask":"无"},{"mapId":10,"mapName":"太明截玉境","elementId":10902,"priority":8,"fixed":"是","x":"9","y":"2","count":"1","type":5,"textId":10002,"icon":"map-icon112","initRate":0.15,"appearDay":"0-6","preTask":"无"},{"mapId":10,"mapName":"太明截玉境","elementId":10903,"priority":9,"fixed":"是","x":"5","y":"2","count":"1","type":4,"textId":10001,"icon":"map-icon114","initRate":1,"appearDay":"0-6","preTask":"无"},{"mapId":10,"mapName":"太明截玉境","elementId":10904,"priority":10,"fixed":"是","x":"7","y":"2","count":"1","type":3,"textId":10011,"icon":"map-icon4","initRate":1,"appearDay":"0-6","preTask":"无"},{"mapId":11,"mapName":"第十一层","elementId":1,"priority":0,"fixed":"否","x":"1-7","y":"1-7","count":"49","type":1,"textId":0,"icon":"map-icon1","initRate":1,"appearDay":"0-6","preTask":"无"},{"mapId":11,"mapName":"第十一层","elementId":11000,"priority":8,"fixed":"是","x":"5","y":"7","count":"1","type":5,"textId":10002,"icon":"map-icon112","initRate":0.15,"appearDay":"0-6","preTask":"无"},{"mapId":11,"mapName":"第十一层","elementId":11001,"priority":9,"fixed":"是","x":"7","y":"5","count":"1","type":4,"textId":10001,"icon":"map-icon114","initRate":1,"appearDay":"0-6","preTask":"无"},{"mapId":11,"mapName":"第十一层","elementId":11002,"priority":10,"fixed":"是","x":"7","y":"7","count":"1","type":3,"textId":10011,"icon":"map-icon4","initRate":1,"appearDay":"0-6","preTask":"无"}]