[{"mapId":3,"mapName":"第三层","elementId":10200,"name":"精铁矿","type":"锻造材料","price":"灵石*300","count":"1-10","rate":1,"title":"战境天宝阁商人"},{"mapId":3,"mapName":"第三层","elementId":10200,"name":"风结丝","type":"锻造材料","price":"灵石*1500","count":"1-6","rate":0.25,"title":"战境天宝阁商人"},{"mapId":3,"mapName":"第三层","elementId":10200,"name":"小雷石","type":"锻造材料","price":"灵石*1500","count":"1-6","rate":0.25,"title":"战境天宝阁商人"},{"mapId":3,"mapName":"第三层","elementId":10200,"name":"生息果","type":"锻造材料","price":"灵石*2000","count":"1-2","rate":0.1,"title":"战境天宝阁商人"},{"mapId":3,"mapName":"第三层","elementId":10200,"name":"死冥土","type":"锻造材料","price":"灵石*2000","count":"1-2","rate":0.1,"title":"战境天宝阁商人"},{"mapId":3,"mapName":"第三层","elementId":10200,"name":"小宇石","type":"锻造材料","price":"灵石*2000","count":"1-2","rate":0.1,"title":"战境天宝阁商人"},{"mapId":3,"mapName":"第三层","elementId":10200,"name":"宙息粉","type":"锻造材料","price":"灵石*2000","count":"1-2","rate":0.1,"title":"战境天宝阁商人"},{"mapId":9,"mapName":"第九层","elementId":10800,"name":"灵铁矿","type":"锻造材料","price":"灵石*1300","count":"2-10","rate":1,"title":"战境天宝阁商人"},{"mapId":9,"mapName":"第九层","elementId":10800,"name":"灵炼金曜石","type":"锻造材料","price":"灵石*4200","count":"1-6","rate":0.35,"title":"战境天宝阁商人"},{"mapId":9,"mapName":"第九层","elementId":10800,"name":"灵炼青曜石","type":"锻造材料","price":"灵石*4201","count":"1-6","rate":0.35,"title":"战境天宝阁商人"},{"mapId":9,"mapName":"第九层","elementId":10800,"name":"灵炼水灵石","type":"锻造材料","price":"灵石*4202","count":"1-6","rate":0.35,"title":"战境天宝阁商人"},{"mapId":9,"mapName":"第九层","elementId":10800,"name":"灵炼炙炎石","type":"锻造材料","price":"灵石*4203","count":"1-6","rate":0.35,"title":"战境天宝阁商人"},{"mapId":9,"mapName":"第九层","elementId":10800,"name":"灵炼黑曜石","type":"锻造材料","price":"灵石*4204","count":"1-6","rate":0.35,"title":"战境天宝阁商人"}]