[{"mapId":2,"mapName":"第二层","elementId":10100,"type":"增加","attrType":"气血","range":"300-500","minValue":10},{"mapId":2,"mapName":"第二层","elementId":10101,"type":"增加","attrType":"灵力","range":"100-200","minValue":10},{"mapId":5,"mapName":"太黄婆娑境","elementId":10402,"type":"增加","attrType":"神念","range":"80-120","minValue":10},{"mapId":5,"mapName":"太黄婆娑境","elementId":10403,"type":"增加","attrType":"肉身","range":"80-120","minValue":10},{"mapId":7,"mapName":"第七层","elementId":10600,"type":"增加","attrType":"气血","range":"350-550","minValue":10},{"mapId":7,"mapName":"第七层","elementId":10601,"type":"增加","attrType":"灵力","range":"130-230","minValue":10},{"mapId":10,"mapName":"太明截玉境","elementId":10900,"type":"增加","attrType":"命中","range":"0.05-0.1","minValue":0.05},{"mapId":10,"mapName":"太明截玉境","elementId":10901,"type":"增加","attrType":"躲闪","range":"0.05-0.1","minValue":0.05}]