[{"textId":10000,"text":"恭喜获胜\n找到通关点后，即可通过此层"},{"textId":10001,"text":"是否进入下一层？"},{"textId":10002,"text":"是否进行随机跳跃？"},{"textId":10003,"text":"鄙人为战境天宝阁的黄级商人\n有一些稀少的材料\n有兴趣的可以看看"},{"textId":10004,"text":"伪•神奴\n特殊手法模仿神奴所制妖兽\n击杀它，可通关此层"},{"textId":10005,"text":"这堆矿石里面\n好像有块东西比较眼熟"},{"textId":10006,"text":"真可惜\n战斗余波将所有东西毁掉了"},{"textId":10007,"text":"解决战斗后\n搜寻一番之后\n还真发现了点东西"},{"textId":10008,"text":"果然没看错"},{"textId":10009,"text":"这，好像是炼丹的材料？"},{"textId":10010,"text":"这，好像是锻造的材料？"},{"textId":10011,"text":"击败守境灵\n即可通关此层"},{"textId":10012,"text":"击败守关者\n即可通关此层"},{"textId":10013,"text":"走到一生机之地\n感觉全体伤势恢复了不少"},{"textId":10014,"text":"走到一溢灵之地\n感觉全体灵力恢复了不少"},{"textId":10015,"text":"听到一阵道音\n全体感觉神清气爽\n神魂之力大涨"},{"textId":10016,"text":"误入龙血炎池\n全体感觉力量澎湃\n肉身之力大涨"},{"textId":10017,"text":"鄙人为战境天宝阁的黄级商人\n身上有不少材料\n有兴趣的可以看看\n天宝阁总部在哪？\n呵呵，道友境界太低，还是努力提升实力吧"},{"textId":10018,"text":"天降甘霖\n全体感觉神清气爽\n命中之力提升"},{"textId":10019,"text":"聆听道则\n全体感觉五官灵敏\n躲闪之力提升"},{"textId":10020,"text":"使用了流毒\n趁其虚弱，杀！"}]