[{"mapId":1,"layer":1,"mapName":"第一层","mapSpecification":"7*7","monsterRate":0.1,"initPoint":"(1,1)","steps":40},{"mapId":2,"layer":2,"mapName":"第二层","mapSpecification":"7*7","monsterRate":0.1,"initPoint":"(1,1)","steps":40},{"mapId":3,"layer":3,"mapName":"第三层","mapSpecification":"7*7","monsterRate":0.1,"initPoint":"(1,1)","steps":40},{"mapId":4,"layer":4,"mapName":"第四层","mapSpecification":"7*7","monsterRate":0.1,"initPoint":"(1,1)","steps":40},{"mapId":5,"layer":5,"mapName":"太黄婆娑境","mapSpecification":"13*13","monsterRate":0,"initPoint":"(7,12)","steps":60},{"mapId":6,"layer":6,"mapName":"第六层","mapSpecification":"7*7","monsterRate":0.1,"initPoint":"(1,7)","steps":40},{"mapId":7,"layer":7,"mapName":"第七层","mapSpecification":"7*7","monsterRate":0.1,"initPoint":"(4,1)","steps":40},{"mapId":8,"layer":8,"mapName":"第八层","mapSpecification":"7*7","monsterRate":0.1,"initPoint":"(7,4)","steps":40},{"mapId":9,"layer":9,"mapName":"第九层","mapSpecification":"7*7","monsterRate":0.1,"initPoint":"(2,6)","steps":40},{"mapId":10,"layer":10,"mapName":"太明截玉境","mapSpecification":"13*13","monsterRate":0.2,"initPoint":"(7,11)","steps":60}]