[{"mapId":1,"mapName":"第一层","elementId":1,"operate":"无","rate":0.05,"result":"战斗(1:30002#2:30002#3:30002)","passBonus":"","finishTextId":0,"continueId":0,"newButton":[]},{"mapId":1,"mapName":"第一层","elementId":1,"operate":"无","rate":0.05,"result":"战斗(1:30002#2:30002)","passBonus":"","finishTextId":0,"continueId":0,"newButton":[]},{"mapId":1,"mapName":"第一层","elementId":1,"operate":"无","rate":0.1,"result":"战斗(1:30002#2:30002#3:30002#4:30002)","passBonus":"","finishTextId":0,"continueId":0,"newButton":[]},{"mapId":1,"mapName":"第一层","elementId":1,"operate":"无","rate":0.2,"result":"战斗(1:30002#2:30002#3:30002#4:30002)","passBonus":"","finishTextId":0,"continueId":0,"newButton":[]},{"mapId":1,"mapName":"第一层","elementId":1,"operate":"无","rate":0.4,"result":"战斗(1:30002)","passBonus":"","finishTextId":0,"continueId":0,"newButton":[]},{"mapId":1,"mapName":"第一层","elementId":1,"operate":"无","rate":0.2,"result":"战斗(1:30002#2:30002#3:30002#4:30002#5:30003#6:30002)","passBonus":"","finishTextId":0,"continueId":0,"newButton":[]},{"mapId":2,"mapName":"第二层","elementId":1,"operate":"无","rate":0.05,"result":"战斗(1:30002#2:30002#3:30002)","passBonus":"","finishTextId":0,"continueId":0,"newButton":[]},{"mapId":2,"mapName":"第二层","elementId":1,"operate":"无","rate":0.05,"result":"战斗(1:30002#2:30002)","passBonus":"","finishTextId":0,"continueId":0,"newButton":[]},{"mapId":2,"mapName":"第二层","elementId":1,"operate":"无","rate":0.1,"result":"战斗(1:30002#2:30002#3:30002#4:30002)","passBonus":"","finishTextId":0,"continueId":0,"newButton":[]},{"mapId":2,"mapName":"第二层","elementId":1,"operate":"无","rate":0.2,"result":"战斗(1:30002#2:30002#3:30002#4:30002)","passBonus":"","finishTextId":0,"continueId":0,"newButton":[]},{"mapId":2,"mapName":"第二层","elementId":1,"operate":"无","rate":0.4,"result":"战斗(1:30002)","passBonus":"","finishTextId":0,"continueId":0,"newButton":[]},{"mapId":2,"mapName":"第二层","elementId":1,"operate":"无","rate":0.2,"result":"战斗(1:30002#2:30002#3:30002#4:30002#5:30003#6:30002)","passBonus":"","finishTextId":0,"continueId":0,"newButton":[]},{"mapId":3,"mapName":"第三层","elementId":1,"operate":"无","rate":0.05,"result":"战斗(1:30002#2:30002#3:30002)","passBonus":"","finishTextId":0,"continueId":0,"newButton":[]},{"mapId":3,"mapName":"第三层","elementId":1,"operate":"无","rate":0.05,"result":"战斗(1:30002#2:30002)","passBonus":"","finishTextId":0,"continueId":0,"newButton":[]},{"mapId":3,"mapName":"第三层","elementId":1,"operate":"无","rate":0.1,"result":"战斗(1:30002#2:30002#3:30002#4:30002)","passBonus":"","finishTextId":0,"continueId":0,"newButton":[]},{"mapId":3,"mapName":"第三层","elementId":1,"operate":"无","rate":0.2,"result":"战斗(1:30002#2:30002#3:30002#4:30002)","passBonus":"","finishTextId":0,"continueId":0,"newButton":[]},{"mapId":3,"mapName":"第三层","elementId":1,"operate":"无","rate":0.4,"result":"战斗(1:30002)","passBonus":"","finishTextId":0,"continueId":0,"newButton":[]},{"mapId":3,"mapName":"第三层","elementId":1,"operate":"无","rate":0.2,"result":"战斗(1:30002#2:30002#3:30002#4:30002#5:30003#6:30002)","passBonus":"","finishTextId":0,"continueId":0,"newButton":[]},{"mapId":4,"mapName":"第四层","elementId":1,"operate":"无","rate":0.05,"result":"战斗(1:30002#2:30002#3:30002)","passBonus":"","finishTextId":0,"continueId":0,"newButton":[]},{"mapId":4,"mapName":"第四层","elementId":1,"operate":"无","rate":0.05,"result":"战斗(1:30002#2:30002)","passBonus":"","finishTextId":0,"continueId":0,"newButton":[]},{"mapId":4,"mapName":"第四层","elementId":1,"operate":"无","rate":0.1,"result":"战斗(1:30002#2:30002#3:30002#4:30002)","passBonus":"","finishTextId":0,"continueId":0,"newButton":[]},{"mapId":4,"mapName":"第四层","elementId":1,"operate":"无","rate":0.2,"result":"战斗(1:30002#2:30002#3:30002#4:30002)","passBonus":"","finishTextId":0,"continueId":0,"newButton":[]},{"mapId":4,"mapName":"第四层","elementId":1,"operate":"无","rate":0.4,"result":"战斗(1:30002)","passBonus":"","finishTextId":0,"continueId":0,"newButton":[]},{"mapId":4,"mapName":"第四层","elementId":1,"operate":"无","rate":0.2,"result":"战斗(1:30002#2:30002#3:30002#4:30002#5:30003#6:30002)","passBonus":"","finishTextId":0,"continueId":0,"newButton":[]},{"mapId":6,"mapName":"第六层","elementId":1,"operate":"无","rate":0.05,"result":"战斗(1:30004#2:30004#3:30004)","passBonus":"","finishTextId":0,"continueId":0,"newButton":[]},{"mapId":6,"mapName":"第六层","elementId":1,"operate":"无","rate":0.05,"result":"战斗(1:30004#2:30004)","passBonus":"","finishTextId":0,"continueId":0,"newButton":[]},{"mapId":6,"mapName":"第六层","elementId":1,"operate":"无","rate":0.3,"result":"战斗(1:30004#2:30005#3:30004#4:30005)","passBonus":"","finishTextId":0,"continueId":0,"newButton":[]},{"mapId":6,"mapName":"第六层","elementId":1,"operate":"无","rate":0.4,"result":"战斗(1:30005)","passBonus":"","finishTextId":0,"continueId":0,"newButton":[]},{"mapId":6,"mapName":"第六层","elementId":1,"operate":"无","rate":0.2,"result":"战斗(1:30005#2:30005#3:30004#4:30004#5:30004#6:30005)","passBonus":"","finishTextId":0,"continueId":0,"newButton":[]},{"mapId":7,"mapName":"第七层","elementId":1,"operate":"无","rate":0.05,"result":"战斗(1:30004#2:30004#3:30004)","passBonus":"","finishTextId":0,"continueId":0,"newButton":[]},{"mapId":7,"mapName":"第七层","elementId":1,"operate":"无","rate":0.05,"result":"战斗(1:30004#2:30004)","passBonus":"","finishTextId":0,"continueId":0,"newButton":[]},{"mapId":7,"mapName":"第七层","elementId":1,"operate":"无","rate":0.3,"result":"战斗(1:30004#2:30005#3:30004#4:30005)","passBonus":"","finishTextId":0,"continueId":0,"newButton":[]},{"mapId":7,"mapName":"第七层","elementId":1,"operate":"无","rate":0.4,"result":"战斗(1:30005)","passBonus":"","finishTextId":0,"continueId":0,"newButton":[]},{"mapId":7,"mapName":"第七层","elementId":1,"operate":"无","rate":0.2,"result":"战斗(1:30005#2:30005#3:30004#4:30004#5:30004#6:30005)","passBonus":"","finishTextId":0,"continueId":0,"newButton":[]},{"mapId":8,"mapName":"第八层","elementId":1,"operate":"无","rate":0.05,"result":"战斗(1:30004#2:30004#3:30004)","passBonus":"","finishTextId":0,"continueId":0,"newButton":[]},{"mapId":8,"mapName":"第八层","elementId":1,"operate":"无","rate":0.05,"result":"战斗(1:30004#2:30004)","passBonus":"","finishTextId":0,"continueId":0,"newButton":[]},{"mapId":8,"mapName":"第八层","elementId":1,"operate":"无","rate":0.3,"result":"战斗(1:30004#2:30005#3:30004#4:30005)","passBonus":"","finishTextId":0,"continueId":0,"newButton":[]},{"mapId":8,"mapName":"第八层","elementId":1,"operate":"无","rate":0.4,"result":"战斗(1:30005)","passBonus":"","finishTextId":0,"continueId":0,"newButton":[]},{"mapId":8,"mapName":"第八层","elementId":1,"operate":"无","rate":0.2,"result":"战斗(1:30005#2:30005#3:30004#4:30004#5:30004#6:30005)","passBonus":"","finishTextId":0,"continueId":0,"newButton":[]},{"mapId":9,"mapName":"第九层","elementId":1,"operate":"无","rate":0.05,"result":"战斗(1:30004#2:30004#3:30004)","passBonus":"","finishTextId":0,"continueId":0,"newButton":[]},{"mapId":9,"mapName":"第九层","elementId":1,"operate":"无","rate":0.05,"result":"战斗(1:30004#2:30004)","passBonus":"","finishTextId":0,"continueId":0,"newButton":[]},{"mapId":9,"mapName":"第九层","elementId":1,"operate":"无","rate":0.3,"result":"战斗(1:30004#2:30005#3:30004#4:30005)","passBonus":"","finishTextId":0,"continueId":0,"newButton":[]},{"mapId":9,"mapName":"第九层","elementId":1,"operate":"无","rate":0.4,"result":"战斗(1:30005)","passBonus":"","finishTextId":0,"continueId":0,"newButton":[]},{"mapId":9,"mapName":"第九层","elementId":1,"operate":"无","rate":0.2,"result":"战斗(1:30005#2:30005#3:30004#4:30004#5:30004#6:30005)","passBonus":"","finishTextId":0,"continueId":0,"newButton":[]},{"mapId":10,"mapName":"太明截玉境","elementId":1,"operate":"无","rate":0.3,"result":"战斗(1:31010#2:31010#3:31010)","passBonus":"","finishTextId":0,"continueId":0,"newButton":[]},{"mapId":10,"mapName":"太明截玉境","elementId":1,"operate":"无","rate":0.5,"result":"战斗(1:31010#2:31010)","passBonus":"","finishTextId":0,"continueId":0,"newButton":[]},{"mapId":10,"mapName":"太明截玉境","elementId":1,"operate":"无","rate":0.2,"result":"战斗(1:31010#2:31010#3:31010#4:31010)","passBonus":"","finishTextId":0,"continueId":0,"newButton":[]},{"mapId":11,"elementId":null,"rate":null,"finishTextId":0,"continueId":null,"newButton":[]}]