[{"mapId":1,"mapName":"第一层","elementId":10001,"operate":"战斗","rate":1,"result":"战斗(1:30000)","passBonus":"出现通关点","finishTextId":10000,"continueId":10001,"newButton":["离开"],"title":"守关者"},{"mapId":1,"mapName":"第一层","elementId":10001,"operate":"观察","rate":1,"result":"信息(1:30000)","passBonus":"","finishTextId":0,"continueId":0,"newButton":["离开"],"title":"守关者"},{"mapId":1,"mapName":"第一层","elementId":10002,"operate":"战斗","rate":1,"result":"战斗(1:30001)","passBonus":"出现通关点","finishTextId":10000,"continueId":10001,"newButton":["离开"],"title":"守关者"},{"mapId":1,"mapName":"第一层","elementId":10002,"operate":"观察","rate":1,"result":"信息(1:30001)","passBonus":"","finishTextId":0,"continueId":0,"newButton":["离开"],"title":"守关者"},{"mapId":2,"mapName":"第二层","elementId":10104,"operate":"战斗","rate":1,"result":"战斗(1:30100)","passBonus":"出现通关点","finishTextId":10000,"continueId":10101,"newButton":["离开"],"title":"守关者"},{"mapId":2,"mapName":"第二层","elementId":10104,"operate":"观察","rate":1,"result":"信息(1:30100)","passBonus":"","finishTextId":0,"continueId":0,"newButton":["离开"],"title":"守关者"},{"mapId":3,"mapName":"第三层","elementId":10203,"operate":"战斗","rate":1,"result":"战斗(1:30200)","passBonus":"出现通关点","finishTextId":10000,"continueId":10201,"newButton":["离开"],"title":"守关者"},{"mapId":3,"mapName":"第三层","elementId":10203,"operate":"观察","rate":1,"result":"信息(1:30200)","passBonus":"","finishTextId":0,"continueId":0,"newButton":["离开"],"title":"守关者"},{"mapId":4,"mapName":"第四层","elementId":10300,"operate":"拾取","rate":0.45,"result":"战斗(1:31000#2:31000)","passBonus":"","finishTextId":10006,"continueId":10301,"newButton":["离开"],"title":"矿石堆"},{"mapId":4,"mapName":"第四层","elementId":10300,"operate":"拾取","rate":0.05,"result":"战斗(1:31000#2:31000)","passBonus":"物品(10300)","finishTextId":10007,"continueId":10301,"newButton":["离开"],"title":"矿石堆"},{"mapId":4,"mapName":"第四层","elementId":10300,"operate":"拾取","rate":0.05,"result":"战斗(1:31000#2:31000)","passBonus":"物品(10301)","finishTextId":10007,"continueId":10301,"newButton":["离开"],"title":"矿石堆"},{"mapId":4,"mapName":"第四层","elementId":10300,"operate":"拾取","rate":0.05,"result":"战斗(1:31000#2:31000)","passBonus":"物品(10302)","finishTextId":10007,"continueId":10301,"newButton":["离开"],"title":"矿石堆"},{"mapId":4,"mapName":"第四层","elementId":10300,"operate":"拾取","rate":0.05,"result":"战斗(1:31000#2:31000)","passBonus":"物品(10303)","finishTextId":10007,"continueId":10301,"newButton":["离开"],"title":"矿石堆"},{"mapId":4,"mapName":"第四层","elementId":10300,"operate":"拾取","rate":0.05,"result":"战斗(1:31000#2:31000)","passBonus":"物品(10304)","finishTextId":10007,"continueId":10301,"newButton":["离开"],"title":"矿石堆"},{"mapId":4,"mapName":"第四层","elementId":10300,"operate":"拾取","rate":0.2,"result":"文本(10008)","passBonus":"物品(10305)","finishTextId":0,"continueId":10301,"newButton":["离开"],"title":"矿石堆"},{"mapId":4,"mapName":"第四层","elementId":10300,"operate":"拾取","rate":0.06,"result":"文本(10008)","passBonus":"物品(10306)","finishTextId":0,"continueId":10301,"newButton":["离开"],"title":"矿石堆"},{"mapId":4,"mapName":"第四层","elementId":10300,"operate":"拾取","rate":0.02,"result":"文本(10008)","passBonus":"物品(10307)","finishTextId":0,"continueId":10301,"newButton":["离开"],"title":"矿石堆"},{"mapId":4,"mapName":"第四层","elementId":10300,"operate":"拾取","rate":0.02,"result":"文本(10008)","passBonus":"物品(10308)","finishTextId":0,"continueId":10301,"newButton":["离开"],"title":"矿石堆"},{"mapId":4,"mapName":"第四层","elementId":10300,"operate":"离开","rate":1,"result":"关闭弹窗","passBonus":"","finishTextId":0,"continueId":0,"newButton":[],"title":"矿石堆"},{"mapId":4,"mapName":"第四层","elementId":10303,"operate":"战斗","rate":1,"result":"战斗(1:30201)","passBonus":"出现通关点","finishTextId":10000,"continueId":10301,"newButton":["离开"],"title":"守关者"},{"mapId":4,"mapName":"第四层","elementId":10303,"operate":"观察","rate":1,"result":"信息(1:30201)","passBonus":"","finishTextId":0,"continueId":0,"newButton":["离开"],"title":"守关者"},{"mapId":5,"mapName":"太黄婆娑境","elementId":10400,"operate":"拾取","rate":0.6,"result":"战斗(1:31001#2:31001)","passBonus":"","finishTextId":10006,"continueId":10401,"newButton":["离开"],"title":"灵草丛"},{"mapId":5,"mapName":"太黄婆娑境","elementId":10400,"operate":"拾取","rate":0.08,"result":"战斗(1:31001#2:31001)","passBonus":"物品(10400)","finishTextId":10007,"continueId":10401,"newButton":["离开"],"title":"灵草丛"},{"mapId":5,"mapName":"太黄婆娑境","elementId":10400,"operate":"拾取","rate":0.08,"result":"战斗(1:31001#2:31001)","passBonus":"物品(10401)","finishTextId":10007,"continueId":10401,"newButton":["离开"],"title":"灵草丛"},{"mapId":5,"mapName":"太黄婆娑境","elementId":10400,"operate":"拾取","rate":0.08,"result":"战斗(1:31001#2:31001)","passBonus":"物品(10402)","finishTextId":10007,"continueId":10401,"newButton":["离开"],"title":"灵草丛"},{"mapId":5,"mapName":"太黄婆娑境","elementId":10400,"operate":"拾取","rate":0.08,"result":"战斗(1:31001#2:31001)","passBonus":"物品(10403)","finishTextId":10007,"continueId":10401,"newButton":["离开"],"title":"灵草丛"},{"mapId":5,"mapName":"太黄婆娑境","elementId":10400,"operate":"拾取","rate":0.08,"result":"文本(10008)","passBonus":"物品(10404)","finishTextId":0,"continueId":10401,"newButton":["离开"],"title":"灵草丛"},{"mapId":5,"mapName":"太黄婆娑境","elementId":10400,"operate":"离开","rate":1,"result":"关闭弹窗","passBonus":"","finishTextId":0,"continueId":0,"newButton":[],"title":"灵草丛"},{"mapId":5,"mapName":"太黄婆娑境","elementId":10401,"operate":"拾取","rate":0.45,"result":"战斗(1:31000#2:31000)","passBonus":"","finishTextId":10006,"continueId":10401,"newButton":["离开"],"title":"矿石堆"},{"mapId":5,"mapName":"太黄婆娑境","elementId":10401,"operate":"拾取","rate":0.05,"result":"战斗(1:31000#2:31000)","passBonus":"物品(10300)","finishTextId":10007,"continueId":10401,"newButton":["离开"],"title":"矿石堆"},{"mapId":5,"mapName":"太黄婆娑境","elementId":10401,"operate":"拾取","rate":0.05,"result":"战斗(1:31000#2:31000)","passBonus":"物品(10301)","finishTextId":10007,"continueId":10401,"newButton":["离开"],"title":"矿石堆"},{"mapId":5,"mapName":"太黄婆娑境","elementId":10401,"operate":"拾取","rate":0.05,"result":"战斗(1:31000#2:31000)","passBonus":"物品(10302)","finishTextId":10007,"continueId":10401,"newButton":["离开"],"title":"矿石堆"},{"mapId":5,"mapName":"太黄婆娑境","elementId":10401,"operate":"拾取","rate":0.05,"result":"战斗(1:31000#2:31000)","passBonus":"物品(10303)","finishTextId":10007,"continueId":10401,"newButton":["离开"],"title":"矿石堆"},{"mapId":5,"mapName":"太黄婆娑境","elementId":10401,"operate":"拾取","rate":0.05,"result":"战斗(1:31000#2:31000)","passBonus":"物品(10304)","finishTextId":10007,"continueId":10401,"newButton":["离开"],"title":"矿石堆"},{"mapId":5,"mapName":"太黄婆娑境","elementId":10401,"operate":"拾取","rate":0.2,"result":"文本(10008)","passBonus":"物品(10305)","finishTextId":0,"continueId":10401,"newButton":["离开"],"title":"矿石堆"},{"mapId":5,"mapName":"太黄婆娑境","elementId":10401,"operate":"拾取","rate":0.06,"result":"文本(10008)","passBonus":"物品(10306)","finishTextId":0,"continueId":10401,"newButton":["离开"],"title":"矿石堆"},{"mapId":5,"mapName":"太黄婆娑境","elementId":10401,"operate":"拾取","rate":0.02,"result":"文本(10008)","passBonus":"物品(10307)","finishTextId":0,"continueId":10401,"newButton":["离开"],"title":"矿石堆"},{"mapId":5,"mapName":"太黄婆娑境","elementId":10401,"operate":"拾取","rate":0.02,"result":"文本(10008)","passBonus":"物品(10308)","finishTextId":0,"continueId":10401,"newButton":["离开"],"title":"矿石堆"},{"mapId":5,"mapName":"太黄婆娑境","elementId":10401,"operate":"离开","rate":1,"result":"关闭弹窗","passBonus":"","finishTextId":0,"continueId":0,"newButton":[],"title":"矿石堆"},{"mapId":5,"mapName":"太黄婆娑境","elementId":10406,"operate":"战斗","rate":1,"result":"战斗(1:31002)","passBonus":"出现通关点","finishTextId":10000,"continueId":10401,"newButton":["离开"],"title":"婆娑境守境魔兽"},{"mapId":5,"mapName":"太黄婆娑境","elementId":10406,"operate":"观察","rate":1,"result":"信息(1:31002)","passBonus":"","finishTextId":0,"continueId":0,"newButton":["离开"],"title":"婆娑境守境魔兽"},{"mapId":5,"mapName":"太黄婆娑境","elementId":10407,"operate":"战斗","rate":1,"result":"战斗(1:31003)","passBonus":"出现通关点","finishTextId":10000,"continueId":10401,"newButton":["离开"],"title":"婆娑境守境魔兽"},{"mapId":5,"mapName":"太黄婆娑境","elementId":10407,"operate":"观察","rate":1,"result":"信息(1:31003)","passBonus":"","finishTextId":0,"continueId":0,"newButton":["离开"],"title":"婆娑境守境魔兽"},{"mapId":6,"mapName":"第六层","elementId":10502,"operate":"战斗","rate":1,"result":"战斗(1:31004)","passBonus":"出现通关点","finishTextId":10000,"continueId":10501,"newButton":["离开"],"title":"守关者"},{"mapId":6,"mapName":"第六层","elementId":10502,"operate":"观察","rate":1,"result":"信息(1:31004)","passBonus":"","finishTextId":0,"continueId":0,"newButton":["离开"],"title":"守关者"},{"mapId":7,"mapName":"第七层","elementId":10604,"operate":"战斗","rate":1,"result":"战斗(1:31005)","passBonus":"出现通关点","finishTextId":10000,"continueId":10601,"newButton":["离开"],"title":"守关者"},{"mapId":7,"mapName":"第七层","elementId":10604,"operate":"观察","rate":1,"result":"信息(1:31005)","passBonus":"","finishTextId":0,"continueId":0,"newButton":["离开"],"title":"守关者"},{"mapId":8,"mapName":"第八层","elementId":10700,"operate":"拾取","rate":0.5,"result":"战斗(1:32000#2:32000#3:32000)","passBonus":"","finishTextId":10006,"continueId":10701,"newButton":["离开"],"title":"灵草丛"},{"mapId":8,"mapName":"第八层","elementId":10700,"operate":"拾取","rate":0.1,"result":"战斗(1:32000#2:32001#3:32000)","passBonus":"物品(10400)","finishTextId":10007,"continueId":10701,"newButton":["离开"],"title":"灵草丛"},{"mapId":8,"mapName":"第八层","elementId":10700,"operate":"拾取","rate":0.1,"result":"战斗(1:32001#2:32000#3:32000)","passBonus":"物品(10401)","finishTextId":10007,"continueId":10701,"newButton":["离开"],"title":"灵草丛"},{"mapId":8,"mapName":"第八层","elementId":10700,"operate":"拾取","rate":0.1,"result":"战斗(1:32000#2:32000#3:32001)","passBonus":"物品(10402)","finishTextId":10007,"continueId":10701,"newButton":["离开"],"title":"灵草丛"},{"mapId":8,"mapName":"第八层","elementId":10700,"operate":"拾取","rate":0.1,"result":"战斗(1:32000#2:32001#3:32001)","passBonus":"物品(10403)","finishTextId":10007,"continueId":10701,"newButton":["离开"],"title":"灵草丛"},{"mapId":8,"mapName":"第八层","elementId":10700,"operate":"拾取","rate":0.1,"result":"文本(10008)","passBonus":"物品(10404)","finishTextId":0,"continueId":10701,"newButton":["离开"],"title":"灵草丛"},{"mapId":8,"mapName":"第八层","elementId":10700,"operate":"离开","rate":1,"result":"关闭弹窗","passBonus":"","finishTextId":0,"continueId":0,"newButton":[],"title":"灵草丛"},{"mapId":8,"mapName":"第八层","elementId":10703,"operate":"战斗","rate":1,"result":"战斗(1:31006)","passBonus":"出现通关点","finishTextId":10000,"continueId":10701,"newButton":["离开"],"title":"守关者"},{"mapId":8,"mapName":"第八层","elementId":10703,"operate":"观察","rate":1,"result":"信息(1:31006)","passBonus":"","finishTextId":0,"continueId":0,"newButton":["离开"],"title":"守关者"},{"mapId":9,"mapName":"第九层","elementId":10803,"operate":"战斗","rate":1,"result":"战斗(1:31007)","passBonus":"出现通关点","finishTextId":10000,"continueId":10801,"newButton":["离开"],"title":"守关者"},{"mapId":9,"mapName":"第九层","elementId":10803,"operate":"观察","rate":1,"result":"信息(1:31007)","passBonus":"","finishTextId":0,"continueId":0,"newButton":["离开"],"title":"守关者"},{"mapId":10,"mapName":"太明截玉境","elementId":10904,"operate":"直接战斗","rate":1,"result":"战斗(1:31008)","passBonus":"出现通关点","finishTextId":10000,"continueId":10901,"newButton":["离开"],"title":"天境神奴"},{"mapId":10,"mapName":"太明截玉境","elementId":10904,"operate":"使用流毒","rate":1,"result":"消耗(10000)","passBonus":"","finishTextId":10020,"continueId":10902,"newButton":["战斗"],"title":"天境神奴"},{"mapId":11,"mapName":"第十一层","elementId":11002,"operate":"战斗","rate":null,"finishTextId":0,"continueId":null,"newButton":[]},{"mapId":null,"elementId":null,"operate":"观察","rate":null,"finishTextId":0,"continueId":null,"newButton":[]}]