[{"mapId":1,"reward":"灵石*25000#修为*30000#精铁矿*1"},{"mapId":2,"reward":"灵石*26500#修为*32500#精铁矿*4"},{"mapId":3,"reward":"灵石*28000#修为*35000#精铁矿*7"},{"mapId":4,"reward":"灵石*29500#修为*37500#精铁矿*10"},{"mapId":5,"reward":"灵石*31000#修为*40000#精铁矿*15"},{"mapId":6,"reward":"灵石*33500#修为*43500#精铁矿*18"},{"mapId":7,"reward":"灵石*36000#修为*47000#精铁矿*21"},{"mapId":8,"reward":"灵石*38500#修为*50500#精铁矿*24"},{"mapId":9,"reward":"灵石*41000#修为*54000#精铁矿*27"},{"mapId":10,"reward":"灵石*43500#修为*57500#精铁矿*30"},{"mapId":11,"reward":"灵石*45000#修为*60500#精铁矿*32#灵元晶*1#魔元晶*1"},{"mapId":12,"reward":"灵石*46500#修为*63500#精铁矿*34#灵元晶*1#魔元晶*1"},{"mapId":13,"reward":"灵石*48000#修为*66500#精铁矿*36#灵元晶*2#魔元晶*2"},{"mapId":14,"reward":"灵石*49500#修为*69500#精铁矿*38#灵元晶*2#魔元晶*2"},{"mapId":15,"reward":"灵石*51000#修为*72500#精铁矿*40#灵元晶*3#魔元晶*3"},{"mapId":16,"reward":"灵石*52500#修为*75500#精铁矿*42#灵元晶*3#魔元晶*3"},{"mapId":17,"reward":"灵石*54000#修为*78500#精铁矿*44#灵元晶*4#魔元晶*4"},{"mapId":18,"reward":"灵石*55500#修为*81500#精铁矿*46#灵元晶*4#魔元晶*4"},{"mapId":19,"reward":"灵石*57000#修为*84500#精铁矿*48#灵元晶*5#魔元晶*5"},{"mapId":20,"reward":"灵石*58500#修为*87500#精铁矿*50#灵元晶*5#魔元晶*5"}]