[{"mapId":1,"mapName":"第一层","eventId":10001,"operate":"离开","rate":1,"result":"关闭弹窗","passBonus":"","finishTextId":0,"continueId":0,"newButton":[]},{"mapId":2,"mapName":"第二层","eventId":10101,"operate":"离开","rate":1,"result":"关闭弹窗","passBonus":"","finishTextId":0,"continueId":0,"newButton":[]},{"mapId":3,"mapName":"第三层","eventId":10201,"operate":"离开","rate":1,"result":"关闭弹窗","passBonus":"","finishTextId":0,"continueId":0,"newButton":[]},{"mapId":4,"mapName":"第四层","eventId":10301,"operate":"离开","rate":1,"result":"关闭弹窗","passBonus":"","finishTextId":0,"continueId":0,"newButton":[]},{"mapId":5,"mapName":"太黄婆娑境","eventId":10401,"operate":"离开","rate":1,"result":"关闭弹窗","passBonus":"","finishTextId":0,"continueId":0,"newButton":[]},{"mapId":6,"mapName":"第六层","eventId":10501,"operate":"离开","rate":1,"result":"关闭弹窗","passBonus":"","finishTextId":0,"continueId":0,"newButton":[]},{"mapId":7,"mapName":"第七层","eventId":10601,"operate":"离开","rate":1,"result":"关闭弹窗","passBonus":"","finishTextId":0,"continueId":0,"newButton":[]},{"mapId":8,"mapName":"第八层","eventId":10701,"operate":"离开","rate":1,"result":"关闭弹窗","passBonus":"","finishTextId":0,"continueId":0,"newButton":[]},{"mapId":9,"mapName":"第九层","eventId":10801,"operate":"离开","rate":1,"result":"关闭弹窗","passBonus":"","finishTextId":0,"continueId":0,"newButton":[]},{"mapId":10,"mapName":"太明截玉境","eventId":10901,"operate":"离开","rate":1,"result":"关闭弹窗","passBonus":"","finishTextId":0,"continueId":0,"newButton":[]},{"mapId":10,"mapName":"太明截玉境","eventId":10902,"operate":"战斗","rate":1,"result":"战斗(1:31009)","passBonus":"出现通关点","finishTextId":10000,"continueId":10901,"newButton":["离开"]}]