[{"position":"home","content":"小伙子，欢迎来到修真的世界\n宗门建筑有各种特殊效果\n历练大战则是主线剧情跟各种战斗玩法的集合，可以获得海量材料，打造专属神装\n灵园生产是获得资源的主要途径\n所有宗门的物品都能在宗门宝库中查看\n资源福利中有各种活动与坊市商店\n原著小说是策划狗呕心沥血的原创小说，会不断更新哦\n右上角是宗门等级，里面有成就玩法跟门派玩法\n主页的列表，是宗门内所有门人的信息，点击后可以查看详细信息","count":10},{"position":"build","content":"这里就是宗门建筑\n升级不同建筑，会有不同效果\n弟子殿提升门人上限，仆役上限\n锻造殿等级越高，获得锻造配方越多，锻造额外成功率越高\n炼丹殿等级越高，获得炼丹配方越多，炼丹额外成功率越高","count":1},{"position":"land","content":"消耗灵石可以招收仆役\n招收仆役后，根据自身对资源的需求，可以作出不同分配\n灵园中，每项资源等级越高，可分配的仆役上限越高，资源产出的品质提升，相应的产出效率也会提升","count":1},{"position":"treasure","content":"宗门所有的物品都在这里\n可以直接出售无用的物品","count":1},{"position":"shop","content":"可以在充值处获得仙石\n坊市中有大量材料出售\n门派等级不同，可进入的坊市也不同\n活动集锦中，有各种活动，每天登录都有惊喜","count":1},{"position":"map","content":"作为穿越者，获得方羽的记忆\n得知可怕的事实，可谓祸福相依\n不过事已至此，也只能迈步向前\n努力壮大宗门，踏足天墟\n闯过十八楼，征服三十六天\n如一开始所说\n生而人，何惧血溅护苍生！\n进入地图前，先设置下队列吧","count":1},{"position":"disciple","content":"在这里，可以为门人配备装备，提升实力，还能查看到所有的详细信息\n功法树中可以进行技能提升\n逐离弟子有极小极小概率获得帝源浆，这是提升门人资质的唯一途径\n点击属性可以查看到更详细的弟子信息\n不同修真方向，属性成长不同","count":1}]