[{"position":"disciple","content":"气血：一级战斗属性，战斗中气血为0，将不可出手，战斗中一方全体气血为0，战斗结束\n灵力：一级战斗属性，战斗中灵力小于使用技能的消耗灵力，将不可使用技能\n神念：一级战斗属性，自身神念越高，使用神念类技能效果越好，防御神念类伤害效果越好\n肉身：一级战斗属性，自身肉身越高，使用肉身类技能与普通攻击效果越好，防御肉身类伤害与普通伤害效果越好\n破甲：一级战斗属性，破甲越高，造成的最终伤害越多\n格挡：一级战斗属性，格挡越高，敌方造成的最终伤害越少\n命中：二级战斗属性，命中越高，技能生效的概率越大（包括治疗技能）\n躲闪：二级战斗属性，躲闪越高，敌方技能生效的概率越小（包括我方治疗技能）\n暴击：二级战斗属性，暴击越高，技能产生暴击效果的概率越大（产生暴击时，技能效果翻倍，包括治疗技能）\n抗暴：二级战斗属性，抗暴越高，敌方技能产生暴击效果的概率越小"},{"position":"land","content":"灵脉：每十分钟获得灵石，进入灵园时自动收获，灵脉品质越高，单位仆役产出的灵石越多，灵脉等级越高，可分配的仆役上限越高\n林脉：每十分钟获得木材，进入灵园时自动收获，林脉品质越高，单位仆役产出的木材越多，林脉等级越高，可分配的仆役上限越高\n矿脉：每十分钟获得矿石，进入灵园时自动收获，矿脉品质越高，单位仆役产出的矿石越多，矿脉等级越高，可分配的仆役上限越高\n药田：每十分钟获得灵草，进入灵园时自动收获，药田品质越高，单位仆役产出的灵草越多，药田等级越高，可分配的仆役上限越高\n粮田：每十分钟获得灵粮，进入灵园时自动收获，粮田品质越高，单位仆役产出的灵粮越多，粮田等级越高，可分配的仆役上限越高\n招收仆役：消耗灵石招收仆役，拥有的仆役上限跟宗门建筑弟子殿有关，弟子殿等级越高，宗门可拥有的总仆役上限越高"},{"position":"equip","content":"蕴器：消耗灵石提升装备基础属性，蕴器等级越高，基础属性提升越多，满级后不可进行蕴器\n蕴器成功：装备基础属性提升（附加属性不变），蕴器等级提升1\n蕴器失败：蕴器等级下降1，装备基础属性下降（附加属性不变）\n蕴器保底：当装备蕴器等级为5的倍数时，蕴器失败，蕴器等级不变\n提品：装备蕴器等级达到满级，可以进行装备提品，提品不消耗任何东西\n提品成功：装备品质提升，初始的基础属性以及附加属性按照比例提升，同时蕴器等级下降\n提品失败：装备爆炸，化为乌有\n提品保底：可以使用仙石或者灵石进行保底，一旦使用保底，提品必然成功"},{"position":"life-soul","content":"不同命魂，有不同的加成作用，分别对应气血等六个一级属性，以及命中等四个二级属性\n传承次数越多，能激活的本源数量上限越高，未传承之前，能激活的本源最多50\n同一个命魂，激活的本源数量越多，增加属性的幅度越大\n同一个命魂，激活的本源数量越多，需要消耗的命魂丹药数量跟品质越高\n本源是所有命魂共享的，举个例子，未传承前，最多有50个本源，这50个本源，可以全部分配给同一个命魂，也可以均匀分配"},{"position":"access-forge","content":"锻造经验达到考核标准时，可以进行锻造考核\n锻造考核时，根据考核配方（升级锻造殿可获得对应配方），锻造出对应装备，一旦评分达到考核标准，则考核通过，锻造品级提升，锻造经验清空\n每次考核，锻造成功的装备归门派所有，考核时，根据不同考核品级，额外消耗灵石"},{"position":"access-alchemy","content":"炼丹经验达到考核标准时，可以进行炼丹考核\n该弟子炼制获得的对应丹药达到一定数量（以往所有炼制过的丹药，升级炼丹殿可获得对应配方），炼丹考核通过，炼丹品级提升，炼丹经验清空\n每次考核，根据不同考核品级，额外消耗灵石"},{"position":"material-mix","content":"材料融合玩法，可以将低级材料融合为高级材料\n材料融合的数量越多，融合成功率越高"},{"position":"tower","content":"1.每天首次进入战境免费，当天进入次数越多，需消耗的灵石越多\n2.战境中有随机buff，每层buff只许获得一个，可合理根据怪物特性进行buff选择\n3.每层有步数限制，步数消耗完毕，无法行动，只能退出\n4.战境中的战斗，获胜场数记入降妖成就\n5.每天可领取一次战境奖励，奖励按照历史最高层数计算\n6.18层后开启占领玩法"}]