{
	"pages": [ //pages数组中第一项表示应用启动页，参考：https://uniapp.dcloud.io/collocation/pages
		{
			"path": "pages/login/login"
		},
		{
			// 小说列表
			"path": "pages/novel/novel-list/novel-list",
			"style": {}
		},
		{
			"path": "pages/climb-tower/tower-intro"
		},
		{
			"path": "pages/climb-tower/climb-tower"
		},
		{
			"path": "pages/disciple/disciple-access-forge"
		},
		{
			"path": "pages/disciple/disciple-alchemy-forge-access"
		},
		{
			"path": "pages/fight-field/fight-settle-queue"
		},
		{
			"path": "pages/treasure/treasure-material"
		},
		{ //资源商
			"path": "pages/resource-merchant/resource-merchant",
			"style": {}
		},
		
		{
			//古圣阁:材料
			"path": "pages/ancient-science/ancient-science",
			"style": {}
		},
		{
			//材料融合
			"path": "pages/material-fusion/material-fusion",
			"style": {}
		},
		{
			"path": "pages/login/login"
		},
		{
			"path": "pages/novel/novel"
		},
		{
			//古圣阁
			"path": "pages/ancient-temple/ancient-temple",
			"style": {}
		},
		{
			// 剑修传承
			"path": "pages/kendo-heritage/kendo-heritage",
			"style": {}
		},

		{
			"path": "pages/disciple/disciple-life-soul"
		},
		{
			"path": "pages/fight-field/fight-field"
		},
		{
			"path": "pages/novel/novel-figure"
		},
		{
			"path": "pages/experience-list/experience-list"
		},
		{
			"path": "pages/exchange-code/exchange-code"
		},
		{
			"path": "pages/mail/mail"
		},
		{
			"path": "pages/uLoad/uLoad"
		},
		{
			"path": "pages/open-plot/open-plot"
		},
		{
			"path": "pages/load/load"
		},
		{
			"path": "pages/sect/sect"
		},
		{
			"path": "pages/home/material-add"
		},
		{
			"path": "pages/treasure/treasure"
		},
		{
			"path": "pages/activity/activity-list"
		},
		{
			"path": "pages/map/settle-queue-choose"
		},
		{
			"path": "pages/map/settle-queue"
		},
		{
			"path": "pages/fight/fight"
		},
		{
			"path": "pages/shop/recharge"
		},
		{
			"path": "pages/shop/shop"
		},
		{
			"path": "pages/land/land"
		},
		{
			"path": "pages/shop/market"
		},
		{
			"path": "pages/shop/market-detail"
		},
		{
			"path": "pages/settle/settle-data"
		},
		{
			"path": "pages/choose-service/choose-service"
		},

		{
			"path": "pages/building/building-forge-hall"
		},
		{
			"path": "pages/building/building-forge-formula-list"
		},
		{
			"path": "pages/map/map-list"
		},
		{
			"path": "pages/settle/settle-sect"
		},

		{
			"path": "pages/regist/regist"
		},
		{
			"path": "pages/map/map"
		},
		{
			"path": "pages/home/home"
		},
		{
			"path": "pages/building/building-disciple-recruit-rate"
		},
		{
			"path": "pages/building/building"
		},
		{
			"path": "pages/building/building-disciple-choose"
		},
		{
			"path": "pages/disciple/disciple-break-through"
		},
		{
			"path": "pages/disciple/disciple-equip-detail"
		},
		{
			"path": "pages/disciple/disciple-equip-list"
		},
		{
			"path": "pages/building/building-disciple-recruit"
		},
		{
			"path": "pages/building/building-forge-pavilion"
		},
		{
			"path": "pages/disciple/disciple-skill"
		},
		{
			"path": "pages/disciple/disciple-property"
		},
		{
			"path": "pages/disciple/disciple"
		},
		{
			"path": "pages/index/index",
			"style": {
				"navigationBarTitleText": "uni-app"
			}
		}, {
			"path": "pages/activity/activity-details",
			"style": {}
		}, {
			"path": "pages/novel/reading",
			"style": {}
		}, {
			"path": "pages/ancient-science/ancient-science",
			"style": {}
		}
	],
	"globalStyle": {

		"navigationBarTextStyle": "white",
		"navigationBarTitleText": "Master",
		"navigationBarBackgroundColor": "#000000",
		"backgroundColor": "#000000",
		"navigationStyle": "custom",
		"backgroundColorTop": "#000000",
		"backgroundColorBottom": "#000000",
		"popGesture": "none",
		"app-plus": {
			"background": "#000000"
		}
	}

}
