{
  "id": "1475132",
  "name": "lingdian8",
  "font_family": "iconfont",
  "css_prefix_text": "icon",
  "description": "体育直播",
  "glyphs": [
    {
      "icon_id": "1009682",
      "name": "钟",
      "font_class": "zhong",
      "unicode": "e600",
      "unicode_decimal": 58880
    },
    {
      "icon_id": "1068820",
      "name": "积分商城",
      "font_class": "weibiaoti2fuzhi14",
      "unicode": "e62b",
      "unicode_decimal": 58923
    },
    {
      "icon_id": "1207845",
      "name": "setting",
      "font_class": "setting",
      "unicode": "e657",
      "unicode_decimal": 58967
    },
    {
      "icon_id": "2076581",
      "name": "排序",
      "font_class": "shijian",
      "unicode": "e684",
      "unicode_decimal": 59012
    },
    {
      "icon_id": "3776582",
      "name": "点赞_线",
      "font_class": "icon-1",
      "unicode": "e603",
      "unicode_decimal": 58883
    },
    {
      "icon_id": "5951630",
      "name": "日历",
      "font_class": "rili",
      "unicode": "e659",
      "unicode_decimal": 58969
    },
    {
      "icon_id": "6018847",
      "name": "静音",
      "font_class": "jingyin",
      "unicode": "e601",
      "unicode_decimal": 58881
    },
    {
      "icon_id": "6239263",
      "name": "音量",
      "font_class": "duomeitiicon-",
      "unicode": "e624",
      "unicode_decimal": 58916
    },
    {
      "icon_id": "7457669",
      "name": "大于",
      "font_class": "dayu",
      "unicode": "e602",
      "unicode_decimal": 58882
    },
    {
      "icon_id": "8612863",
      "name": "首 页",
      "font_class": "shouye",
      "unicode": "e61b",
      "unicode_decimal": 58907
    },
    {
      "icon_id": "8766122",
      "name": "任务",
      "font_class": "renwu",
      "unicode": "e60b",
      "unicode_decimal": 58891
    },
    {
      "icon_id": "8782644",
      "name": "排序",
      "font_class": "paixu",
      "unicode": "e689",
      "unicode_decimal": 59017
    },
    {
      "icon_id": "9011607",
      "name": "系列课",
      "font_class": "xilieke",
      "unicode": "e749",
      "unicode_decimal": 59209
    },
    {
      "icon_id": "10331778",
      "name": "观看",
      "font_class": "guankan",
      "unicode": "e61f",
      "unicode_decimal": 58911
    },
    {
      "icon_id": "10737829",
      "name": "播放",
      "font_class": "bofang",
      "unicode": "e620",
      "unicode_decimal": 58912
    },
    {
      "icon_id": "10850745",
      "name": "评论",
      "font_class": "pinglun",
      "unicode": "e642",
      "unicode_decimal": 58946
    },
    {
      "icon_id": "10868872",
      "name": "加 添加",
      "font_class": "jiatianjia",
      "unicode": "e604",
      "unicode_decimal": 58884
    },
    {
      "icon_id": "10975623",
      "name": "减",
      "font_class": "jian",
      "unicode": "e605",
      "unicode_decimal": 58885
    },
    {
      "icon_id": "11458044",
      "name": "记录",
      "font_class": "jilu",
      "unicode": "e606",
      "unicode_decimal": 58886
    },
    {
      "icon_id": "11458047",
      "name": "反馈",
      "font_class": "icon-test",
      "unicode": "e607",
      "unicode_decimal": 58887
    },
    {
      "icon_id": "11458104",
      "name": "邀请",
      "font_class": "icon-test1",
      "unicode": "e608",
      "unicode_decimal": 58888
    },
    {
      "icon_id": "11965929",
      "name": "签到",
      "font_class": "qiandao",
      "unicode": "e609",
      "unicode_decimal": 58889
    }
  ]
}
