{
	"pages": [ //pages数组中第一项表示应用启动页，参考：https://uniapp.dcloud.io/collocation/pages
		{
			"path": "pages/index/index",
			"style": {
				"navigationBarTitleText": "首页",
				"enablePullDownRefresh": false,
				"bounce": "none", // 关闭页面回弹效果
				"navigationStyle": "custom" // 取消原生导航栏

				// "app-plus": {
				// 	"titleNView": {
				// 		"buttons": [{
				// 				"text": "\ue643",
				// 				"fontSrc": "/static/iconfont.ttf",
				// 				"fontSize": "22px",
				// 				"float": "left"
				// 			},
				// 			{
				// 				"text": "\ue501",
				// 				"fontSrc": "/static/iconfont.ttf",
				// 				"fontSize": "22px"
				// 			}
				// 		]
				// 	}
				// }
			}
		},
		{
			"path": "pages/video/video",
			"style": {
				"navigationBarTitleText": "视频",
				"bounce": "none"
				// "enablePullDownRefresh": true // 开启下拉刷新
				// // 页面上拉触底事件触发时距页面底部距离，单位只支持px ↓
				// "onReachBottomDistance": 50
			}
		},
		{
			"path": "pages/news/news",
			"style": {
				"navigationBarTitleText": "新闻"
			}
		},
		{
			"path": "pages/tv/tv",
			"style": {
				"navigationBarTitleText": "电视"
			}
		},
		{
			"path": "pages/lx/lx",
			"style": {
				"navigationBarTitleText": "录像"
			}
		},
		{
			"path": "pages/mine/mine",
			"style": {
				"navigationBarTitleText": "我的",
				"navigationStyle": "custom"
			}
		},
		{
			"path": "pages/video/vDetail",
			"style": {
				"navigationBarTitleText": "视频详情",
				"navigationStyle": "custom",
				"bounce": "none" // 关闭页面回弹效果
				// "app-plus": {
				// 	// adjustResize：软键盘弹出时，webview窗体高度挤压。屏幕高度=webview窗体高度+软键盘高度
				//     "softinputMode": "adjustResize"
				// }
			}
		},
		{
			"path": "pages/index/eventCalendar",
			"style": {
				"navigationBarTitleText": "赛程日历"
				// "navigationStyle": "custom"
			}
		},
		{
			"path": "pages/login/login",
			"style": {
				"navigationBarTitleText": ""
			}
		},
		{
			"path": "pages/login/regist",
			"style": {
				"navigationBarTitleText": ""
			}
		},
		{
			"path": "pages/login/reset",
			"style": {
				"navigationBarTitleText": "重置密码"
			}
		}, {
			"path": "pages/mine/ptions",
			"style": {
				"navigationBarTitleText": "设置"
			}
		},
		{
			"path": "pages/news/detail",
			"style": {
				"navigationBarTitleText": "新闻详情",
				"bounce": "none" // 关闭页面回弹效果
				// "app-plus": {
				// 	// adjustResize：软键盘弹出时，webview窗体高度挤压。屏幕高度=webview窗体高度+软键盘高度
				//     "softinputMode": "adjustResize"
				// }
			}
		},
		{
			"path": "pages/index/customTag",
			"style": {
				"navigationBarTitleText": "自定义"
			}
		},
		{
			"path": "pages/mine/modifyUser",
			"style": {
				"navigationBarTitleText": "修改资料"
			}
		},
		{
			"path": "pages/mine/integral/integral",
			"style": {
				"navigationBarTitleText": "积分商城",
				"navigationStyle": "custom"
			}
		},
		{
			"path": "pages/mine/integral/pointHistory",
			"style": {
				"navigationBarTitleText": "积分明细"
				// "navigationStyle": "custom"
			}
		},
		{
			"path": "pages/mine/integral/myExchange",
			"style": {
				"navigationBarTitleText": "我的兑换"
				// "navigationStyle": "custom"
			}
		},
		{
			"path": "pages/mine/invitation/invitation",
			"style": {
				"navigationBarTitleText": "邀请好友"
			}
		},
		{
			"path": "pages/mine/task/task",
			"style": {
				"navigationBarTitleText": "任务大厅",
				"navigationStyle": "custom"
			}
		},
		{
			"path": "pages/mine/opinion/opinion",
			"style": {
				"navigationBarTitleText": "意见反馈"
			}
		},
		{
			"path": "pages/component/commentsDetail",
			"style": {
				"navigationBarTitleText": "评论详情"
			}
		},



		{
			"path": "pages/mine/order/order",
			"style": {
				"navigationBarTitleText": "订单"
				// "navigationStyle": "custom"
			}
		},
		{
			"path": "pages/mine/order/addAddress",
			"style": {
				"navigationBarTitleText": "收货信息"
			}
		},
		{
			"path": "pages/mine/order/success",
			"style": {
				"navigationBarTitleText": "兑换成功"
			}
		}, {
			"path": "pages/webview/lxWebview",
			"style": {
				"navigationBarTitleText": "录像/集锦"
			}
		}, {
			"path": "pages/webview/webview",
			"style": {
				"navigationBarTitleText": "直播间",
				
				"app-plus": {
					"titleNView": {
						"titleSize": "12px"
						// "titleColor": "#000000"
					}
				}
			}
		}, {
			"path": "pages/index/speak",
			"style": {
				"navigationBarTitleText": "聊天"
			}
		}, {
			"path": "pages/index/player",
			"style": {
				"navigationStyle": "custom",
				"bounce": "none" // 关闭页面回弹效果
				// "navigationBarTitleText": "直播室"
			}
		}, {
			"path": "pages/tv/playTv", // 使用阿里播放器播放
			"style": {
				"navigationBarTitleText": "",
				"navigationStyle": "custom"
			}
		}, {
			"path": "pages/tv/playTv-iframe", // 使用iframe跳转
			"style": {
				"navigationBarTitleText": "",
				"navigationStyle": "custom"
			}
		}, {
			"path": "pages/tv/localTv",
			"style": {
				"navigationBarTitleText": ""
			}
		}, {
			"path": "pages/search/search",
			"style": {
				"navigationBarTitleText": "",
				"navigationStyle": "custom"
			}
		}, {
			"path": "pages/index/videoPlay",
			"style": {}
		}, {
			"path": "pages/index/newCustomTag",
			"style": {
				"navigationBarTitleText": "标签设置"
			}
		}
	    ,{
			"path" : "pages/webview/adWebview",
			"style": {
				"navigationBarTitleText": "广告"
			}
		}
		
        ,{
            "path" : "pages/mine/order/address",
            "style": {
            	"navigationBarTitleText": "收货地址"
            }
        }
        ,{
            "path" : "pages/mine/order/addressManage",
            "style": {
            	"navigationBarTitleText": "编辑收货地址"
            }
        }
        ,{
            "path" : "pages/mine/downloadApp",
            "style" : {
				"navigationBarTitleText": "下载App",
				"navigationStyle": "custom" // 取消原生导航栏
			}
        }
    ],
	// "condition": { //模式配置，仅开发期间生效
	// 	"current": 0, //当前激活的模式（list 的索引项）
	// 	"list": [{
	// 		"name": "test",
	// 		"path": "pages/video/video"
	// 		// "query": "interval=4000&autoplay=false" //启动参数，在页面的onLoad函数里面得到
	// 	}]
	// },
	"globalStyle": {
		"navigationBarTextStyle": "white",
		"navigationBarTitleText": "未定义",
		"navigationBarBackgroundColor": "#1B1B30",
		"bounce": "none", // 关闭页面回弹效果
		"backgroundColor": "#FFFFFF",
		"app-plus": {
			// adjustResize：软键盘弹出时，webview窗体高度挤压。屏幕高度=webview窗体高度+软键盘高度
		    "softinputMode": "adjustResize"
		}
	},
	"tabBar": {
		"color": "rgba(255,255,255,.6)",
		"selectedColor": "#FFFFFF",
		"borderStyle": "black",
		"backgroundColor": "#1B1B30",
		// #ifdef H5 || APP-PLUS
		// "height": "44px",
		// #endif
		"list": [{
				"pagePath": "pages/index/index",
				"iconPath": "static/images/tabBar_index.png",
				"selectedIconPath": "static/images/tabBar_index_s.png",
				"text": "首页"
			}, {
				"pagePath": "pages/lx/lx",
				"iconPath": "static/images/tabBar_lx.png",
				"selectedIconPath": "static/images/tabBar_lx_s.png",
				"text": "录像"
			}, {
				"pagePath": "pages/video/video",
				"iconPath": "static/images/tabBar_subscription.png",
				"selectedIconPath": "static/images/tabBar_subscription_s.png",
				"text": "视频"
			}, {
				"pagePath": "pages/news/news",
				"iconPath": "static/images/tabBar_message.png",
				"selectedIconPath": "static/images/tabBar_message_s.png",
				"text": "新闻"
			}, {
				"pagePath": "pages/tv/tv",
				"iconPath": "static/images/tabBar_tv.png",
				"selectedIconPath": "static/images/tabBar_tv_s.png",
				"text": "电视"
			}
			// ,{
			// 	"pagePath": "pages/mine/mine",
			// 	"iconPath": "static/images/tabBar_user.png",
			// 	"selectedIconPath": "static/images/tabBar_user_s.png"
			// 	// ,"text": "我的"
			// }
		]
	}
}
